Time,V1,V2,V3,V4,V5,V6,V7,V8,V9,V10,V11,V12,V13,V14,V15,V16,V17,V18,V19,V20,V21,V22,V23,V24,V25,V26,V27,V28,Amount,Class
136839.0,-4.02740585519823,2.68581047800914,-2.25731178643406,-0.518826760919158,-1.62270586421857,-1.6539917514818,-1.09049884034019,2.19946381847981,0.0735240963218768,0.640244497281633,0.674936066061295,1.98767593711462,0.311739849911743,1.50383354436502,-1.18255194966955,0.530282247898224,0.348787527218069,-0.377730452153668,-0.11760875462024,-0.385839559831805,-0.320392961958094,-0.448848361156011,0.803679448562992,0.53539858791234,-0.0626313721956288,0.123047674302077,0.0830786818505225,-0.293467550638525,12.99,0
153099.0,-0.359723676667638,0.769344929651757,0.504338628250786,2.35752006212363,3.02649455884498,4.80100633543148,-0.4158491375723,1.30227941601581,-1.56784287254495,0.957221982406994,-0.583351297464021,-0.54737049839367,-0.0897540766780397,0.0927463588022226,0.21403067030555,0.767447898358456,-0.717224304844341,-0.168060542915664,-0.697211459549382,0.0755552741581463,-0.0686148913553334,-0.397275258133836,0.21947738503957,0.623029000182119,-1.01964896264683,-0.263481156858778,0.23176311123506,0.217439699895144,5.99,0
2802.0,-0.677440480272607,0.838997987182817,1.08845052609712,-2.21455501052945,0.319763263997215,-0.827846787759757,1.02733085470109,-0.191758118926205,0.65918164906828,-0.734852084180794,1.88084381183892,1.37835647622436,0.213937616447807,0.133113060462303,0.371731953016562,-0.784838077246857,-0.50995717256122,-0.0636757098838476,-0.281510395246571,0.170002588584496,0.130732025867572,0.844027915318306,-0.24875217490393,0.241296228486979,0.0137033715545807,-0.837274564546651,0.360387355470711,0.0360833315288989,1.0,0
64622.0,0.953679525598677,-0.383688812663382,-0.131147751383267,0.537257462457426,-0.168743171264258,0.0538612711827692,0.0008566077921089,0.254314530427597,0.0566418690753429,0.0997348839548457,1.34460428226672,-0.482268532467777,-2.97905064840539,1.27076136279522,0.928788523241221,-0.244606824849186,0.194189364164597,-0.519807738318416,-0.559796263711321,-0.142751099988108,0.0785099870144392,-0.0795196558250159,-0.0669584826072792,-0.325494083146598,0.25580674397139,0.408307439995394,-0.0607363525896464,0.0005049139280682,106.51,0
127734.0,-2.48433283300901,2.83038284083183,-1.72184967880446,-1.67620189556239,0.680186299106903,-1.67812856587811,1.55658111542915,-0.335687788007665,1.23904749862818,2.87533968557485,1.19269199336738,0.942870120893701,0.0949707577342657,0.0829396732684074,-0.774976529660043,-0.733410905169158,-0.744412065578007,-0.14987537228723,-0.166247591514251,1.13566810974922,-0.0038336218815984,0.896312759005184,-0.0445146839671545,0.105189448549184,0.194868592703048,0.102051486367602,1.36153143638095,0.829304676097415,0.77,0
139534.0,-0.340566855568173,0.245908976811711,0.399496445422943,-1.50250979715103,2.51142446497541,4.13642461817152,0.0831155974058436,0.906428443471892,0.225330727811185,-0.69227597434206,-0.11448352016439,-0.0348589606352013,-0.215535782665419,-0.0931464453648911,1.02571825777944,-0.189457522826583,-0.597597720355317,-0.103759385799698,0.242951840342431,0.14804219807573,-0.156993681429673,-0.367398311312976,-0.0247050023238075,0.661544491514031,-0.307129422794788,-0.538795366793087,0.0058254844727045,-0.0801536102636676,31.53,0
56298.0,-1.72451755187297,1.44688318806267,0.922164663160241,0.459839284182484,0.436927079516996,-0.0789867086349617,1.31020146799676,-0.884019450560549,0.22691255824551,1.85935080951627,1.35314726516443,0.693268176428846,0.856703610901229,-0.593554833454286,0.445780271932999,-0.367114192779145,-0.950920174521961,0.43791991066958,0.882656062540401,0.0032970620033163,0.0685329702746081,0.724146440636614,-0.158938387416973,0.0364967422578746,-0.296285198634127,-0.547757017045755,-1.73438671367949,-0.559883554748996,38.77,0
8629.0,1.40611194750957,-1.05754325106471,1.11976970790293,-1.15554933388756,-1.8357146513727,-0.486776266101607,-1.44787706775619,-0.104402239851931,-0.603527884575274,1.19526681681473,2.37230069659225,-2.37412930507819,2.65352020815899,0.991684286063924,-0.684327976351637,-0.0580131066737866,0.897829144669357,1.02518139497297,-0.474028056483064,-0.287322282229678,-0.0729169244136449,0.420016430270623,-0.0295169998309498,0.491736057668758,0.301683462921596,-0.11907562993463,0.0257847870324494,0.0171328389704875,29.99,0
125129.0,-1.21811702070736,0.875187855782853,-0.233000669816603,-0.559529723651846,1.52485327504439,-0.781487661533877,1.80456724972836,-1.37684845762651,0.921204285509809,1.17435178043929,1.33866411928109,-0.167708015325679,-0.241099150686058,-1.9118343612058,0.270985671793261,-0.0886071021556762,-0.332281240755446,1.1792799875422,0.378289032116307,-0.113983087633907,0.13277962552299,1.25766882107845,-0.192614373148454,-0.404423475377911,-0.531671257306777,-0.356407467185702,-1.42731334723142,-0.332208660968703,15.0,0
149327.0,1.92613500024538,-0.0768081265742977,-1.81657601084709,1.23204917337083,0.506623870222054,-0.614542910236873,0.495230177615736,-0.177274485195651,0.181077030839464,0.448730903418375,0.125888428756148,0.121234403646186,-1.70256524268283,1.00173711191238,-1.0271410712855,-0.353545855157182,-0.439217082012145,0.149887279261688,0.211572785526501,-0.278238338921844,0.0861263645072686,0.272285164160096,-0.0859343952513082,-0.497451710646476,0.416253353965055,-0.482176905552019,-0.0368386714191177,-0.0715107085112438,53.46,0
133246.0,2.01467940547916,0.138803277215264,-1.65561766714382,0.782262242760215,0.162730223334436,-1.13264637460262,0.131784559524038,-0.29966129399232,0.726770021374468,-0.7010725187258,-0.438010171802953,0.461416394189628,0.475449463457785,-1.82326656640937,-0.446817996410381,0.0319374951730557,1.25181171009489,0.0149848362536392,-0.190922787811864,-0.137310035683604,-0.01730451206408,0.298259658414559,0.0285872882274827,-0.0888175021447581,0.098845866025558,0.640601910804198,-0.0342440576682106,-0.0286027917971427,10.0,0
143286.0,-0.167698868488111,1.17698789083903,-0.921745584418554,-0.612650304218192,0.810189017016452,-0.494512554852611,0.634290487926115,0.268690575101223,-0.128595052741533,-0.505750746439964,-1.74530333411986,-0.231393682678881,0.0703982699557808,0.710552601863689,0.526293910836165,-0.0855095222634949,-0.57471537257647,0.477297355712896,0.309216049198546,-0.0905946747499899,0.357801430137992,1.1347429496243,-0.130799665540058,0.118822547257392,-0.659643131665717,-0.210244181873941,0.378862791173182,0.259077857562836,1.79,0
155395.0,-0.0552672712651063,0.398448780493569,-0.675387114825867,-1.45608206994728,1.32352871083797,-1.14959049836151,0.945604695161831,-0.23952991091068,0.107156767761809,-0.500158856846052,0.151525519024393,0.851916873693999,0.291233380148968,0.399146738229742,-1.33416205689707,0.557071358359547,-1.64156751992868,0.611976612283599,-1.25676798813594,-0.366636640011023,0.552241018700615,1.59919594888348,0.0144746183104345,-0.460393236718087,-1.45192013078475,-0.65331214675046,0.173766857480241,0.379809456559549,1.0,0
55543.0,-0.548780631275194,0.982229187948861,1.78613070070716,0.935384366639831,0.570815832335081,0.801894065752941,0.559777578405005,0.151783387904476,-0.415362508360442,-0.578582493974539,-1.29442401307628,0.418319428144774,1.00906468897811,-0.420414562690858,-0.0282193823325206,-0.885654436733366,0.224072305665437,-0.433708478877303,0.805747574745608,0.0896969099258081,-0.0174021313148253,0.262019871905641,-0.482676735361269,-0.711433290515734,0.639430962859476,-0.0596649060513268,0.117786429771359,0.0663177774892389,8.36,0
73801.0,1.42592539274859,-1.00850189645701,0.353084342172042,-1.46671353610236,-1.34675260590195,-0.544010724984142,-0.934073690225622,0.0508248400623157,-2.12926057760504,1.59339399868749,1.52695704738758,-0.692347013224272,-1.09877418026435,0.382096905513211,0.187625301989126,-0.521381790689783,0.743396386663898,-0.429335113065854,-0.11176271422149,-0.451222882595315,-0.569582930473739,-1.41140059793133,0.350967449859916,0.103862925630696,-0.0910193975770771,-0.637566542044328,0.0213262996912584,0.0102452507543416,13.95,0
125891.0,-0.850230253301754,-0.251427475896326,0.420254396172767,3.1089538102832,-0.169039809536855,1.45680961975582,1.73106266708512,0.281532519711675,-1.10233424201238,0.512726369551094,-0.576049004434543,-0.613081523630329,-1.84055925467083,0.158843596637948,-3.01056021667151,0.726750104978913,-0.754366765133171,0.571337026441752,-1.29213615400506,0.535681977229088,0.529604559806581,0.877660548092771,0.934719832909074,0.677594574028191,-0.849045780604353,-0.141428452761203,0.104977857773469,0.293003069116442,398.62,0
73885.0,-2.5438169747597,2.64580574337396,0.411662802860707,2.64718459505946,-1.50115153506441,0.577798006088684,-1.45337930300178,2.19022659662979,-1.40270877525536,1.02088532783203,0.659043061729419,0.47458107405683,-0.487001314385658,1.49559791691534,1.02790922181776,0.553131912102274,0.591253769532192,0.719908345194455,0.380627773152937,0.154952514875621,0.339720197800383,0.747658936522833,0.0364555065203332,-0.0024129279098494,-0.0945853548736338,0.363226853353299,0.226313169337794,0.103620549918763,10.59,0
78989.0,1.25887337129346,0.950574725245747,-3.21337768062761,0.487066328289701,3.33131453389626,2.43968910321607,0.215017319383152,0.616753590672856,-0.558962140738798,-1.49629912955787,1.02195089549547,-0.734410640207901,-0.330659589770234,-3.20248243330934,1.27878357775002,1.37264016200608,2.2164319861144,1.80204938755672,-0.471357235907654,0.125047538700483,-0.251620680706058,-0.835500124928152,-0.262171665631092,0.675733957564264,1.00379509378878,-0.281107443353275,0.0369161345425888,0.0939148221415354,23.99,0
62207.0,-1.25223262618387,-0.835016617036616,0.399047190314935,-1.31219079178486,-0.681884045547724,0.845846850406636,2.22094512328726,-0.092227125505513,-2.27808504359764,-0.265033105440141,0.62048267004658,0.476092505779195,1.06240738334439,0.241467751375707,-0.446763642363698,-1.06384610950418,-0.615851356348009,0.96585352658947,-1.07192303763967,0.565781859104157,-0.378078796941158,-1.54842608001701,1.09210787139388,-0.921248918217159,-0.0897531621982264,-0.025984253599913,-0.108551264344202,0.122889093094577,475.28,0
128533.0,-5.00851331484097,-2.08856889919054,-3.07347385974314,-0.202499397707782,-1.68006658949558,1.10891018564468,0.0934662639841405,1.73123514378308,-0.895164102712058,-0.0968948586796309,-1.19520462804578,0.312390141881023,0.108830961445822,1.38136168058695,1.03792805591268,-2.19383052604024,1.49526536506436,0.323195047070907,-1.89495691494865,-0.354743006830263,0.112152971623582,0.567040813871899,-1.13944491072626,-0.138096073024935,-0.399970405506685,0.0259676706809067,0.603241727577646,-0.344898213319034,340.0,0
67969.0,-0.821439160378266,1.26233557818353,0.372881284581468,-0.344123225807061,0.44772081888185,0.440864344946171,0.154014198408282,0.69313506162285,-0.621495500572369,-0.493950368311723,0.458740398417867,0.258470207479799,-0.105530536757569,0.0820259424758959,0.544162334387273,0.759417988678603,-0.206618890942922,0.368750363467728,0.28167585117708,-0.0208345912658648,-0.20793799345685,-0.718999107511052,-0.0526006972802396,-1.21287195269716,-0.102706530029204,0.148304036670725,-0.0005951743830718,0.0026779053372399,13.98,0
143934.0,1.89004367977262,-0.664707514616887,-0.800279785103165,-0.0446413532933919,0.38939253368247,1.93534591824246,-1.0441981078014,0.647317019088985,1.04659356352066,0.0567967151727092,0.652979193122461,0.847268801030777,-0.171662906816294,0.0475601024670709,0.502153231542942,-0.165681410423566,-0.145344595986177,-0.55094378568306,-0.771512363069908,-0.254514600406711,0.269878624169741,1.04057742122251,0.162559323282054,-0.888726950222993,-0.364760804150983,0.696356624779588,0.0163228893185749,-0.0712103568104984,4.77,0
47921.0,-2.19531733836281,1.71433939227458,0.486823462380352,-1.13776030365767,-1.4811497850705,-1.48622045090612,-0.499054129043091,1.27837876115014,-0.0144930621902382,-0.762463500503376,-0.749575242145968,0.0585746389594496,-0.817379660649812,0.964444332228928,0.511066664429189,0.886463479147579,-0.0170933741437094,-0.254472614614535,-0.872031462066945,-0.138678850250318,-0.0174021207748423,-0.280025913727755,0.202407037445078,0.711676662564294,-0.233564364354469,0.720710047569004,0.123341814366443,0.0531045407124281,7.68,0
71941.0,-0.854743005496309,1.40956772420545,0.840793380186028,-0.526831070156718,0.5988498589009,0.543825543260973,0.0720322582312676,-1.4361299690209,-0.533149202064545,-0.019794358329615,0.186970150661382,0.689741552180015,0.845532294884329,0.170359992160113,0.135634329780946,0.769962516772714,-1.05147592460306,0.527450581632279,0.779946346604403,-0.135217865218535,1.26794870722624,-1.19566779352488,0.0181527153648239,-1.05927909746666,0.020159886908282,0.148556304209519,0.336040513601743,0.113094564195661,2.68,0
83049.0,1.23570189109012,-0.0491015418565263,-1.48112642737743,-0.0852922143663594,2.11805574825874,3.4632567272819,-0.646277071454708,0.899845610840085,0.46002869975184,-0.718581072767986,-0.159563847447684,0.0104097055703792,-0.24779061894231,-1.41510562908562,-0.0420866674873126,0.433321551286739,0.637175486080502,0.486440916137837,0.35211775089332,0.0700716962936129,-0.227713183539779,-0.590564186197719,-0.139680495620436,0.942503034626539,0.702238447912388,0.42552441325106,0.0015228396260268,0.0380710765482933,22.92,0
77703.0,-0.892947334891902,-0.621096053266272,1.54671677677858,-0.401323572826089,-1.53590184719284,0.41972294489931,-1.29075200771318,-2.29630591194088,0.976555122613631,-1.6734894206083,-0.970623345471993,-0.59317719478098,-3.25626532971669,0.495389498096275,-0.374200369020915,0.144218367651582,0.523226919014971,-0.836717046760966,-1.13432472152944,0.796393039149579,-1.34548759479066,-0.367034744779902,-0.157365966067637,0.40127504465926,0.506811495720412,0.86925709487127,-0.0722412793666475,0.231545091622074,253.92,0
56309.0,1.19841262269962,0.0123940962555693,0.0275237603672459,0.123216856497631,-0.418664729000651,-1.30723454921781,0.365043433156413,-0.311096409548865,-0.0224579829771154,-0.150314471929191,-0.206188813279271,0.0905875882730671,-0.307949858021944,0.504649710029011,0.89529758825248,0.139908782380291,-0.1808656024588,-0.957522607530658,0.265218554820347,0.0111987387988616,-0.415939554387526,-1.38803108496057,0.166864967054268,0.399423118540006,0.0694990685175886,0.617530967409538,-0.11323648011126,0.0122389372825189,59.99,0
91680.0,1.67042850138517,-2.37047145059429,-0.682459251445548,-1.08379327831926,0.229332091999098,4.99625376033405,-2.56486194628969,1.29493669351026,2.74763421961526,-0.0763807398361426,0.0214382343254513,-2.44262024539845,1.62820628556905,-0.0677176063711014,-2.10499583095326,0.612203176078806,1.37764927184875,-0.936404901288869,0.501421849261243,0.362988851215167,0.250920846145858,0.918317905796244,0.0064053877935379,0.73077891361887,-0.296285069954469,-0.0160998583118994,0.0517608462521207,-0.0128185348608668,200.0,0
115011.0,-1.32139093434397,0.0234904117116897,0.49411022981493,-0.679562817135412,2.20047631617723,1.2630580213064,0.323510817726987,0.483040592623333,-0.451170402882671,-0.625527930609313,0.800305387332648,0.0581032738587333,-0.836449862916863,0.800848041844485,1.40199872032628,-1.08754794117069,0.143977505431728,-0.138837182453201,0.225498444027198,-0.0921037758288831,0.355343932920116,1.10849814651478,-0.219132809396008,-0.935248980802009,0.940431002909442,-0.0700571793302599,-0.024909852582564,0.0680396009049414,1.0,0
155440.0,-0.425294762989182,0.478009596045083,1.62908774733899,0.471706584088917,-0.0832136713274216,0.667631139583739,0.370209680097106,0.241763604366043,0.208688014187716,-0.611769603444565,-1.493027481997,-0.321489615246895,-0.0134156694884254,-0.263893317898221,0.599967389477592,0.477277516923027,-0.792582564667929,0.676914028091351,-0.147669767205638,0.118323495281705,0.161285259527409,0.380460970012262,0.0914229032939381,0.420740279522938,-0.426968685298598,-0.732545595589781,0.203675438482808,0.200067842588015,90.0,0
124080.0,-0.690986116615551,-0.0261843131812638,-0.747408654862989,-2.880042413903,-1.67183120707792,0.632984062326851,0.138855766596396,-3.62905168173233,-0.402380131515666,-0.132726579902856,0.199589377129547,0.71686762184484,-0.0009198690882157,0.250681320065204,-1.35673110173821,-0.638933673584418,-0.721823984140129,1.31968295376835,-1.65775458661017,-1.72347026990916,2.57126751459172,-1.66699881787383,-1.29324266729467,-0.315574901225593,0.364289869048968,0.739347712861557,0.609708148506573,0.108234516141771,448.95,0
51438.0,-0.684742910358446,0.633969564288666,1.40850508849419,1.32730423006555,-0.102743124912087,0.412947529477854,0.806492951191059,0.113964622414776,-0.575719045450474,-0.0600151354123017,1.206474390303,0.714245816617801,-0.557951679906303,0.27498810390975,-0.447896414686193,-1.03020646624321,0.443766894318512,-0.196082248747214,0.978374300831508,-0.0721180184755259,0.0725281864447208,0.453844509980889,0.115734277819697,0.22875948264506,-0.223705722122851,-0.281611953272864,0.117185684811127,0.092614118138981,90.97,0
63030.0,-1.19903984950527,-0.11337498438814,3.03574394267535,0.50224168039867,0.384719426748716,2.0092555847893,-0.413121080337784,0.572836897863971,0.657908738416105,-0.200076943463337,-1.42099302985199,0.614525213890333,0.744666143886108,-1.79667994602908,-3.1730833926227,0.993092075870702,-1.14196527336006,0.712831677024885,-0.11535518100305,0.367218839528399,-0.0226595695540908,0.409492673315537,-0.490668006194991,-1.28084212670045,0.612259946929406,1.12965361933952,0.081817536283909,-0.113014035742826,49.07,0
29814.0,1.33284931179458,0.389198249184276,-2.16559660467804,-0.306872623831362,2.6413512514436,2.80808376427436,-0.171626636099457,0.683351733616692,-0.29796200128389,-0.652096600406493,0.418002664896219,-0.322436923729675,-0.143469154599387,-1.15452429586619,1.157633713505,0.878174917750572,0.536917519702814,0.712873012618197,0.0067735552253612,0.0536071193018422,-0.207432404472897,-0.692416684181818,-0.118597511644349,0.891479667860564,0.730240364330148,0.384013445762976,-0.0284652724675567,0.0361233094119335,0.76,0
81152.0,-1.08817628714169,2.03354605014611,-0.139528354327387,1.00147614707202,0.210347090877002,-0.155494297544368,-0.876505936633209,-2.12709496769907,-1.26882897988598,-1.41712608269852,1.03039111630138,0.166107280314368,-0.976067461921165,-0.326937698277147,0.466364024051768,0.831126701095294,1.11743666983871,1.62098461433256,0.423354380597497,0.521202442222404,-1.12903381943365,0.622889215490209,-0.110519304276469,-0.159177991152783,-0.348205635481613,-0.346346907166655,0.0326982191617214,0.165151859272499,1.0,0
68201.0,1.05250724684712,0.378282181996372,1.15549401968404,2.39227083657113,-0.313330203743662,0.384462911419019,-0.356218200745996,0.229447399022195,-0.819414149849103,0.777742309323739,1.60076623153141,1.02365450668242,0.576305956040021,0.189480803614496,0.235202234522545,0.750388840305662,-0.691423740264352,0.006898096957129,-1.37175264797495,-0.116569504791038,0.243944826916529,0.707395467871555,-0.0280449777824846,0.240134930307206,0.323379170941621,0.0944536234810933,0.0286730431811161,0.0205117040994877,10.59,0
65510.0,1.35297492795774,-0.605294353611485,0.45454340423066,-0.708395312018117,-1.04344853954321,-0.743267386582084,-0.601881324665257,-0.173296080245493,-0.70081747721684,0.592112715586499,-0.51059327232706,-0.5515129568555,0.56792157731429,-0.300023169593224,0.874703407251363,1.36212752923323,0.0369537455906416,-1.23212011479931,0.596472031853433,0.181429412044426,0.108636290036948,0.157270319043634,-0.0631720261324482,0.0535162145437729,0.406288355093829,-0.265832673146601,0.0100391531054276,0.0250850816855062,47.85,0
40812.0,-0.563739125566935,-0.87283416913629,2.60335475889615,0.335416762566342,-2.58737330607886,0.426771388580229,-0.120906006443893,0.134631851490722,-0.472972288580839,0.09188773515385,-0.520310705738745,-0.539905500648029,0.0355249448735896,-1.10330393314305,-0.10988371840052,-0.063238849846498,1.50777665250386,-0.946170085343855,2.36473386578194,0.858842126201306,0.461266407994657,1.18456540713638,0.452937060456086,0.962627891032909,-0.276196168705339,0.0915249283449327,0.134641009509188,0.166559089423969,259.55,0
52428.0,-2.84594385814662,-1.31141065545736,1.60804070953696,-2.33449011089317,-2.76498231185323,1.94496228859329,-0.10290334994278,-2.59190882949582,2.08995114860338,-2.89516518852825,0.49988966977357,1.43288377629539,-1.18406603136993,-0.549634395809394,-1.64059330492647,0.0511750486975215,-0.0399913995531724,0.132984635070417,-0.711245253732882,-0.422026983993257,-1.32228305326874,1.08890383178841,-2.47940749177638,0.287590084431857,-0.0325190942832141,-0.0316178670022691,0.720258917788816,-0.198950911324881,800.0,0
61683.0,0.374436393196806,1.91741303219178,-1.96727611188307,1.79916542621556,0.583054479070628,-1.73828658756757,0.597941140396179,0.218891385611103,-0.628312992599244,-1.47948321347774,1.34617520013986,0.0125700739438137,0.213703821435609,-3.23906878557211,1.20784961573263,0.49255879760534,3.43885181424526,0.877544436392683,-0.981431350854328,-0.0140058718419749,-0.0319907658333634,0.0718860558083311,0.249006284175626,0.270155937925619,-0.561103067569299,-0.403720014785694,0.148920347806439,-0.0435472521554411,11.47,0
81205.0,-1.42348498941294,0.53564743696047,1.65605277288405,1.86979431350578,2.17142616293525,0.691545929584791,0.459885629775878,0.428092591705072,-1.88402518316734,0.0279378354075047,0.667647360253483,0.367661120221842,0.371262147203175,0.480061419441353,1.09182298709621,-1.21604913946295,0.891524942171036,-2.41556276179807,-2.30605631831093,0.0569247990345168,0.257833614711696,0.582811579631872,-0.0793538194843366,-0.613133912250081,0.338722564445099,0.207111247876303,0.0440248197427894,0.0652483915792953,7.57,0
93798.0,1.963076353947,0.761481490095839,-0.695665074119333,3.90085490035987,0.564233126061046,-0.388570679537347,0.243058976933115,-0.305132044224686,0.169108359121165,1.18009328889572,-0.293535304085334,-2.95126375706698,1.6676348305906,1.84929113409387,-1.04024623904266,0.921087752882318,-0.239703913664746,0.10168210384436,-1.88983267337262,-0.332466903903995,0.0677395136614976,0.454708497055667,0.0560256976819216,-0.183338574698333,0.121210052912539,0.100940697856759,-0.0732898726466748,-0.0599673538464511,4.58,0
152398.0,1.90021286932189,0.404117181122938,-1.33555878010367,3.63514470051398,0.759444715586009,0.175172842120485,0.261595177004634,0.0937741005323997,-1.0497482656263,1.73990401827439,0.021165984704499,-0.973154917585197,-2.7178821096207,1.10799780646408,-1.46954134180861,0.650337737671413,-0.663095271861675,0.287973497426082,-1.26283488347878,-0.419683785033027,0.294426300631665,0.754030407674114,-0.015187276878631,0.657641491644813,0.310233518363185,0.250749452172988,-0.0862605987228403,-0.0712753705676865,15.13,0
150238.0,2.04321224714792,0.127270689793337,-2.03479821294251,1.02661683433145,1.01463280340204,-0.195330987637018,0.538456065206678,-0.21126648043028,-8.41017265010291e-05,0.420856323719789,-0.230221512937617,0.708879835398782,-0.0517514178587014,0.646725253602328,-1.14957127567471,-0.228827941178847,-0.779044230307422,0.179561561439884,0.472573232630472,-0.228415739692549,0.0372729609482477,0.289322998483927,-0.159009782096189,-1.14872589566053,0.573173176887518,-0.440789286808133,-0.0211170471578118,-0.0812819824300142,18.61,0
84169.0,-0.573963126063187,0.0367466020393772,2.14710973622267,0.11282576256321,-0.569155310168706,0.571345237455898,-0.114244852907634,0.326916755807281,-0.194607532601122,-0.389409633701215,1.37197628290726,1.09554725538787,0.782813449324075,-0.273462381682646,0.47820224988908,-0.244292781506953,0.0964748804673814,0.179294373114253,0.975099490733714,0.361809132283627,0.333886531041527,0.984276577345413,0.0915430080243567,0.12793165038967,-0.643771118134793,1.18768048777328,0.095987862290738,0.139001512095066,84.38,0
151135.0,-0.479033833457664,1.30926284803585,-1.02498369309289,-0.746663387357708,0.781591928235574,-0.312176434585088,0.451550072433735,0.546677315708933,-0.190299877857552,-0.57634293481073,0.53257138362435,0.39938894946116,-0.411953773589966,-0.498528827835378,-0.836284856072962,0.700721399213305,0.225712555469859,0.387251478816274,0.0928898610086829,0.0284654414445456,-0.300586293783821,-0.839918511286013,0.110723084472367,0.101182537364662,-0.358996354791952,0.130572198159936,0.203594667803612,0.0606347639543792,8.96,0
133863.0,-1.13828460742219,0.152521436120593,1.46875978450854,-1.06170254849173,0.437636084903831,0.744244250629089,0.569647448460277,0.12680990536516,-1.67466853012857,0.0349975489006543,0.105864649047426,0.636168687846921,1.19836138603777,-0.299842338292102,-1.11875955195194,-0.919349728119803,-1.00153329577331,1.86731041228823,-1.40582646002128,-0.448864662280874,-0.270324856091724,-0.374726242598491,-0.334149605034011,0.176725223173016,0.786827073512346,-0.66678949601225,-0.0328316319465277,0.0828355022865351,100.0,0
127342.0,1.88076640029058,0.666992116982829,-0.40570911409046,3.94404734509455,-0.0198743526025108,-1.02957133940287,0.362393309948443,-0.292198076713377,-1.18799272678228,1.54759460421029,-0.310428055998172,-0.0992525152945797,-0.150379454293126,0.477051878945785,-0.378800106456243,0.647336293705318,-0.594097161024179,-0.510732106154109,-2.07954374608555,-0.316326295134541,0.288539231163413,0.83107271414636,0.170007658922989,0.919384184995873,0.0045237747143055,0.0747122753514394,-0.0457617341375248,-0.0424583617476517,7.7,0
87983.0,-0.669307812837863,0.421314653967282,1.28894421959261,-0.673315317346902,0.945095622959258,-0.878003965566005,1.6838146949095,-0.770914953106189,-0.273309478928306,-0.383441827515204,-0.514277179174444,0.436718744141815,1.14274132320242,-0.576922818797459,-0.264622382550303,-0.270792487722,-0.643764793845751,-0.915855001402939,0.100988198081352,0.0738847082922562,-0.415131824242465,-0.743295897980096,-0.0122409676244138,0.002692735712446,0.669953280879098,0.266309128767431,-0.531486655010509,-0.559479829471026,49.99,0
87048.0,-0.871195223394347,1.44370382928551,-0.362136019710911,-1.64617753562986,1.73045390325109,-0.915261528722474,1.64070436316945,-0.650216889107583,0.229358993224297,-0.804977913636037,-1.2553048883685,0.0413084126903823,1.35176203373784,-1.62109588949106,-0.237681210170121,0.71679445172248,-0.724181991392416,0.619919577120692,-1.34148267340673,-0.0310450604690574,0.189690222221227,0.771017447173358,-0.586121132109446,-1.04481956451095,0.382258028860589,-0.344719961623624,-0.33138439155193,0.0117785262793414,4.37,0
80445.0,0.462191117251026,-1.4229882975556,1.30076962460769,0.889946103560333,-0.76752984534671,2.65082837901673,-1.1184165434821,0.908382042418974,1.26402384226096,-0.581773830489683,1.5039369814184,1.97836499407972,0.181005472147343,-0.695931145483394,-0.713653211096071,-1.35587388713259,1.20081828681833,-1.79181901386993,-1.03067441723373,0.254474668351028,0.237262400099403,0.72218992101064,-0.138324366800561,-0.916237350399844,-0.0682873774854182,0.651632445199195,0.0659465749866251,0.0426128331006311,240.8,0
41243.0,1.26346015366783,-0.0242011306727059,-1.11667613404289,-0.0319400259987534,2.08163960238029,3.43272814536563,-0.540777396314845,0.820894808820905,0.0073084335280557,0.0590997396782662,-0.216046608924039,0.0126779435735228,0.0263311440121533,0.400083397987935,1.1915686772822,0.471917559967944,-0.979574382506973,0.525615018310434,-0.120428904888864,0.0120461678023386,0.11911409050254,0.243531502448452,-0.206283607919145,1.02415486767189,0.876836424142589,-0.194398076838583,0.0261586495986091,0.0178717239585763,16.54,0
156078.0,-0.514113295735151,-0.248887832587308,0.0850515894143083,-2.50171514726282,0.13862837819361,0.331491301603502,-0.628687432566114,0.686637826989812,-0.857598897595175,-0.181655802959173,-0.680584258200021,-0.636452866875215,-0.283008456387585,-0.039151945365278,-1.22284564805915,2.01850907711117,-0.660984662593447,-0.0522721525173853,0.431155303894727,-0.0321006448302104,0.493713319304889,1.09841993133981,-0.136774761779121,-0.335150504937758,-0.603522055016393,-0.299429317981608,0.0764763713798674,0.0964910544450089,19.95,0
44720.0,1.03671517608941,-0.0825215276541301,0.0152284965374077,0.307758001230665,0.469960205641113,1.43261756856352,-0.490549963426841,0.679252152644409,0.0882841358120158,-0.247193664448227,1.94208310727358,0.0954651743440615,-1.92764625233471,0.419607323962214,1.73346132510111,-0.39659781150688,0.944038626351262,-1.38581692262416,-1.32205671373252,-0.314537322504248,-0.158090936637206,-0.4545882957866,0.222308424107289,-1.44628321260201,-0.155937842049548,0.232476901387564,0.0294941329820794,-0.0008282528499633,7.99,0
74174.0,1.23825112337949,-0.287396941508378,0.0527767644957862,0.19894432196822,-0.173361288072494,0.302149597945894,-0.319235513696815,0.152271451134575,0.675870108590946,-0.114851898861327,-0.250546615048093,0.300048116444687,-0.868350269451731,0.113184440362827,-0.850292161418326,0.190506069644879,-0.485938102157695,0.380672332161192,1.04925302864704,-0.0768766877033802,-0.120458908835155,-0.219051784098073,-0.243749621070966,-0.77283504872063,0.625363156634148,0.726762731541873,-0.0488643434851657,-0.0133736666649026,27.83,0
168687.0,2.06136850549472,0.0457903747544959,-1.76160056286115,0.264950184450997,0.569283358505358,-0.764321509426209,0.484736632600787,-0.315270151940365,0.235729091015389,0.0768342553713891,0.630349057787764,1.45384284861887,0.587328447103811,0.501449125245016,-1.0276282766909,-0.594717605118945,-0.470130140289875,-0.202454307893359,0.596850178715777,-0.210084885708045,0.0348403843439067,0.369720520071694,-0.0286143269254419,-0.416919013699518,0.39860189179481,-0.212642002376512,-0.0312608201503085,-0.0802293382011672,1.0,0
30024.0,0.436154450644599,-1.05041228091934,1.09009056458736,3.20632804190834,-1.24442536696686,0.494046347736424,-0.201187001764879,0.161757652580309,0.547710077122831,0.246230904794945,-1.49897034860107,-0.112693922894818,-0.917211887019309,-0.474518902938875,-1.3488237386221,0.116130368135489,0.0631819729220817,-0.133433023413036,-0.672297060362882,0.470187987172415,0.223156177517087,0.167514131710612,-0.426888679771721,0.435962859234377,0.459822928346585,0.178432618170022,-0.0230224442075529,0.0861198062768699,350.27,0
47201.0,1.18361909883872,-0.217758689473093,0.651168222370173,-0.167631186139882,-0.769686312903362,-0.379710608679831,-0.482142375769561,0.188201698914899,0.333223182194266,-0.0461443282687466,1.63297758726364,0.308212720606753,-1.43181585778411,0.649558803140397,0.94421773671956,0.317331914291973,-0.181171020103457,-0.264586317083322,-0.107135684045596,-0.185440387133463,-0.0581928153856416,-0.224766594584376,0.157302517905479,0.247848720269442,-0.0602075853842434,0.908870067858667,-0.0669341611941482,-0.005279787472745,1.31,0
114634.0,2.18553491848239,-1.6349752891114,-0.838404951954081,-1.59221419066866,-1.46180448389102,-0.481117030533727,-1.2890069829672,-0.0318147558134419,-1.1719397282506,1.7444364468126,0.213054814274057,-0.755664564750674,-0.668072027417662,-0.095609531236374,-0.681003649239812,-0.158395062302646,0.168791598362051,0.687929654298882,0.216572144891206,-0.408028001973362,-0.115857106461637,0.0229454363101118,0.18045893667059,-0.383417463902589,-0.291797660215936,-0.178258092814994,0.0024210590088128,-0.0551701607819624,55.5,0
83294.0,-0.496203931857938,0.0385085987005691,1.27108299651737,-1.58241688107852,-0.587513840555727,-1.0917813332064,0.496485669841869,-0.0093008003178503,0.455037826181295,-1.108233954482,1.40023966385798,0.16348824109983,-1.65010519576735,0.809687095694911,1.26825396956595,-0.627764703510663,0.0285478296898838,0.73270225755591,1.74688957598819,0.16035538318797,0.156979342778309,0.289232819064642,0.038124062424268,0.534052102940996,-0.272869338159996,0.0182461774611482,0.0822268755743402,0.125808722551652,71.24,0
140336.0,-1.92414802534099,-0.822140017888652,0.656593238995124,-1.46504358954285,0.905518888953457,-0.522329547794326,1.86616545538359,-0.649473937788059,0.65807134548353,-0.439256135363049,0.393797377179484,0.557506899116341,-0.412668107407776,-0.423325293621166,-1.79342622968103,0.137422100609962,-1.23031839967646,-0.0979272270166002,-0.456092424036098,-0.221661476460701,-0.315135329071767,-0.201491491170254,-0.331239315072549,-0.30127866304183,0.307578404276266,-0.311546855506599,-0.198388810009471,-0.0638391496201684,267.38,0
169994.0,-2.85319461659723,2.59085517834913,-0.858243887513707,-1.86727862672713,1.56867310825805,1.19038784465995,-1.14036990920906,-8.54997162986571,0.882133003004657,0.340174290143795,0.754681828057136,0.906471324953361,-0.299264994350368,-1.27745009881587,-1.69790481874884,0.753250626515726,-0.102549474648411,0.22764998776802,-1.07156884621376,-1.8330028760219,7.27306367001984,-3.13439796296667,0.942051175238673,-0.0142600169512962,-0.724561334047632,-0.195707974920844,-0.252618261202821,-0.323758055252335,1.98,0
59240.0,-1.13878738339699,1.37199168943856,1.71532661543033,-0.518071366378928,0.882333941802154,-0.445006780176968,1.89444890095881,-1.34816639453252,1.95420816802948,2.81958737586837,0.593145811836373,-1.16440489263317,-1.20528564573243,-2.06363358997395,1.57885845115749,-0.557196107282878,-0.430582101220925,-0.742399558564615,-0.590150291035029,1.24034910135129,-0.805439542137601,-0.614845223613937,-0.18107482124305,-0.0279282818655817,-0.143443421387623,-0.0653199486172392,-0.264294713426995,-1.05288842792862,10.78,0
68940.0,-0.859407795378765,0.36225854127045,-0.257749216735442,-1.80694757320731,0.819692981409117,3.85396967212932,-1.72392347020202,1.8615115084699,-1.18125653400173,-0.065513598092857,-0.873472185691781,-0.58888185241617,0.214509490499629,-0.043872708580246,0.0309839463473087,1.02100532215829,0.617911757979745,-0.465628734116136,1.85118249571622,0.0749895454025712,0.425875728892148,0.922954462785516,-0.201619776333865,1.07114782975641,0.03585347506095,0.032264976293307,-0.207168700714051,0.0072735028116883,1.0,0
96970.0,-0.503750571016508,0.303871603016679,0.959130528561627,4.99657891957551,0.915646769715215,1.07971274485605,0.223877632409919,0.118468553931022,-0.557848680905719,1.32746647202579,1.43550994735554,-2.42425883030814,1.70594904497155,1.5113878391227,-1.43487354713532,-0.280442787163572,0.916434799015092,0.70247386678209,1.40986490536753,-0.0154418273558243,-0.144426439391577,0.185823134016211,0.567031340780572,0.705943379802686,1.02613025475063,0.613343491340838,-0.217788511926685,-0.412965105441048,74.91,0
168711.0,-0.843101718631772,0.440230056713132,2.41948791953616,0.174551669083192,-0.412559782759906,-0.0271088389197252,-0.0735074941822625,0.169680553311789,0.207430815521486,-0.525593522128393,-0.969467378824361,-0.485579565625171,-0.465300430778956,-0.208401892337758,1.26881976881547,0.112478328129432,-0.159643953135001,0.326608286738411,0.695873560683203,0.0676839835616348,0.0478647112481949,0.118205434982248,-0.236515994257635,-0.0046467756848509,0.0741691656029477,0.458701860625319,-0.0822518310307304,0.116162580149404,23.95,0
46355.0,-0.874982586289578,0.424393108513523,2.29969604792149,0.151090224052582,-0.247039568840779,1.07414458866018,0.350843831751147,0.322012861798467,-0.413821095329201,-0.598544147846432,0.177357302898394,0.563633378401342,1.18166897840136,-0.306196317960029,0.713705756817509,1.13925590236137,-1.43199825494839,1.59809171174474,0.161377266905468,0.380273483636102,0.36573279977511,0.850436717058624,-0.235094822674815,-0.821480394689804,0.489844071692982,-0.172603237304429,0.0726758101115382,0.0806688312879157,130.57,0
35537.0,1.27813258631478,-0.184548525666988,-0.0412917542299244,-0.276659825247128,-0.171375921789838,-0.209179009188486,-0.197117449593509,0.0252534319916711,0.513412048397309,-0.212668087796411,-0.968151292400329,-0.599757128331421,-0.946464239150892,0.425676378311739,1.54218578709376,0.253249625714262,-0.25097481303527,-0.508342794743977,0.0307168429880794,-0.1146703777279,-0.124778633436116,-0.387711452799495,-0.0408001706859215,-0.73411918155329,0.245879312829661,1.06384595258631,-0.0777103508728586,-0.0078449829870346,20.0,0
64596.0,1.15702864367918,0.274858984908849,0.387850431554148,0.573216567460878,-0.209965752645369,-0.390377076551126,-0.0786458836863365,0.0592335460250262,-0.270852776529482,-0.163058019411139,2.06465740462193,1.16741101202161,0.258135176561123,-0.0848163370442117,0.611612445049256,0.315169077565509,0.0862541386715086,-0.340185953893675,-0.34474561715021,-0.0979758133311709,-0.193257380887924,-0.551314232977071,0.169881436020852,0.188678225001775,0.092089842519772,0.0935425322883249,-0.0089214989986469,0.0195753782182341,1.29,0
153087.0,-5.65872927874479,2.7165868016658,-0.612012660525637,-1.55809237415539,-0.323545280366807,-0.237803894791993,0.803481848559311,-0.386487392418479,4.6019582197828,5.96642096853056,-0.478919243779486,0.0680214973261471,0.690279397669072,-2.61543557654116,0.466193340440627,-0.227200220812325,-1.22567716454594,-0.244524786848229,-0.691931476774157,1.51299244371053,-0.877021114234768,0.892536712668303,0.128968179206438,0.715702288426194,0.589970174279673,0.451125707270062,0.452495478284929,-0.504919289269001,29.99,0
40835.0,1.01412182187525,-1.10644357566084,0.935815136168814,-0.377078933467102,-1.82085954330429,-1.06012949114298,-0.634034159431852,-0.174652611787255,-0.572103661529037,0.512371869205171,0.224011508312336,-0.367991063247696,0.236205795990433,-0.297538991365454,0.963780000821864,1.280685717195,0.316307636109531,-1.33870645476719,0.154178315114958,0.415045228131645,0.261473783622707,0.28242467892299,-0.0411716665293912,0.943382993829689,0.13491518338202,-0.34962121093312,-0.0010594031523513,0.0624284008454581,181.5,0
39182.0,1.06903542855031,0.383033377823981,0.91735263200458,2.65201040530382,-0.127904451324383,0.304799778712153,-0.0385689650308454,0.0872049498515028,-0.402249639360335,0.446578005119285,-0.531112539881495,0.675411451464856,0.651715803441614,-0.228158066562186,-0.462522799055054,-0.0494099998129901,-0.0040168821427229,-1.21836878622901,-0.952976825394469,-0.109455251578145,-0.24040554757476,-0.560543684522347,0.0874181457938321,0.076991211229223,0.320760464689404,-0.1553924259106,0.0263289463072466,0.0287125317503643,26.62,0
167170.0,-1.32834427949631,1.41601435750832,-0.440073972427199,-1.00918593827575,1.13305071144486,-0.101130402005411,1.00947512610755,0.252586550932833,-0.798718640136258,-1.40315760465531,-0.0680000862223359,0.110570592948286,0.39470422983628,-0.643514342703017,-0.0143340637253214,0.91445625795365,-0.158071015633552,1.62601663411068,0.334429603264954,-0.159957789868912,0.213161083857326,0.449060808876219,-0.856644423662617,-1.43597860056747,1.20476764567569,0.0605319629514582,-0.319143346384329,-0.0620353783103242,59.5,0
41592.0,-0.763829547790123,-0.885572077063782,-0.276594669556178,-2.39887326780115,-3.29952991565351,0.789485299337749,3.14436867152615,-0.604436632222719,-0.307513091156628,-1.13420067094282,-0.5874781946682,-0.585995183471501,-0.899426977491025,0.164330085928198,0.852840279170161,-2.65694521413863,0.725561200600618,0.83084260041712,-0.0155451691682855,-0.440110707565605,-0.339699113009056,-0.241713556532547,0.327958036314352,0.097235724243043,0.259976245708285,0.0888757234628884,0.188125442736332,-0.161950487439382,690.64,0
119870.0,2.29898610849052,-1.287935578693,-1.71168298548691,-1.80034043154033,-0.494185485737047,-0.298617541590817,-0.765793562472315,-0.133139264647899,-1.72933893674247,1.77163525856105,0.301678756811945,-0.481266005330717,-0.121983433822653,0.103431561109206,-1.02263322777614,-0.602565549314128,0.309533752094826,0.129602991167973,0.464290878414525,-0.414925702494022,-0.280955492976224,-0.412569980808969,0.21291757138066,0.180300587813359,-0.057107966259538,-0.257321503775546,-0.0292830183291514,-0.0672802227404509,26.5,0
1138.0,-0.884586940283632,1.33672759109216,1.47476929994567,1.11572870609614,-0.121489632665134,-0.209224282916819,0.727249339733735,-0.0856130049202234,0.172488085851263,1.07322222351807,1.02184682644287,0.251279710095403,-1.22519058734481,-0.002394956835646,-0.579330341764294,-0.882728594200493,0.100471257464786,0.24222699456667,1.24855920742941,0.397419463163849,-0.110007448373837,0.213652826352338,-0.181992885686302,0.514580225677132,-0.0440597768126304,-0.311318049501949,0.321133807102319,0.0959119628557966,10.99,0
65377.0,1.1375261499975,-0.441271081655866,0.218724284833161,-0.263548213065449,-0.596033323117462,-0.310639317709801,-0.316031917331278,0.0837954076195166,0.382246768006868,-0.038630157903189,0.623283284344599,-0.0449722430577049,-1.19906187925825,0.577060745486018,0.762637142659018,0.877996766898659,-0.783562557911434,0.485894007579871,0.561629288061583,0.0381837393124007,-0.0962255279728868,-0.541264512399896,-0.0522287768787275,-0.3281550194135,0.10408618748445,0.925888534882706,-0.0991732950787309,0.0028892345364073,80.0,0
69079.0,1.23572687583346,0.33330593924024,0.295560980169091,0.699237188484656,-0.362896134055373,-1.06173603298386,0.114087007195735,-0.217176070059607,0.0026790267800148,-0.293350295808011,-0.038200282755339,0.335158629433009,0.419647706188477,-0.323336682764756,1.07477341368867,0.472578497249465,-0.0178019637041071,-0.318620217638969,-0.201161177838505,-0.0461286619023678,-0.279150402162356,-0.821037405521116,0.116779415205889,0.345599455896817,0.219261815699439,0.0929433429667296,-0.0238944647838515,0.0330786975681446,12.7,0
158968.0,2.07405094976945,-0.0715955779923105,-1.13128904570534,0.383847675856248,-0.0960109355758411,-1.13644158650438,0.161677050263156,-0.309608440292242,0.593729459180889,0.0820360235452448,-0.920374486531548,0.242403162067591,-0.187585162234209,0.321578011715439,0.0811224232764587,-0.0492727927997824,-0.32587661858686,-0.78764571757908,0.203857563388101,-0.239037236739019,-0.302643361299037,-0.748546256966215,0.326017312029071,-0.118005666279336,-0.28778359303673,0.20609915064135,-0.0725872763229138,-0.0621688213244349,0.99,0
70772.0,-4.91661338440019,-3.75065547355468,-0.94329629649794,-0.17219325002433,-3.4678975438595,0.839284232161612,0.499238818739488,0.801136303503146,-0.723980928141542,-0.827173787247128,0.739933116920622,0.773392240796431,0.188822692412423,0.108694232482895,-1.53675388556164,1.73434226652196,0.840293537050458,-1.44145477848095,0.160341898784919,-1.5846838218599,-0.0997035453105093,0.46044179335218,-1.53929123082877,0.509296295703003,-1.16390874433819,-0.527239349796045,1.13883769673595,-1.54715099560596,876.42,0
52902.0,0.984308908583651,0.317462924135565,0.205787354240066,2.52265487546896,0.117398122573208,-0.217598958989383,0.427401241743433,-0.0873114702283093,-0.893989960461792,0.631985092782036,-0.36437576819706,-0.151339190038155,-0.275748574953724,0.519708703987974,0.587401893618868,0.194200758929783,-0.229901585721494,-0.840742552401608,-1.30280472877079,-0.0138957063076488,0.0343522779371322,-0.122380325956817,-0.103174129663902,0.0725460216805462,0.491886029536819,0.026673684630207,-0.0309815776930694,0.0284811249743463,99.36,0
162661.0,1.95134319353815,-0.410948647518513,-1.19765128694869,-0.0876502667674159,0.0633377856525799,-0.170581642779949,-0.194936740019508,0.0614820513060675,0.47261178435569,0.256759520614823,0.49840570169259,0.203347015250446,-1.00109724362086,0.725882315668875,0.364640222082328,0.869376341970548,-0.973215426184545,0.0467857052429903,0.513195992666945,-0.107686348364929,-0.429517929566906,-1.49931930168256,0.478503001291213,0.112497889720543,-0.7205236011965,-0.0016724154854765,-0.0945939172761553,-0.0499212909719079,56.6,0
75387.0,-1.05244205733442,1.1359665547056,1.25639156933336,0.859143195212484,-0.133742368849315,-0.609254663687883,1.08795135646069,-0.22244753534907,-0.471489540228998,0.247170822110405,-0.258662337349089,0.201945003908967,0.727464601771161,0.0063733417552584,1.14310454667745,-0.31563248771009,-0.216965294145028,-0.0282984474711563,0.411016976383773,0.225083206404477,-0.0356955134667134,0.233762865714698,-0.184743364583967,0.418918294217302,0.759421156262012,-0.174621799532072,0.294015668682763,0.109612671411648,90.66,0
68504.0,1.22497565273556,0.0758583729944819,0.930871874986749,0.640142873507618,-0.818728094711051,-0.719618434707051,-0.328066495339147,-0.0747609631509369,0.354355339438809,-0.0886895551237434,-0.291559193304998,0.312327255278344,0.349167581132479,0.0209902038435495,1.29275974760162,0.568179600468144,-0.554861346803395,-0.149952246896293,-0.32352068601589,-0.0756152828218623,-0.0848995654785308,-0.231863612681288,0.0901786734231702,0.404126494741955,0.167191801404789,0.212950850367329,-0.0053185740954869,0.0268958589758244,5.99,0
42072.0,-1.51516142375951,-0.958664614253704,1.38522977348499,0.457063896838834,1.43995235572944,-1.70932599110858,0.593173609638586,-0.714765216822332,1.01480216523898,-0.297554399616837,-0.224949993402381,-0.589916627465107,-1.19355112664127,-2.19714222672693,-0.691475369753171,-0.0555996808431917,0.676724266684069,0.0646348705606907,-0.605900061641692,-0.0253221991666404,-0.172377264268596,0.167595882812015,0.341644444272222,0.622240284758044,-0.569707906624061,0.0216086392511355,-0.764939973022341,0.0144987592120931,12.31,0
156052.0,1.82721559081593,-0.151897736579003,-1.83225625771801,1.24518344018602,0.587540253435736,-0.404070056540407,0.552564661203846,-0.161583933200971,0.0207533319586612,0.399281124371165,0.616753130595432,0.620498435307079,-0.997855743423266,0.872343826129883,-1.09100798695031,-0.479589659585484,-0.350813886028178,-0.0360658642718607,0.0451380514274465,-0.129026310228918,0.141914093748449,0.333183552040038,-0.0429942420087668,0.694628657630242,0.388600512953113,-0.549659097147205,-0.0441686881638637,-0.0513455929745402,94.8,0
79913.0,-0.403842302584545,0.998004672401804,1.13881024122954,-0.177244175276015,0.389070316350897,-0.002326072366254,0.511462146609245,0.252753555344345,-0.582654161718519,-0.378202130182124,1.35332849306954,0.393192786333481,-0.290237802166621,-0.152205514005918,0.508856567966216,0.399720821736537,-0.0628613125394697,0.0598679218297872,-0.0343751386937816,0.0837552254023375,-0.209391776330061,-0.552164522361104,-0.030086723892498,-0.369614879600654,-0.23133326312794,0.105618893268823,0.254982638548911,0.0806361066914765,5.38,0
59691.0,1.05425962733522,-0.0635015136573312,0.957038515859698,1.43799923453851,-0.424718175411297,0.634277247995671,-0.415079324840893,0.269940941004369,0.484081906010384,-0.116221570802177,0.985496805994616,1.79685939454682,0.535097070405806,-0.358389989324193,-1.49364808236607,-0.659954754663893,0.140225180205497,-0.492078778892553,0.0257594946210971,-0.111577526643721,-0.0170889254363966,0.302404204781789,-0.103580389450572,0.0771393662516722,0.608255879652326,-0.279473045664768,0.0725186695705635,0.0162759744128345,19.85,0
169068.0,-0.892354015154102,1.37207116591926,-0.0928969777263034,-0.62419223917928,0.346116154330659,-0.902462008077718,0.909337309509474,-0.357783067830609,0.228054476498494,0.602316281923818,0.778468613863575,0.149519137533107,-1.00179900670182,0.551129365881368,-0.0378930618059329,-0.328104517561861,-0.651828003721576,0.679545483943457,0.359464822844017,-0.131094993160872,0.513948048390512,1.2674391568351,-0.201372248209284,0.0886458430667658,-0.568713011832158,-0.26554057595922,-0.517662562186405,0.266938495924443,5.58,0
1510.0,-2.88686554756186,2.57361124391289,-0.520661191036119,-1.14215296608856,-0.839928810743086,-0.364636538650868,-0.562655941099485,1.54751058807418,0.562283126822143,0.710061498052362,-0.247684719159598,0.614794339692655,-0.718200029093746,0.728241623348183,-0.874393884001967,0.716058443079881,-0.355541955206493,0.312644394254338,0.201560690268569,0.451429217749929,-0.256608216262469,-0.659521744650964,0.0297842610619422,-0.553642507946432,0.219229154312942,0.365389531456068,0.542425975979048,0.338585639472054,1.0,0
69801.0,1.07187308500995,-0.644403095872632,0.882983502222187,0.170837076369395,-0.93682673740808,0.30237753764929,-0.683752769761004,0.224191330349967,1.28457554349723,-0.512179509389986,-0.967201417887858,0.314782851794255,-0.40387727504932,-0.448339283375774,0.0307734265359392,-0.279285192361187,0.318920076998589,-0.904929854373189,0.225653818343839,0.0025507817595813,-0.196811583792641,-0.433134417837301,0.0153654459425101,-0.20800002249169,0.0738195199812199,0.988895207722568,-0.0324227190539069,0.0173767196875381,71.38,0
80559.0,1.49578104516412,-0.303459369910643,-0.645611313041345,-1.05763701213566,0.0632582921957088,-0.390765338133662,-0.111534145518159,-0.228204099282515,-1.44143876193119,0.837475374584863,0.548477643250999,0.0709269249430123,0.961827551063122,0.0964356216398142,-0.271804952890483,1.22945178046683,-0.309218781995297,-0.814102006651704,1.36139674963104,0.153017160254354,0.171307413435876,0.442471381675653,-0.326205062064623,-0.762814131601977,0.944772353110432,-0.0324416857488574,-0.0288260964532418,-0.0190804658023876,10.0,0
130414.0,-12.3981814800418,7.16599732739993,-3.93583630681326,-0.604871982205158,-6.3250950579808,0.501425538012408,-4.05241535697245,3.58517500273303,5.66559154858375,8.99084907081772,-2.62017105159186,1.25916988791239,-0.0111709842385842,-1.22062550549048,-0.93984864197494,-1.77937068840193,1.73828915510284,1.61493718999979,-0.836002878103557,2.51454788512994,-0.496115327446807,-0.844896826855341,-0.0612714585573469,-0.0749144600635782,2.23680808498551,-0.134459171087161,1.58182942686352,0.986854784271536,50.0,0
134354.0,2.10624203543031,-0.725093729451717,-1.10021747952017,-0.540841872411274,-0.885010470970169,-1.0024260769667,-0.890786027391069,-0.136783928435164,0.100867864996891,0.0751280507277753,-0.388465067330245,-0.882632843655442,-0.0454707417132768,-2.05624093234923,0.409283932699946,1.63708718948218,1.42125140553307,-0.488962862258808,0.152168868427465,0.0404356594315243,0.246656728187668,0.771115605223279,0.092344429666986,-0.187378899091172,-0.168830619035708,-0.0812091153700604,0.027929996362679,-0.0105377315137076,33.0,0
51020.0,1.11443046289996,0.024382598053915,0.61151842663738,1.46138585636271,-0.383801550572929,-0.0077389329062628,-0.144671086509466,0.0770604616101485,0.571890855804652,-0.1589277818894,-0.705314593451735,0.356013484943474,-0.506710860823777,-0.0321797409125681,-0.162000579488035,-0.680263720220649,0.30480059589218,-0.793951912526607,-0.399871177703916,-0.18114056699978,-0.0263325769067969,0.154781126469959,-0.103021508719641,0.0856240741873108,0.646075798706515,-0.242225517233142,0.0487123239927423,0.020764385676936,24.87,0
37973.0,-1.19333995981419,1.27045360182012,1.72906565690171,-1.56091136009705,0.348846588625017,-1.24598200708224,1.74506473392305,-1.47475235294028,1.47881146171044,1.88103067398322,0.519527126787895,-0.0174323040923984,0.462797289975196,-1.57603815558444,0.533262691731472,-0.217860069210305,-1.16625829977458,-0.866078276482649,-0.864478809394345,0.620386873976147,-0.30496859955625,0.0823836923404769,-0.202808597906905,0.767995979884346,-0.364762592172199,0.476277574001721,-1.71140007651825,-1.39812899481472,0.79,0
133032.0,-0.357681330673121,1.32343227585814,-0.550219759547907,-0.143725476487059,0.548063159270849,-1.41585417152905,0.78776767311552,0.0615442583496828,-0.513565626069532,-1.28725609168661,-0.591620209630676,0.2179987889527,0.694940919860611,-0.584298620750897,0.557767401465942,0.0657937603356176,0.593499274800333,0.682569797089595,-0.100253975869211,-0.129665158418914,0.39407665451085,1.14828412715303,-0.206369974204977,0.0083164609675493,-0.438054389672473,-0.164835877588392,0.113141289734568,0.16955869603775,7.87,0
166704.0,2.0697193241229,0.203822511472027,-2.50427139739139,0.275397803261265,0.795870568012789,-1.12660164600601,0.501090893702394,-0.221297898946671,-0.0639061947990806,-0.0513917989945682,1.17968688773147,-0.29384357979544,-1.89987560852627,0.0726237747041969,-0.0336920325305372,0.269363818637663,0.50085671031948,0.477474578513507,0.0188508238521972,-0.271604170160516,0.0460935390707595,0.103242366815979,0.0731538287677022,0.617214331965465,0.150490622489261,0.571239444140142,-0.117784509645979,-0.0617038370355104,2.83,0
53323.0,1.13350104646904,-0.0188362876183619,1.42288793061995,1.41819969155778,-1.14183270622344,-0.388173546075488,-0.558419445695549,0.073037263445195,0.875580456625416,-0.200195613708225,-0.505364385366822,0.568217907137616,-0.0644006865410184,-0.3324954940842,0.158711103619708,-0.0155064381394008,-0.127282203911846,-0.164334772997517,-0.333432886032838,-0.150977454768995,-0.0425855337983711,0.0843785393576664,0.0382370791167009,0.720941371806666,0.370794570772104,-0.42912200015236,0.0729904999263415,0.0412320094633741,7.49,0
144966.0,-1.67225932821029,0.764625550150581,0.0840265334291513,-4.02356106866042,-0.0443564440267535,-0.562688843221779,0.462174693506145,-0.280830196228646,2.52038583822861,-1.52001738453179,-1.74534844706556,1.13169834996115,1.56590286813398,-0.855619940904059,0.12464342899932,-0.243117544675673,-1.21076786472161,0.579057318867435,-0.0485362745578716,-0.405277594844214,0.439802261463921,1.27117443092987,-0.412703179317544,-0.926052507677552,0.0426173602851442,-1.00220176656234,-1.31538862569381,-0.0018786917178768,25.95,0
3768.0,1.41095500470472,-0.667964829036173,-0.90952498844768,-1.6203732906179,1.46317473052004,3.27295779450926,-1.17697736187414,0.711645790301532,0.360693925698772,0.284331509860703,1.00944876118688,-3.17354286129418,1.86828887199641,1.41140517404258,0.259231463506889,1.53295013238583,0.445919004220306,-0.866850758984783,0.768171482823428,0.211930136167334,-0.281123030934454,-0.895634384624994,0.0856267470950045,0.919765978419406,0.358855285548955,-0.507851030928801,-0.0189906475544577,0.0145746808227921,36.99,0
157509.0,1.80415719440691,-2.2547515109318,-0.929579090831893,-1.35240380971802,-1.54988402460787,0.0697831921459261,-1.16561914589369,-0.0267598296709482,-1.12614846548742,1.54301070056289,0.469488975623713,0.156217933951269,0.686621956525291,-0.604837650092015,-1.43951432286464,-0.574460503527574,0.409302994208889,0.614738927959688,0.0847190878619608,0.0640229178272346,0.235737185708237,0.801543578459054,-0.0965116045172889,0.818192102315943,-0.0792978830372725,0.0286684301546383,-0.0159822582161993,-0.0145035006120205,238.15,0
114305.0,0.0260968497602225,0.70115975876337,0.0851533559389755,-0.797849025619758,0.581130140496863,-0.555331402063176,0.823573145270398,0.0394486598945299,-0.0855306201496816,-0.207520446668141,0.13576395291203,0.0125661487341829,-1.22409473636125,0.526340718271394,-0.933241306919609,0.300427172628142,-0.762073764967826,0.0549438662930294,0.392619288059663,-0.0834424492070071,-0.252167207593974,-0.648045511631823,0.0212496017716924,-0.533745493113872,-0.496132797895272,0.154384912604085,0.233446895717261,0.0800663995818511,6.27,0
124358.0,-0.387767516533429,-4.17281624836191,-3.2521250717189,1.13936743722103,-0.665260726279723,0.107295594166801,1.89884183626156,-0.422750742156353,0.371053076054281,-0.463391176269094,0.254801719733371,0.456884971314896,-0.840027598007509,1.10703816616114,-0.335952799421853,0.0261853538089039,-0.592141681822852,0.463168302629506,0.277746295078598,2.32691504492485,0.669472829746361,-0.895527324726802,-1.00821753730631,0.230360428501726,-0.286664329642892,-0.530233233398889,-0.284016278613419,0.151728014874707,1277.64,0
111484.0,0.194613453189783,1.07554531937118,-0.140691376934159,4.77511632655658,0.611089490932829,2.3671345654623,-0.766807930959279,-2.49596457786057,-0.819987802860094,0.735266880183019,0.510956620189191,-2.49062078686894,1.22499626038976,2.33734359195687,-1.57237692989797,-0.081025319514195,0.839433772469415,0.926044159232328,1.25839843751149,1.05500748646299,-1.16379372478691,0.800093927256233,-0.0925303713517886,-0.149966765338762,0.598731700797983,0.609422841741005,0.102453307527776,0.301606772438429,151.33,0
160730.0,2.0465877419541,-0.104344341284826,-1.20530996097365,0.207999043587981,0.113213238227328,-0.663330878423134,0.0806743228981829,-0.168848176307336,0.29288591075956,0.239604123683693,0.626333926448657,1.05359678325666,0.151217239621551,0.428055098270165,-0.643257120041448,0.200144289994506,-0.686525331584504,-0.259661575970761,0.581899556142878,-0.193681751496014,-0.261910229687421,-0.650075812335984,0.278150966296288,-0.403711851874475,-0.273005552407936,0.202295411256394,-0.0744208501807404,-0.073815802291211,1.98,0
137797.0,2.24491168850632,-1.7123624520101,-0.164770382431533,-1.56424552540444,-1.772514737958,0.0894912042949177,-1.9029902729728,0.141057736836082,-0.439432359396357,1.48403028270482,-1.52533142012767,-1.19465723267915,-0.0439647726708399,-0.818609284404778,0.221762260640471,0.0464628160564836,0.230704865403418,0.494463873070333,-0.201839631689643,-0.413376734146183,-0.173616026123573,-0.0239878504518585,0.347079906664178,0.422806880502997,-0.515524315970049,-0.261141744287522,0.0552061183207639,-0.0257127175557507,23.0,0
164549.0,-0.818081103349774,1.7947650241799,-1.40593936392598,0.863583198434065,1.29341023293281,-0.0805800131097444,1.12566851248489,0.379916265236657,-0.944015481157055,-0.389464973636659,0.518346855238544,0.273765029317834,-0.246783644352978,-0.625293641625849,-0.79983867775716,-0.252693300775488,1.06233589861179,1.00006133674711,0.976411778808781,0.147093280802362,0.0434194032749671,0.396456287435642,-0.152994689729858,0.103360256634419,0.185425440108235,-0.384718735088378,0.467654486363058,0.24100801894827,49.07,0
126709.0,-0.571920275095366,0.281456341476802,2.32573466569748,0.132864124630328,-0.310167898878936,0.518750493749153,0.87828908485965,-0.464586169566947,-1.3112704239533,0.716303142088514,-0.436041026527346,0.0109507267429382,1.25603053233251,-0.806946614087696,0.700400345223272,-1.96243279538593,-0.0949447195133978,1.07373328476451,-0.231927320099523,-0.172524351801539,-0.636868247039438,-0.965584862140131,-0.0979630485140791,1.0152075254664,0.0904663522498479,-0.798165898727863,-0.252603480720346,-0.379848083621601,114.0,0
69340.0,1.31551366831133,0.368833505873111,-0.0316325600973979,0.493705439306548,0.0771798526994608,-0.589127613887441,0.104242382058653,-0.18064638816131,0.0136341822436929,-0.296156097851185,-0.729506541585819,0.227950999863398,0.878017596285585,-0.43815556265235,1.098961012992,0.69883368162982,-0.338536328360639,-0.088332611444733,0.113983043565242,-0.0217499168388544,-0.336811083019967,-0.941870177932761,0.0189624808067083,-0.494565295247316,0.344756703032827,0.145351699086287,-0.0207746944877753,0.0232753611623151,1.79,0
78068.0,1.22452620388558,0.277576322416444,0.630767877045015,1.1086765428007,-0.528905371121302,-0.854877350108361,-0.0186014010961249,-0.0924423306258291,0.22862218306091,-0.0078339081212007,-0.464226545006054,-0.168059397337214,-0.801902363099643,0.46855988967391,1.16979952860234,0.33500759226881,-0.454899949651709,-0.240980177142207,-0.273875290958665,-0.196484146123555,-0.289868285851735,-0.888667763828587,0.159433503673565,0.308279473826829,0.259007455777182,-0.690025768399681,0.024448588611116,0.0306925790899625,2.0,0
136557.0,1.80125385856398,0.0918577784802689,0.325737163498364,4.16751233611149,-0.325432940731723,0.679682872935449,-0.537956748762565,0.149593855236609,0.106312458716471,1.16546652059825,-1.74501234465114,0.526238918744381,0.676768084472355,-0.859976984893205,-2.27880694862734,0.307015309143528,-0.320172114219853,-0.406984939974705,-1.38607986487046,-0.235580211956139,0.240441967136253,1.09067911666038,0.0008072287127938,0.0435094315970179,0.108298220039725,0.268187150942722,0.031821356124781,-0.0361985356530647,22.76,0
88222.0,1.92509875661777,-0.234716004856127,-0.297157992247431,1.60183072032367,-0.532359168865056,-0.322749410665073,-0.335449474709876,0.0628182966133362,1.37429312638468,0.0210805478536818,-1.47822360176165,0.0612921296505668,-1.51732108918183,-0.0025893892668137,-1.02676909559737,-0.424514545705676,0.082973632613681,-0.814645408179454,0.148783088755007,-0.385382461722946,-0.53375885074039,-1.29098726597854,0.461078683606899,-0.133715703858032,-0.377965635203843,-1.09771749696267,0.0495265183225518,-0.0335946443798308,7.26,0
135351.0,0.0191856022654727,0.376743478195728,-1.5014022111854,-1.77007423947177,3.30900910148587,3.11923656581106,0.398627923915975,0.782185866006471,-0.210060186698092,-0.600394428389874,-0.256771063503708,-0.0640635174946604,-0.302311037808828,0.648237263274867,0.573184724755437,-0.303035701540955,-0.748586358515507,-0.000806629188955,-0.583248165660304,-0.12413436833461,0.422914001185987,1.18207211894055,-0.0887396779053684,0.735065910847004,-0.744689368049532,-0.300258315980474,0.264781725921032,0.251567207124467,1.0,0
7610.0,0.725645739819857,2.30089443776603,-5.32997618300917,4.007682804682,-1.73041059025206,-1.73219256822244,-3.96859261813707,1.06372815344105,-0.486096552344833,-4.62498495406596,5.5887239146762,-7.14824263637845,1.68045074096412,-6.21025774661028,0.495282117814298,-3.5995402092184,-4.83032424210571,-0.649090120211694,2.2501232487881,0.504646226103286,0.589669127323198,0.109541319229913,0.601045276521079,-0.364700278220039,-1.84307769215194,0.351909298434892,0.594549978086464,0.0993722360416487,1.0,1
120996.0,1.8826812893234,0.296086109969593,-0.152865831195135,4.05078893743352,-0.0322252465953807,0.25132468227338,-0.213056163056909,0.0611968098976724,-0.190994978598687,1.29660424481568,-1.71735095567281,-0.178473464226082,-0.518672611576977,-0.246573382530329,-1.86745054420129,0.332417322881463,-0.309214153913366,-0.519769196542788,-1.33399456287455,-0.358383366437982,0.0842623753018462,0.527348247190599,0.0924875519676578,-0.0162096552558535,0.0765812904446932,0.139073073826918,-0.0018194266522578,-0.0485707256830856,0.0,0
155183.0,1.69825251540305,-1.68728078291397,0.458955919500684,0.30126130880992,-1.83680613517486,0.735771211477538,-1.67064402396897,0.509335081208722,2.99632946563931,-0.424285698508273,-2.1378848224444,-0.460167749457185,-2.23009276350814,-0.922190740069459,-1.14394265366047,0.0462357572915132,0.275686109895291,0.0991139783244434,0.437169869831719,-0.0504250066430883,0.0836792698734102,0.390093026438952,0.156163009263289,0.805694934540471,-0.62118757225447,1.32085318217365,-0.0473620766433564,-0.0231752791514947,129.63,0
97393.0,1.96371178874426,-0.351992364531734,0.296644823074587,0.569936998770615,-0.951397392351675,-0.449319791090985,-0.897125050781253,-0.119951573072833,2.51085332159353,-0.421730392218274,0.257115336702305,-1.6017540456612,2.8772126420468,0.903604320906686,-0.0858838201507529,0.581142326136387,0.0428586724809423,0.166746828945309,-0.527532359973666,-0.141027327046917,-0.10007811615407,0.153875112657234,0.314619806124505,0.0414269052046246,-0.590140842926692,0.436051404157582,-0.0332621164310916,-0.040636855066281,15.95,0
38349.0,0.3586958902026,-1.41753207757772,0.321770312198481,0.795488167670854,-0.787913627685696,0.737489337267041,-0.0749404299115611,0.28117271528911,0.334068438354951,-0.25015780776263,1.48993225916143,0.9321515363664,-0.552698853219007,0.336231044893337,0.336494016767729,-0.221301506133795,0.152850023356304,-0.588048902777842,-0.602564131882599,0.588122181385496,0.282746778283304,0.0978772460147536,-0.302176453041099,-0.234343892477964,0.0453324757349179,0.481232390319016,-0.0629714879576935,0.0650436145036303,387.9,0
93897.0,-10.3008197578448,6.48309458751086,-15.0763627200288,6.55419115286706,-8.88025172157215,-4.47167242014489,-14.900688599735,3.84017023811699,-4.35844142237671,-14.5331616869738,7.58874088021049,-15.8357188077344,0.135035383391472,-11.5670059165135,-0.077026912374336,-11.4674297370042,-19.1729963590355,-6.96985638421183,2.21175583268581,0.113244363257218,1.50874842459643,1.04164209875775,-0.682789602968657,0.573543946252624,-1.6023889741646,-0.393520821299559,-0.468892515546761,0.105920160381125,1.0,1
103943.0,1.90923101101141,-0.477177917979156,0.21265222809232,0.711751185412144,-1.02970704523332,-0.390220177284926,-0.955818731335146,0.009044365601162,2.97952278000963,-0.540096700761157,-0.0377517400960606,-2.45375278038894,0.970788803378074,1.3554357607652,0.28766217809194,0.36511084191354,0.172882154690331,0.543845665575969,-0.58973792692416,-0.273510911375294,-0.0708185420052639,0.155718879040523,0.279583850145369,-0.108195826432699,-0.463375086296024,-0.449337776112432,0.0245312431184797,-0.0306845178695378,30.24,0
157724.0,0.723360752807003,-2.5006202500231,-1.1272152166997,0.906035703967983,-1.25003730663717,-0.0107589032435551,0.154625195446812,-0.0647829644728568,0.817117518756416,-0.0127280791944832,0.482318179552464,0.511091711191271,-0.391017689336516,0.391254497037432,0.325454421233024,0.918887684982675,-0.98758000000924,0.937779728883236,-0.264996163739257,1.10162581431703,0.605630955457955,0.352784547002129,-0.436919060781049,-0.283796328404269,-0.534874213647396,0.289655548216429,-0.144085425228715,0.0543768383394672,656.0,0
112227.0,-0.14429655448882,0.459866281063255,-0.417036306681635,-0.604980690675341,1.38588630580962,-1.10264155951504,1.12684314318456,-0.257970985161878,-0.25226959596921,-0.538173816053639,-1.32399856005935,-0.272444188750723,-0.648177380400417,0.432581823148963,-0.914688064344436,-0.530708538160438,-0.236368816022129,-0.560287660289325,0.0221928250254314,-0.111352778993056,0.137110605987498,0.395576530638162,0.0033736036280573,0.77852209764211,-0.692585974467547,0.343842749750965,0.131578762443343,0.232301657454989,9.99,0
144258.0,-2.40927451004766,0.764248692229968,-0.403790397919694,-0.291181066068906,-1.2686376084123,0.539558083159863,-0.241842861890593,-0.860327089815729,0.103514098504001,-0.558973991542118,0.245411095627835,1.40253001162379,1.07057469953222,0.520381694131576,0.0667308760473723,0.726245687009791,-0.628500604488193,1.09200421198401,0.367008856564633,-0.818334029768141,1.81217628443807,0.591841007130291,-0.204622820156713,-0.333280878631761,-0.567062096556921,-0.25182833791241,0.392979776497229,-0.210387525075015,188.0,0
165198.0,-0.249884262718316,1.30898151667158,-0.81877129504218,-1.12235884025387,1.14735632486328,-1.4869469916856,1.66711152355808,-0.409161144758091,-0.269912142196922,-0.187944940412513,-0.514385626734554,0.0519384461359716,-0.206531510386559,0.640521534867993,-0.114328126700043,-0.829494102483292,-0.253748680064124,-0.585117585548914,-0.360111811413623,0.0639460306636134,0.239760515686857,0.94804969584118,-0.160919583547321,1.13956931770263,-0.298781934766345,0.0391788820821834,0.501351174241277,0.338562031794074,0.77,0
33098.0,-0.309122941910088,-0.141777298441005,0.591620698139317,-0.820892264805506,0.267524661404138,-0.400255995865277,-0.0750580583752767,0.110304138830755,-1.70797199342978,0.921907426892283,1.19534261447987,-0.618933971812306,-0.575708211488871,0.34753953345985,0.410294450749632,0.30882991977081,0.706624028218068,-1.00283678466575,1.69766425986231,0.450326935705773,0.3706785886046,0.982061052939649,-0.145412450127985,-0.267418283582633,0.112300982126871,0.0940461119737971,0.281460201437859,0.0879763802084908,24.99,0
76419.0,-6.85248098566154,6.59680763877757,-3.3990653942798,-0.268044557481222,-1.92702457579967,-1.83125930420584,-0.159503535333663,1.33234640338386,3.68917871824855,7.47242993526457,0.141297912796761,1.31196082247653,1.30769161821106,-0.803499438838233,0.832722688140844,-1.04551361425318,0.0573989666075545,-0.692882070392299,-0.417094873310544,2.82517010898203,-0.71333821237691,0.51101006031559,0.356609117305035,0.65867345510786,0.31332784840693,-0.68656318772307,-0.638702887549492,-1.9517929468744,1.79,0
20176.0,-0.465479008130373,1.10909352148305,1.80642967742507,0.507325763927706,0.169187132382645,-0.103099545482613,0.383476227581324,0.121163041223497,0.413804012923755,-0.829527892351661,2.73222118663551,-2.2751427150662,0.827468538529362,1.51008239630317,0.165125665422664,-0.0440134795048382,1.1585626884231,0.323747236753921,0.316884469888214,-0.0464687397785239,-0.271247874425209,-0.592266070124634,-0.0216625815333304,0.105373005785235,-0.444725189068031,0.137072842001759,0.0566575851391026,0.0998964895967514,1.98,0
154533.0,2.00939147043935,0.0181387508771155,-1.63371155714609,0.347651907053285,0.313215511415217,-0.601361158144224,-0.0073273625856559,-0.0085725260276173,0.397803936003139,-0.183778683598323,1.14124488850097,0.291455650782539,-1.2262997664711,-0.398390170672736,-0.332419930704991,0.457165343113341,0.410890151870219,0.18423546853768,0.211099530285895,-0.231499883359102,-0.308639148593165,-0.871706434169254,0.370004358822803,0.578222580580331,-0.366789075960803,0.15215531037491,-0.0708027785068593,-0.0418564539304801,1.98,0
127558.0,-1.14011926523064,-1.24812677564027,0.591547763901736,-2.02095804068929,-0.983416385496531,1.0166869212747,1.47281917963885,0.130859998827558,-1.01592010085249,-0.618187438835186,-0.218704908345972,-0.069050331823804,-0.0991584936501328,-0.0060871995307836,-0.743921523179314,-0.630897180784479,-1.01729096378695,2.05511026468059,-0.883243704123886,0.419894301161126,-0.272721912894511,-1.19366884688779,1.02860428372095,-0.0557539418924525,-0.253113356264529,-0.448242127201724,-0.028876092970705,0.172480791444336,440.0,0
55954.0,-0.766415352065781,0.862141330010626,2.44370737897361,2.51345342190602,-0.119652297115042,0.237249285604764,-0.0530744998165604,0.0954156524453472,-0.507579473124816,0.489941369111405,-0.904185252606621,0.397235404042211,1.08269614142727,-0.727666448956488,-0.290924888167262,0.18412828250395,-0.254038346635685,-0.0780234417406034,-0.0302897651742238,-0.0271004766747794,0.0790019898105237,0.366088956055599,-0.0307131155909442,0.419435092292309,-0.671171671559977,-0.0840738710732512,-0.0542474488580696,0.237311378987871,11.41,0
67348.0,-0.695293959517297,0.717948796693089,1.79096293706427,0.636753669774499,0.189909079599044,-0.600037612434117,0.365568769733865,-0.0489838957197289,-0.666482744047207,-0.180015023459035,0.264779132556518,0.326548558142052,0.486897778099391,0.188405522465564,1.59042924694752,-0.597527936068415,0.337044929806517,-0.834155613372945,0.553466271311777,0.0567765169603085,-0.0901875120996471,-0.272745000614966,0.0461311352674077,0.415600866645286,-0.560437898231154,0.192051830974277,-0.0082173302326305,0.147867294297091,8.99,0
38211.0,0.390006229020797,-0.820229863976889,0.664101226185982,2.70228135950785,-0.83414235660743,0.142077850912134,0.164984409024092,0.05254710703725,-0.731222395797374,0.670381132108556,1.07176384364833,0.465572279064422,-0.10691069509612,0.398920810655979,0.130767745324921,1.1922208691456,-0.98574350025257,0.666778508180479,-1.03365905950024,0.628484112451611,0.391519763057384,0.207523038698267,-0.383898161065769,0.337729496475573,0.236839146351954,0.0116701301451888,-0.0639363456076426,0.0853867246267472,382.97,0
154544.0,-1.33566859348478,1.23663677280056,0.370382000649393,-0.633805916201139,-0.457221438585282,0.480792989274848,-0.633899487532694,1.27961693881326,0.297727311935255,-0.590101477752327,-0.218092243296828,0.142269873176277,-1.13762434074051,0.776262275897159,0.0762798662913591,0.456134076520778,-0.408166569426315,1.3141041371211,0.424680016379436,-0.061012661734597,0.363577934980732,1.02769423312239,-0.229622929004166,0.264059985363465,0.0843519662776798,-0.0627398290241491,0.270712691957299,0.132262093833892,9.99,0
144918.0,-3.09006551349266,-1.14339896787475,-1.21179501418476,0.226457777110077,1.95285381212001,-0.429917262038054,-1.97552668052092,-5.2298047479012,-0.60961231183066,-1.63379455543784,0.986832024402866,0.928398268496628,-0.783352941968428,-0.0056781802837127,-0.7863897439022,0.996990619187743,0.402999525925932,0.298343705020902,-0.0580744872611519,0.0123906608749187,-3.18045112377803,0.380859965895502,2.67901954868057,0.548196239593707,-0.0183735092240291,0.183735048221302,0.543565098977322,-0.325726913840872,1.98,0
167697.0,2.04069246775823,-0.0975413239251228,-1.33770784809013,0.390659893288238,-0.116404091285814,-1.38470569776559,0.237229703605996,-0.375085499423217,0.691725201249485,0.0265512960712017,-0.796448727237667,-0.0410912422761581,-0.577070044016892,0.620165032951837,0.81261229057343,-0.186862451696262,-0.46236395341054,0.0144977652789674,-0.236077090721344,-0.253427208090612,0.248361758157451,0.8159557931143,-0.0059672137959526,0.0668859298455528,0.239145075122371,-0.11081276445203,-0.0269406109470077,-0.0570285845868606,18.25,0
131409.0,-0.832009065264726,1.27978493536769,-0.404717197566467,-0.689766240505397,0.834129182248687,-0.303487826011247,0.613127276746472,0.163757423443968,-0.230440714793645,-0.551159969251857,-1.70432391497062,-0.298191111495785,0.15470004055497,0.570865400826391,0.72902652033055,-0.0730159188659704,-0.560701552838463,0.509167699117672,0.452553109220384,-0.207314106272357,0.388733442307492,0.91379238360619,-0.337819992064788,0.0726548956863949,0.126391182182719,-0.0971057804377419,-0.395230805039488,0.112964256465472,1.0,0
166684.0,2.00220254586761,0.158752291224158,-1.3736736479575,1.95099868467936,0.375814142052855,-0.876990093659981,0.522884970682008,-0.414609577526935,-0.916879513077877,1.13602005579035,-1.08756411241763,0.0615285201470077,0.568531160756199,0.127436725761544,-1.24683153690135,0.460270010603768,-0.31708806240232,-1.35612356372837,-0.526651423323951,-0.0869239418256642,-0.0909517453215585,-0.230789028691328,0.142930837683948,0.0150001132270922,-0.234324416430288,2.2638430513249,-0.235328173090881,-0.0890969362750499,40.0,0
143239.0,-1.35641293025239,0.260588639107362,1.96356366916662,-0.772604809273661,0.563012211111585,0.0936888981269211,-0.115079776009718,0.240486411319762,0.3160978199597,-0.702765475737092,0.538943613914737,0.512004094892714,-0.420938764500763,-0.126265499459973,-0.373504569565304,0.260617005594747,-0.766986023015798,0.871503260489252,0.0852332811672472,-0.289816188376126,0.207327518935637,0.694565646909094,-0.659191672600906,0.807268154482444,0.623698546672432,-0.162770951243771,-0.0912070049413401,0.0082993245056972,9.99,0
37892.0,-0.869030677661435,0.209951226279066,0.359306519973547,-0.438601247145018,2.66726998585934,3.62222068967994,-0.292381509528997,0.937590493922782,-0.388987007612951,-0.283056577248451,-0.473937763618361,-0.135085135461768,-0.151913542337695,0.0196963862981784,0.435644269832356,-0.450532733720958,-0.0364786284531441,0.0058366134083029,1.83699613782157,0.208439721886754,-0.21859910878432,-0.676601756748647,-0.281840832121336,1.05611655289065,0.368322445063738,0.560721534329497,-0.0813168327416181,0.0917939036328749,15.0,0
32570.0,-1.47278133181027,1.31844178045598,1.36326722991567,-0.846154544988548,0.248649637657276,-0.455792329433028,1.83260080812284,-0.70946831814294,-0.294440856345753,0.0138575462701606,-0.455774098050636,0.24376342587008,1.11891050928787,-0.498594454739119,0.394515174152757,0.337122419449798,-0.989506163096518,-0.864254049585923,-0.177297244800082,-0.163851190859708,-0.573759602313825,-1.39526766100017,-0.146734292474537,-0.124775874037417,0.0878047796188008,-0.218716146652987,-1.22148336077531,-0.707009119527644,102.9,0
72401.0,1.20880986578042,0.172943440484771,0.364560631242518,0.95286521909478,-0.277056331856805,-0.340571704995948,-0.126227244816224,0.0264972018391809,-0.0014048077378854,0.19175327224882,0.856743449661395,0.433655041153403,-0.584510506750849,0.558616007485201,0.394086994453494,0.464871124377759,-0.813478676384122,0.756809780856286,-0.0725410423305415,-0.153391424107077,0.188758509952667,0.555942375529073,-0.206661057720611,0.0060432523161619,0.713494571153593,-0.203320142528569,0.0176159782864007,0.0078318909590167,5.5,0
152814.0,-0.538882626160063,0.0490920749353988,0.424447102233508,-0.0382100016549475,0.224581147588017,0.265391077662519,0.67689015872757,-0.283127862067646,1.10452406610976,-0.822757959967564,-1.65561054291329,-0.264643644003638,0.184950604474089,-2.25707273133717,-0.869016859864057,-0.0363185671814333,0.65490653721173,0.617487745705804,0.480356387300061,-0.110807203771209,0.163528700296818,1.13885015141859,-0.327243334883464,-0.678520873508746,-0.709507110534077,0.826875074771033,-0.121886877184837,0.0571947168486252,135.0,0
147346.0,-0.239198347757122,0.762839421533807,-0.42570304106148,1.06596247338062,0.553785981773199,-0.539964617215215,0.229320751783733,0.389484184772163,-0.209035945609168,-0.207466516621055,-1.67511954677546,-0.820070689437545,-1.57805484939481,0.955805388944845,0.227986166700179,-0.45377010553624,0.0514676057408148,0.451955554635256,0.524468400475062,-0.225190758932318,0.394838359201876,1.0302124123011,0.0193602516330548,0.710530689255014,-1.01287121282532,-0.539707380935208,0.197060861079094,0.178411718858832,1.99,0
113631.0,2.13296074914958,0.0350640721997585,-1.72846635281136,0.0038545590943486,0.649607584849619,-0.484342459509276,0.226157710919677,-0.312266269280853,0.631198993753184,-0.131069125303173,-1.19623364480335,0.651940482281479,1.3070122182496,0.2079506481668,0.829829798929014,-0.107314154150751,-0.876885148125209,0.209841573222509,0.0805103664072608,-0.131344682501777,0.229931001230017,0.869283817415379,-0.0890672048699958,0.0865527189842821,0.486713719047713,-0.413221605196573,0.0100032762292935,-0.0518013836132862,1.0,0
79260.0,-0.700813524444262,0.340210299084576,2.553259686034,-1.96365655185524,-0.184749653757125,-0.255966298606128,0.431531813220423,-0.0544585211763969,1.18923261024358,-1.72107506403765,-0.239378152429185,0.739004958920917,0.400791847985422,-0.603418037381664,0.890791158051305,-0.691835550077519,-0.228467197540625,-0.275787697416513,-0.316539014227906,-0.0332417246225212,0.0226862957620322,0.443627243476842,-0.380233580246525,0.105478540800414,0.431532314515791,-0.775690469835743,-0.0334347608091833,-0.148125226314429,1.0,0
153514.0,1.89934560210403,0.785211885092531,-2.74295988639014,1.58352757465541,1.16684122329699,-1.06578972036887,0.500419985397474,-0.248132151328651,-0.274647231172867,-1.03433662633815,1.82224530956307,0.522089551644092,0.685838203824404,-3.14353798124099,0.182823941472216,1.35397768773799,1.81180290416246,2.03188482895098,-0.810945066361381,-0.0033851449641785,0.124460560221997,0.452064728447452,-0.167596439695969,-0.744824023750579,0.34375873814465,-0.421851690848631,0.0432169754620077,0.0231108576478823,46.16,0
77943.0,-1.89562993525085,2.26140177536937,0.0973068862435555,-0.708852133619225,0.367070980247367,-0.1031398552087,0.562779664875826,0.189176142866067,0.685210015918181,1.80133229309267,0.690117447505871,0.555971415647774,0.739840247472724,-0.897182000659295,0.330842841983585,0.751417709735571,-0.75876031044465,0.561831707480652,0.424153383471567,1.08133643314091,-0.497838836927747,-0.902893711479357,-0.0910014714936261,-0.915945973764118,0.347413073281868,0.157523097723476,0.962465916749208,0.553191091574457,7.16,0
43965.0,1.23743635687995,0.710635338610202,-0.349187530301523,1.35349837091198,0.0660319935360084,-1.24934622210817,0.298167487859504,-0.23383503697043,-0.0598121790250399,-0.675530208811902,0.0896622776569682,-0.224927775199926,-0.265321333053049,-1.29525867488896,1.11195745994495,0.605895310090811,0.906297127213596,0.617648536675489,-0.624202006331245,-0.111213245191097,-0.0700760557454522,-0.138806291546809,-0.121076456312203,0.246508261837237,0.684126091364845,-0.326718645625438,0.0339032912572421,0.0570622588838093,1.0,0
150062.0,0.689163742746112,0.42257229158281,0.196998045014877,0.913964312230373,-0.548203863894321,0.605413920974708,-0.419564954974158,-0.777390216679628,0.665122585829545,0.105865386257725,-0.943224835677999,0.569565261427719,1.3351694744177,-0.359330916978656,1.53011956918681,-0.858419487526655,0.315218981247026,0.578301426114608,2.42966439152946,0.0574438534546388,1.06674984964003,1.02020154666386,0.296557243101969,0.6588314393356,-1.32029275566227,0.352392772012709,0.28061452691268,0.092089092006952,58.37,0
120196.0,1.78095469494098,-0.0270026795388857,-0.674922123660059,1.46613175987949,-0.255254387211284,-0.407276696898802,-0.291515332388981,0.0644955916115477,0.508209889636338,-0.206322970123143,1.32492517386843,1.01258805520458,0.0680403861078704,-1.02209786654646,-0.132123359548657,0.845336710102301,0.133893743996146,0.688181643182639,-0.436370057852627,-0.0991161951179483,-0.185290497993772,-0.547553265501796,0.323688530951012,-0.160551791222707,-0.455025538009314,-1.00622585631563,0.0585368816931503,0.0020667107684046,60.95,0
10995.0,1.24580499940989,-0.0435634899077449,0.861961545152417,0.333656264319421,-0.891479637774564,-0.857034796959579,-0.477755738741083,-0.168756987843578,1.83047914474354,-0.501829826150067,0.537499438053599,-2.69586401770709,1.16936599265197,1.59871605162569,0.647352571521928,0.515501082669645,0.330626073693434,0.230518536928386,-0.399847683665673,-0.121058447162064,-0.073473405297592,0.0191576682625875,-0.008036882503057,0.385468667231833,0.185570719228318,1.03330846083533,-0.0934378905143946,0.0044806202416207,15.95,0
77768.0,-2.16105075189299,1.00556981475834,-1.55831152447715,-0.0884479166376979,1.8266005739232,3.26170093539124,-0.900879456244285,1.87746715950912,-0.408378096126309,0.186572964583302,-0.651120236498986,0.111223605584237,0.230988056101342,0.897143176146281,1.26014115414815,0.39845802480369,-0.415611654960565,0.832659730756733,0.65911911720564,-0.232418060165515,0.172142880164471,0.713802081257946,0.327614345994075,1.02722452483948,-0.0781372114386202,-0.244031465307808,-0.0598399775139092,-0.216627356751867,22.02,0
128424.0,1.84380020303965,-0.688700572408922,-3.2133438521387,-0.580677651185227,2.58409299645675,3.17045969764115,0.0108241497028363,0.624878885365569,0.220534648423893,0.0720869992743654,-0.129678997713589,0.330474888045144,-0.329596898114469,0.64981327777949,-0.005096332843312,-0.622486733562245,-0.150112219230832,-0.936695157346471,0.0360893506147282,0.0800747804004793,0.0345614465466807,-0.0794408618083146,0.0117050946001237,0.76741982590634,0.169633296492802,0.568993214529938,-0.100609825228992,-0.0625930655658285,124.99,0
36587.0,-1.54770743182839,-0.132064755615898,2.06265551402509,0.38960135373976,0.790758503600507,0.912668918269801,0.886779444538151,-0.0392015516970465,0.272185332590128,-0.875454711083269,1.52309740615814,0.736901543938059,-0.357153280893751,-1.83486368113825,-1.09670199884939,-0.398621359683257,0.752289460348109,-0.186855987066948,-1.04538861220539,-0.113090097123389,-0.07786746340097,0.429950855208901,-0.44963757236261,-0.338392245397138,0.455760261755839,-0.377992495517424,-0.17937853396475,-0.442300082304183,171.68,0
128963.0,1.99748491627905,-0.911011413373401,-0.761806556514631,-0.148625837000766,-1.00606119577554,-0.898288204336884,-0.485748995895792,-0.247892208740328,0.015422836980319,0.667799797910242,-1.08384191237023,0.144845746089289,0.291353681378857,-0.008921265315123,0.282419679997638,-1.61381045914011,-0.165538017094717,1.20273151860625,-0.868926273425664,-0.511185798574615,-0.288864953445645,-0.312394532746604,0.193408528263147,0.0085085751716572,-0.191762412312874,-0.346456777248545,0.0257628595047963,-0.0280245956448774,73.7,0
4556.0,-0.146613695090222,1.13484711908617,1.91194465134731,3.15438474010258,0.204748681470586,0.0107859733138382,0.17660754894245,0.0594057962173211,-0.0459427134112207,0.371734310439984,0.858186760490022,-3.02510899538217,1.09042820142156,1.89863472783712,0.79999288029218,-0.323747886830209,1.11191615816288,-0.311918352563451,0.116782861035116,0.0176581218157619,-0.232265203865193,-0.498460474127474,0.234095850981257,0.288199156856591,-0.83639196070622,-0.131823780137038,0.0910342495421455,0.0883567216735559,6.51,0
83350.0,-0.470153599438168,0.915578316785047,1.64873491226538,-0.0881923777339024,-0.21566782168161,-0.72314342427158,0.517258004556735,0.137376421362002,-0.483909568901896,-0.106084978183342,1.27434381827436,0.0592811987594209,-1.30729797418176,0.593292017842135,0.266217712152978,0.392022245853587,-0.499918241877719,0.22519043074713,0.235010251967679,0.0205892020661762,-0.177574320611827,-0.544355680236024,0.0022682880371887,0.483193343857144,-0.293165933050326,0.0452386676366835,0.254245628835019,0.110205350650343,1.29,0
161538.0,-1.35919412281529,-1.89902677198703,0.258611744708753,-2.67665938384153,3.33789022856348,2.88585152827063,-1.81208019307987,1.21333251472017,-0.87682112344461,0.0402505710346711,-0.201517872022281,-0.828820880415801,0.0735672394610295,-0.305272390145811,0.646798391893587,1.24010725101757,-0.150814533002104,-0.873277324033275,0.0679745269544752,0.561561568826531,0.58483182889004,1.0641717636242,0.0253617081184333,0.735409948449994,0.0409239994065375,-0.0442802533906807,0.0923941390118738,0.156964841002352,10.0,0
78029.0,-1.1646669161919,0.426492684032393,2.9184960818835,-0.356171187223685,-0.280583740049638,-0.0696694696993063,0.264773847808761,-0.0034232014916559,0.265572454850904,-0.409834572272384,1.05658143235978,0.818280751278233,-0.149138264213617,-0.648410109608949,-1.04557081582495,0.346981453698355,-0.692553486149865,0.230975896379907,-0.294238673367234,-0.10081506921238,-0.0159819615525257,0.160420193999989,-0.227074031303194,0.564352205241555,0.182601463920355,0.153390425557089,-0.384654426490123,-0.149108424843638,11.5,0
109827.0,-0.118499146230248,1.17629095613052,0.0348715380093972,-0.48671106543948,1.24244065094534,0.0345162075296755,0.967980925187498,-0.302677622032063,1.29858544727104,-0.0721510779310293,1.61949322911177,-1.79578800306218,2.23364841125001,1.63694775279628,-0.484651500851269,-0.538761243098957,-0.115217444828207,1.07888475445238,0.646069092891151,0.284502006096661,0.160388788920796,1.20667958505433,-0.303989362649879,0.205206107769453,-0.338867823557862,-0.488722798832482,0.412229828441049,0.110119968026698,1.0,0
114254.0,-0.265853861162679,0.458076300417299,-0.168728003912814,-2.67062244405295,0.763387309578344,-1.23312642010161,1.30081075662767,-0.24592966949481,0.47363030088024,-1.52385943344117,0.347658535389772,0.422297678440718,-1.32952640646645,0.796904173431232,-0.755131942598773,-1.05596759490653,-0.238915424787137,0.278823404580759,1.36973333285406,-0.16812651018059,0.0994371878814467,0.413489771093286,-0.435944415887647,-0.298286790159347,0.341368884823145,-0.155146014199404,0.0819945755754214,0.108724591464509,9.85,0
32344.0,1.20862408239571,0.108148641120101,0.907736970951445,1.24771638723681,-0.538890553015205,-0.0782210547104895,-0.34001337802664,-0.0228522845043207,0.625605208951069,-0.202916716951909,-0.94121811533449,0.956455237442715,1.26841957457626,-0.542164178800733,-0.0534440906918219,-0.0507535410647575,-0.386945418630539,-0.0355282236188695,-0.105197507145921,-0.0626464379983025,0.0764394177097957,0.535372509963622,-0.193356616177794,0.101028064149728,0.742926580413845,-0.19707722614737,0.0686639869976122,0.0280153161541411,3.15,0
32970.0,-1.91294206396037,1.86362772713773,1.09369621481353,-0.512483073667612,-0.198517296214926,-0.28077472248027,0.650423853828227,0.0556368133335463,0.828921871452597,2.00606945727081,1.78023420346722,0.250871156995195,-1.07296062551618,-0.10384453226917,0.620831651220364,-0.126296035794532,-0.405172720632055,-0.389808733567489,-0.298033370547508,0.81033512265745,-0.370560410191394,-0.511966666943169,0.0744997407126793,0.155866686161044,-0.0794420535227239,0.0605871786309481,0.595885172673542,0.291177730873886,15.25,0
22995.0,1.039999752694,0.201269664499335,0.235106624052763,1.26330937882807,-0.14598416506791,-0.723108245108336,0.301343343442042,-0.183574989823932,0.952196650582442,-0.225068661667581,2.21820980771132,-1.97583445312052,0.656710970385071,2.34637804137028,-0.555045011304265,0.211064795920778,0.181930174269617,0.211317824266694,-0.0286158962711058,-0.060142759906562,-0.445061369836507,-1.34026323787305,0.0767113104278026,0.182155717954771,0.288876471168045,-0.803270429522108,-0.0491002222120103,0.0206043472791866,92.0,0
146292.0,-0.323478121652552,-4.23758150428068,-2.23270630722026,0.808860282631423,-0.572139978990821,2.20682288561912,0.749310645201031,0.314057084455188,0.795992007438869,-0.556517645752546,0.723128839679762,1.01793299311935,-0.234696566689012,0.440730999677274,0.181183947289839,-0.206107835680797,0.120153388510755,-1.14966871875568,-0.61249783498716,2.06649463021919,0.339910469670846,-1.4459088269261,-0.501291878161242,-0.918941891507836,-1.19839646060526,0.105564184153873,-0.222304872436101,0.131250081955506,1154.26,0
33520.0,1.35233923289462,-0.534984321797451,0.555142650170876,-0.629355143174906,-1.14416971869083,-0.852967139820272,-0.642128457755759,-0.032658962964561,-0.654482071574567,0.619206187060914,0.103614948849898,-1.06797083393589,-1.22762850794387,0.197196089618041,1.15136424530353,0.846905106755112,0.710308705695301,-1.9635062570224,0.130405630481117,-0.066712150838598,-0.0148142297756589,-0.180378540961684,0.178111687747545,0.347719816417468,0.151809867963572,-0.404361162664409,0.0137460576712457,0.0161522523574824,5.96,0
69086.0,-0.653044413885319,0.347068369250422,1.9463619671444,2.0508254860182,-1.40970493275406,1.01513995001106,-0.438633119832574,0.831912804932225,0.332769238235404,-0.519366251812657,0.179332500709373,1.35019741492688,-0.124471137305844,-0.38322384209684,-1.80747745494336,-1.12764798129651,0.94779812418824,0.318779458715631,2.43054787270297,0.215082843048481,-0.030716022442359,0.080385926005019,0.216029383611833,0.345391770322035,-0.246371769546745,-0.259797519400272,0.0299093115721547,0.0113149837858268,111.22,0
119512.0,2.04143972821164,-0.927754839462035,-1.24452834729805,-0.710316563057875,-0.789037846665651,-0.428840976468342,-1.10649815700496,0.148738245512478,0.031701934135921,0.277832776337392,1.09888037215571,-0.961054694342901,-1.51320148286619,-1.59287309331453,-0.146967944869513,1.956569849535,1.20809328706386,0.271610061618844,0.489879939011657,0.0302612150231204,0.28779787039821,0.699366014387811,0.123878462840422,0.621996332327771,-0.232424482659245,-0.141671289492932,0.0037958931536925,-0.012090392831276,49.9,0
50657.0,1.15278000240317,0.51241890176422,0.279717612460533,2.46283741329109,0.0993148745379505,-0.277007489915912,0.231628157917804,0.0019786076614633,-0.70632204666432,0.707209765660004,-0.565371326975136,-0.777861996503286,-1.46261939887682,0.732957173672258,0.704881117883198,0.237580879263497,-0.165570127546291,-0.715003356209008,-1.26690241616838,-0.267433656250021,-0.0322240257251145,-0.172041909588963,-0.0118610758224478,0.0359808372370567,0.484439284617888,0.0399466793358513,-0.0220770852472707,0.0107042501623421,11.71,0
41950.0,-0.860277360257246,1.04643730160029,2.39350302318466,2.70085676565206,0.0174174237670156,1.59381137326264,0.133477382525035,0.218073759118703,-0.955614872868432,0.558877172500293,-1.10404151787609,0.122353445938555,1.68725439692229,-0.680043141239707,1.13194221143087,-0.068335849014202,-0.0389299117295894,0.089276991006368,0.750317055022509,0.155003880646579,0.162409403719613,0.690826071742921,-0.363601180420029,-0.694458262696112,0.163813887182757,0.446787418968888,-0.0717268083412826,0.0877048505030663,71.55,0
132350.0,-0.541163303714335,-0.527384248957767,1.640388534576,-0.60680115487117,0.429434900422729,0.0403600081043566,-0.415427897902304,0.19914117193056,0.467148850564566,-0.142855878577512,0.561160339112968,-0.324425557334408,-1.50853747692322,0.0005683623805692,0.272025822492726,0.022636660498641,-0.249602802106181,0.740537273840918,1.25084867396881,0.256050106420761,0.252397773854292,0.755689814290369,-0.0440693684635002,0.773104608323934,-0.699372459935613,1.38358160856866,-0.108520048540517,-0.0684791663345711,11.84,0
163017.0,1.84335985709839,-0.469635633734313,-0.519079759414016,-0.0262742291858386,0.135636925828519,1.22662957635346,-0.809322828851946,0.518935630770723,1.08859339673024,-0.197080129270642,1.33624107870754,1.31005793771613,-0.0500565281860817,0.349485739035328,1.2152943709132,-0.413688815228983,-0.144304847745613,-0.813601478393177,-0.870888778480643,-0.32954541931962,-0.0037920718218789,0.206213804786207,0.389327709219522,-1.47660804490201,-0.582955395286707,-0.822904599176476,0.108151554644426,-0.0522331263991093,1.0,0
19898.0,1.29676151427955,-0.476986106960521,0.8357393334152,-0.169315082616599,-1.08079302287299,-0.592712740371846,-0.67250628093764,-0.167397847534191,0.745368288722615,0.0602079764095641,1.11327726016673,-2.38659823023875,1.93420672558401,0.95759787081379,-1.05195345195906,0.0840698437590842,1.86344394981457,-2.16075848428103,0.171565623333722,-0.0025859748362679,-0.0990774262845638,0.0816048118105411,0.0611226850826512,0.595499431170419,0.399299545634324,-0.28886366822095,0.0047562854624771,0.0114369461279973,20.0,0
153813.0,-1.0023175767548,0.551733578544167,1.54863835737013,0.769830248636617,-0.968700842193208,1.07350041160564,0.223693931507861,0.0946858805886001,0.491243933158638,0.380146170299599,0.353060836873351,0.0949298849515073,-0.279845270525545,-0.230655932974746,0.840887878750828,0.681205013103782,-1.00433259288644,1.50961540710597,0.442617710199275,-0.368358584429042,0.392443187478465,1.30500231324936,-0.0269509274355405,-0.405279477840602,-0.860144682852681,-0.548474518120456,-0.289734111818683,0.282819507036136,143.07,0
70899.0,0.633151262197865,-1.66539156230793,0.581120223312704,-0.966941867171738,-1.81315382425131,-0.591353912919501,-0.49615553659193,0.108119346748413,2.22008660231336,-1.27506485608497,-0.266193500848275,-0.257462627996604,-2.21153424734879,0.327444341748152,1.84178513692113,-0.66660185200489,0.45666237118873,-0.0265959680983794,0.114264384163914,0.333249883670488,0.315853631742029,0.433275609459219,-0.268689804549469,0.428883584040195,0.184989885693855,0.0999704560726305,-0.007936223334332,0.0698408600016559,299.0,0
119877.0,-0.900274040486369,-0.283949604697824,1.76206258255119,-1.20682963064771,0.620416054398639,-0.171509036128569,-0.265878527662456,0.0506365491768289,-1.14351762337687,-0.164398285657042,-1.75178454777977,0.0895972544575243,1.91479931952678,-0.492575194991448,0.809863042990915,-1.17800980830305,-0.663579237320209,1.67834863980673,-0.0538390422650228,-0.106273592190776,-0.481514634678211,-1.04376812720611,-0.188368383721812,-1.04764311900844,0.392581229886359,-0.341656524376998,0.0827845197563397,0.0862871866702213,11.86,0
152901.0,-4.6978866398872,2.56580898137767,-0.969389473253244,-2.51352390681297,-1.1592918218011,2.19087968116949,-5.1145122376798,-13.4834726392499,0.296147629704325,-3.01812395301871,-2.04417065101372,0.815152267168893,-1.35720037990926,1.53122329391211,-0.0136513066490866,1.65741583137932,-0.373301264123177,0.464325945431884,-1.58681582616377,0.782431674799332,-2.03886156743833,1.16516720182451,0.936519511134251,-0.755808996631455,-0.14235977788299,0.530337707114496,-0.0976174743283875,-0.221069295965739,127.9,0
73309.0,1.13095585309812,-0.193210389444837,1.13978819309684,1.16481689956147,-0.891187226021118,0.274484295840024,-0.763092117659345,0.336960409680091,0.866337699604349,0.0084385728331514,0.373311738386719,0.319064194408341,-1.38998073356448,0.0953507866029432,-0.345284184965522,0.436424757793515,-0.539424023907402,0.712157806958557,0.212450310756676,-0.200932851232237,-0.048158319371968,-0.0357808270562669,-0.0422084828378411,-0.0427682556812977,0.381419623567936,-0.400828892310024,0.0590627018136091,0.0217668822904941,9.99,0
80814.0,1.21942858549906,0.222309706005685,0.539975567546087,0.501319007852195,-0.396521475217753,-0.661101730189227,-0.0236792055763445,-0.0737374934243728,-0.25589588207901,0.095527568366933,1.52812684077924,1.20303124269263,0.50433394287067,0.381104762029975,0.30134901402981,0.486702856954366,-0.689993361800965,-0.0802357638232647,0.169626220322569,-0.0664294172082731,-0.203242118335644,-0.60933339144773,0.12134873827065,0.33156683085207,0.197151297447304,0.0764135862195864,-0.0309164523148523,0.0092562337167648,0.89,0
66232.0,-1.04781452632281,0.303124289072128,2.65871627381201,-0.991123170005043,-0.318946587311036,0.187725359954631,0.331024576337288,0.0012778092604178,0.869055382405555,-0.846815419381632,-0.749338611933063,0.0177015545081914,-0.599502723959526,-0.887518255655881,-0.546199651768949,-0.331319126210615,0.0977698119752913,-0.992206219211809,-0.379068542514758,-0.156578526955988,-0.204325283753436,-0.248765531832732,-0.13042187263485,0.138882930163588,0.0403616897357626,0.837934160052998,-0.399529822149289,-0.201434428137486,17.33,0
152160.0,1.71891474297792,-1.05934322505484,-1.94954310614269,-0.600203223866766,1.66082278110981,3.80127275041889,-0.988142313761163,0.971152054268124,1.08506078022287,-0.144861493737416,-0.0426861419933075,0.407918897416136,0.0492250361477857,0.209427741032912,1.42537466487034,0.22539970916875,-0.756010906044847,0.188519887007515,-0.54814560348544,0.137072118321963,0.294718436503876,0.604008758659148,0.0616553775081798,0.723103975628781,-0.153093195810546,-0.237841348076087,0.0279011877528041,-0.0191714011740512,142.58,0
41613.0,0.88803806520888,-0.219858176809762,0.656856911353383,1.09341732752955,0.0721268008324631,1.42636741718068,-0.494122686885303,0.514649757341371,0.257219258048227,-0.181032802281916,0.485557296570918,0.479205324214279,-0.0479790839256188,0.274118355417043,2.31362201069631,-0.82027009321274,0.602797648968485,-1.68970467547563,-2.21066492515265,-0.136095005668266,0.317321197249361,0.966377333098742,-0.0284067168728035,-0.960700639395554,0.207199343984264,-0.129289251305024,0.100834301102533,0.0275251609819683,71.98,0
19349.0,0.463598779158506,-1.04301853145962,2.09550519541751,3.32604813489693,-1.3866625750721,1.88633276746832,-1.21437716927036,0.626074777794766,2.24500261412841,-0.107636068180823,1.10392924221143,-1.57191678457931,0.847204242576553,0.558763442263547,-2.99017057006833,0.049388445662557,0.889252993118404,0.364742013088838,-0.895277161416764,0.241097258355634,0.140335154973121,0.518077225117353,-0.305530065844135,0.0084162034007976,0.229396060566862,0.199050570052824,0.0274056269466176,0.0631852394238556,261.63,0
133012.0,0.133978333837585,-1.12502223896236,0.282556384941797,-1.95844922041881,-1.1540691312981,-0.707427141040328,0.181087250539173,-0.308200642239881,-2.04356983171868,0.925082220779735,-1.07019886422726,-0.663931677031894,1.35474706982665,-0.700595371409807,-0.499233506851114,-0.792465257996456,0.485336980642397,0.181436274233713,-0.0050969033038234,0.109107157263423,0.202845738022167,0.822978965154794,0.409775252848449,0.0566515474776414,-0.61619757418176,-0.0930403785108846,0.104093307563238,0.125248595731386,177.75,0
160796.0,0.238408872605878,-1.03094991805083,0.192826697286135,-2.61402831307516,-0.870284064358442,0.314456726276765,-0.0376591869293963,0.0489103199316277,-2.07331470140161,0.940842238183272,0.155572895727228,-0.517272965309223,0.524692822388658,-0.488762816334764,-1.20756775909476,-0.105613592628703,-0.0838116108151072,0.764618692970457,-0.0044812219303303,-0.0450078718901587,0.0117485963967341,0.190197657130655,0.335268553416541,0.307991021142956,-0.362836145451284,-0.285490536788023,0.0047813260735639,0.0080968278146444,151.85,0
56419.0,-0.162148552080241,1.32761920941921,0.170438759073864,0.653052147272302,0.570840563438004,-0.0264005535512103,0.406616672406348,0.263873575737455,-0.834722523007244,-0.403079717564562,-1.62901144767224,0.444964065804978,1.89765303840527,0.230117921996564,0.910555275037914,0.184792511724491,-0.637566096445,0.381702312915049,0.861499693097498,-0.0109919857329072,0.0950217553406939,0.291262789890662,-0.266082144541981,-0.962871690493682,0.102251726824538,-0.246083358201923,-0.0326359436016544,-0.0296263722915506,1.5,0
164690.0,-0.4197158768449,0.535741274926086,1.50859189209532,1.09623273357187,0.163866275308603,0.255074315647994,0.442458283889048,0.0120755235969647,0.49868376151199,0.198323235010777,0.196895714787788,0.0040113388882209,-2.11431286005863,0.0062993293192742,-1.43024233399342,-0.798316525560288,0.0958062696066031,-0.0342763224700676,1.43796044964458,-0.196293093410467,-0.401815037704018,-0.873105116236046,0.100246136215973,-0.0950467598330195,-0.987719972279417,-1.07488926573305,-0.161769454662335,-0.013403003248135,16.38,0
110410.0,2.00401438778281,0.212113989462001,-2.11725993219665,0.502762960861251,0.927443207933062,-0.594238415722214,0.280437753270325,-0.419920134737137,1.71532559973566,-0.956250399111203,0.153784500694691,-2.08888056508446,3.03595329837601,0.309196424522626,0.141512931270892,0.402567402874615,0.842923048588266,0.959441835861944,-0.384935739737798,0.0138332955232476,0.0360841624177896,0.413933391999408,-0.136522657320066,-0.0657823136450814,0.368374733902443,-0.1405046621124,-0.0373803589029482,-0.0223653478314468,65.33,0
67662.0,1.28682930738581,-1.29718112320941,0.4114230414363,-1.43760837563445,-1.05024577801942,0.791911734033368,-1.331462302482,0.41593402047222,-1.64720858646389,1.29028927571624,0.502539701997658,-1.2389150798923,-1.21585673017086,0.150310274669054,1.80823813844827,-1.68668162433587,1.92203477522416,-1.89558481972551,-1.91128921709673,-0.554003492028521,-0.0846925277986997,0.196398429017335,0.211974416464273,-0.689413980682801,-0.0283993473822339,-0.0942989796166428,0.0892542703783107,0.0082156298214302,25.0,0
151022.0,2.05998184962062,-0.0553122472036788,-1.09400445954642,0.391374641770833,-0.0735208901548103,-1.08804855717242,0.170398005054542,-0.306827238648632,0.538547365034403,0.0640478104416148,-0.74649192119479,0.45769384326947,0.114429059888963,0.268298285919785,0.087821555246862,-0.145318508294663,-0.25973201121928,-0.940908392042123,0.100761037139381,-0.227338382190185,-0.288021104727084,-0.684565632572797,0.33843392281944,-0.0826742187024317,-0.302324293570954,0.205375649413669,-0.0672244691156479,-0.0612608140906287,0.99,0
151637.0,-2.53601067931286,2.53615445905634,-1.95693950351813,-0.764080262836465,-0.950827571008634,-0.70203552439783,-0.912447076637765,2.15043202275406,-0.519422981106944,-0.540893697523874,-0.219847350007201,1.05404697296282,-0.851888944589576,1.88671075119636,-1.43203252471015,0.492770726722792,0.297078962134279,0.0506451194216365,0.25188184670748,-0.386741685786002,0.0634783979927069,-0.343833615907353,0.376437945646634,0.735963297471553,-0.683681214836108,0.0958596633133628,-0.30699602739776,0.0636315019928442,5.28,0
159624.0,1.97513456264044,-0.289806147641815,-0.189124932710708,0.519080434195747,-0.688692292983137,-0.588760315143264,-0.48848773491735,-0.156869454704642,1.22589348486672,-0.212552518406894,-0.705696583208341,1.34251061302292,1.71774968606206,-0.516684862894256,0.297031515698865,-0.0053705006167753,-0.585516826591031,-0.0042383060493561,-0.2482856613271,-0.119256903204089,0.213095422067252,0.951946151599071,0.101040638191745,0.115603443294135,-0.0440182011540459,-0.221147542261016,0.0522595301590008,-0.0327017097755905,9.99,0
156706.0,-2.47210667013496,1.36971558529106,1.65959571981358,-1.75687099057154,-0.953705002122865,0.388618233869893,-0.304216209526861,0.154886244498633,1.05126571454285,2.69600921913075,-0.820144559646597,-0.397237838587467,0.805969007207134,-1.33207395591275,1.7359607795993,-1.19850476402807,-0.720600399634922,2.0114382213358,-1.16082490461536,0.804383006091166,-0.467072567703003,0.058916956057291,-0.262156290314125,0.547241648834833,0.713984311681326,-0.0861920976319548,1.00604846101225,0.599200806103917,25.44,0
125497.0,2.06805072778464,-0.844810330157171,-0.915000479895505,-0.469800350205899,-0.560508150057276,-0.296118587755628,-0.514338690405919,-0.137498840922616,-0.271894350467341,0.745032426610211,-1.20576773743713,0.339787509603652,0.912130997341554,-0.215358016840765,-0.0727551148376785,-1.29052182698805,-0.211766229509079,0.466416620327523,-0.401898147881924,-0.437678196921902,-0.857058494157965,-2.0229289843541,0.558489046422497,0.407952735305823,-0.718027028835407,0.0305859084229054,-0.0416899863029933,-0.0295872345729245,57.81,0
62613.0,1.01618769206445,-1.62349095599461,-0.0429385074352124,-1.2111564720004,-0.825063176163906,0.865022535596768,-0.78855577771947,0.214431518148338,-1.89997371719385,1.11836102363469,0.565427433735123,-0.19038524359204,0.397155728362323,-0.217181114973392,0.679024550427631,-2.32987405937427,2.19333984449969,-2.36281700816409,-1.67312673807313,-0.166911062416018,0.0290968141150955,0.403616392530918,-0.0583105558212295,-0.601334071176261,0.268127252531538,0.0267062378779492,0.059460386941201,0.0257464327053551,171.8,0
149036.0,1.94955084083296,-0.543012082054991,-0.376897116451928,0.307666796029631,-0.603178040966427,0.157345474168731,-0.879730080189449,0.28410681465509,1.40565451262064,0.0329070037576581,0.529816775000804,0.421042157428999,-1.35053719495481,0.265731361899717,0.0145365737178897,0.294354863424108,-0.627180820632288,0.798492287597396,-0.001674202125991,-0.296580153543608,0.225474127285421,0.794064776375458,0.178045936752402,0.690073516741373,-0.170338376714887,-0.257642615538039,0.0289540501265514,-0.0443927570521089,0.01,0
20677.0,-0.715251629952768,0.45815475297957,2.69018190507667,-1.75797176867499,-0.0977931244597261,-0.179913104405156,0.409039471670283,-0.16591462389858,2.39684215834291,-2.11550303518546,0.790405091723435,-1.51412235453673,2.52502144489161,0.736312772138997,0.101125814813337,-0.741427275573905,0.475412287525322,-0.0572711161722151,-0.525703960527655,-0.0218553340154925,-0.115880928850912,0.296148206621472,-0.348737588705169,0.0563531102441426,0.429196200793476,-0.816251572581921,-0.0607918215011605,-0.152713230336104,11.85,0
172784.0,2.0395597743273,-0.175233101001927,-1.19682530872319,0.234579607988183,-0.0087133009403986,-0.726571304321129,0.0170495738463204,-0.118227888875525,0.435401855087861,0.267772347450891,0.523316131773517,0.559046765075357,-0.834660332508686,0.626210981078776,-0.541493600013251,0.225361337908771,-0.605251616757992,-0.163048600200317,0.561694708382262,-0.256922418016701,-0.26804840149822,-0.717210727822689,0.297930407329156,-0.359768732815729,-0.31560989657687,0.201114369908852,-0.0808258348962747,-0.0750705159276977,2.68,0
83220.0,-4.78202545244774,-4.74881818847301,0.534662263756619,-2.17176107937576,1.41475192959665,-1.5709264665774,-0.76718359751505,0.591898957155955,1.96521247257436,-2.23158504373777,-0.121719884469532,0.829320350427661,-0.331465803374577,0.172393123612284,0.686070783082369,0.248375016127095,-0.886532097801734,1.63636889455163,1.36526153874414,-0.522730312192626,0.0445260785458349,0.932052573004328,2.62534526954612,-0.858287946800984,1.29112132338608,-0.630104391909887,0.386355322899193,-0.36934574049561,184.29,0
151520.0,1.98937159300815,-0.389370411627495,-1.21063610750578,0.117807168596638,-0.0756530599036294,-0.45309702598328,-0.0944181218481284,-0.0926785164322202,0.934648487980622,-0.0386396181314153,0.366868890566227,1.04121166851973,-0.327462924102402,0.271469544398272,-1.04801570980317,-0.410648401923501,-0.347683232627264,0.0951654883376962,0.610440859531767,-0.212549866260077,0.122694602413123,0.616748233427202,-0.0227915118851522,-0.337089301522988,0.187236222998654,0.199434978766372,-0.0312689139102722,-0.0741791775608886,20.0,0
77554.0,-2.63472848894258,2.63326581789844,-2.34958557253451,-0.216556307745706,1.04803160021367,3.77657852348032,-2.34045542946277,-0.0788189274248986,-1.26762837637863,-0.822644320485101,-0.926024469621268,0.593538925470755,-0.005583959429993,1.98032655838598,1.00646768360174,0.612404287225675,0.09766888833388,0.708639427812902,0.565507217415282,0.508627563639996,-1.03916716662531,0.514267289584541,0.232219829020244,0.98113352018037,0.0124988683421331,-0.329391278049363,-0.251313361014398,0.0247383187328431,19.92,0
62120.0,-0.556464028866305,0.817447723562762,1.98650435405126,-0.789214191578369,0.48178166147373,-0.739410042496733,1.42885618619231,-0.93537677261778,0.443396851115381,0.96786285504493,1.69496976468744,0.151818176429325,-0.745096258053635,-0.590830067727463,-0.203525437941199,0.325051364790913,-1.33067229134799,-0.116499339281473,-0.65794181003192,0.164395791628537,-0.297851927862935,-0.404901966228099,-0.0917774789451966,0.487842944806897,-0.470088504878833,-0.292935114097132,-0.971175972147893,-0.799559706944138,2.67,0
166370.0,2.23458365621657,-1.34775112783171,-1.20304827743373,-1.62483029179873,-1.17806800062802,-1.00186900804602,-0.887506286555564,-0.245121685692783,-1.74473113898691,1.84975242829948,0.887266948013287,-0.425716821914349,-0.0575590280550144,0.150157104989905,-0.398526609966568,-0.449739906412412,0.250634370131577,0.521943769721218,-0.17922764483262,-0.424040461615143,0.155615894598653,0.84686699447434,0.0607473547344734,0.0254404111474067,-0.0004940725746461,0.0567869411208653,-0.0170756982760169,-0.0669114559697841,35.0,0
29712.0,-0.267811426176908,0.468324993737826,0.0069085231352306,-1.35541465513883,2.41864475560716,3.46952690627843,0.0359007613370757,0.913897679996794,-0.290828568203488,-0.619423019568765,-0.427860501575021,-0.115444734352984,-0.178812427352012,0.0989029631751478,0.277507354806709,0.119345710921914,-0.552609277067427,-0.0653694235448676,0.770089134443769,0.0848591042746004,-0.219477052421929,-0.718779959877171,-0.128053577121327,1.02877664518071,0.0184303827620003,0.419461499268319,0.0101196617748573,0.044686550678679,4.0,0
104302.0,0.193280195198146,1.14246572878576,0.131595209793263,1.09560944883855,1.13705490261605,0.0948927424933622,0.704922353577953,-0.390464670428871,0.94337537850449,-0.399154012219025,-0.0935286849236373,-3.63291340216593,1.0268490345311,0.594047709929485,0.87797155847692,-0.734747357304704,1.93512853523161,0.723056885149479,2.81409070223025,0.27452553750945,-0.492008214236352,-0.930190999458948,-0.0794979440925295,-0.0572954505208847,-0.763732586465723,0.536135120563682,-0.168229963408549,-0.0258669735304738,1.98,0
25827.0,1.18841625589949,-0.177622771610717,0.547987501080589,-0.0230047256104136,-0.834331041172781,-1.00594781098724,-0.139957779546419,-0.180737986440488,0.38286490322903,-0.236896834841887,-0.217750571578931,0.248479797776091,0.181720694275563,0.132315543374773,1.25316547623891,0.410380452763463,-0.364703440047389,-0.414342511959754,0.0122660144338332,0.0374876268955026,-0.103705388572238,-0.395407419829529,0.0535065580430317,0.451899642921613,0.100981150745377,0.898964078284948,-0.0797396106644212,0.0181065182951268,51.32,0
136575.0,2.16008817997285,-0.3384497108321,-4.26701174925429,-3.01246843889204,2.88656137720575,2.00009419839677,0.159813117433782,0.408042400800947,1.32992642193667,-1.59999748499393,0.766006235412401,0.566179943767215,-0.374465211355645,-0.147685093472306,1.76004042345448,-1.16888208338004,0.839574162356687,0.144840411603813,0.783468386033542,-0.117828254349821,0.0684807138074618,0.343032817955969,-0.0555317247618098,0.644119454327185,0.634339699736193,-0.645587872367115,0.0224204734890009,-0.0493197969861521,7.0,0
169188.0,-3.4606831334081,0.104371780659239,-0.313733496135622,-0.31918388276565,-1.20314939020978,0.0439243785622814,-0.940979354913741,-1.76797869986201,1.3641842305018,0.387326814311013,-0.146112933641301,-0.757974538757701,-3.38650826110769,0.735510566650052,-0.388784465509279,0.896184121165982,-0.323180986544663,1.04366766893085,0.0012179898553241,-2.15438105456127,2.25144198281402,0.349069424373175,1.07254794970355,0.0442338444879268,-0.725385673524009,0.48753253156872,-0.119369220359989,-0.0512856347397059,109.99,0
106709.0,-0.831695236263942,0.477520307559676,1.88697868107338,-0.284432741045767,0.799793485916913,0.22015073031148,0.450036273545364,-0.218620077171942,1.68610715768905,-1.02149733987583,-0.627127469935313,-2.96801703257481,1.79382224073887,1.16116687414226,0.762913665919106,-0.0192074186650807,-0.0409146262312835,0.786163750821537,0.896624537208947,0.0182450849054218,-0.38155277514097,-0.581228780068554,-0.124440132993804,-1.17460624024728,0.45101115383804,-0.659711236265845,-0.171223338655592,-0.184859748698095,11.27,0
70525.0,1.12366052248337,0.423113221855909,1.02278526432356,2.82404913936246,-0.485364928713654,-0.326917229077517,-0.0140063352976305,-0.0577846487846275,-0.282758838526866,0.503455563381432,-0.651301383466996,0.505294521868885,0.247095415075336,-0.250467815887756,-0.967275785557323,-0.0197198374380315,-0.0526489941602135,-0.679262236565672,-0.744390197246078,-0.149423177559551,-0.0501587436386441,0.0551277132107494,-0.0491845520583364,0.736883577880058,0.593712079215665,0.0556343905822194,0.0108233318375999,0.0254560702418007,9.83,0
76571.0,1.24250210676228,-0.0750688093714438,0.155346092156459,-0.306323213181966,-0.219632900480124,-0.225596903184726,-0.187452223961565,0.0964293091722841,0.0684558566399706,-0.0535954646002408,1.30963010750456,0.545918291922524,-0.658596987374795,0.612091129371911,0.697688754677115,0.243467730453357,-0.316205369767949,-0.427092580370013,0.227091993994068,-0.131900108253244,-0.183026635311103,-0.552590922952298,0.0986531870729617,-0.272288858522815,0.0899140062910974,0.881939456729786,-0.079061796477403,-0.014628299333503,0.0,0
145944.0,1.84749834264139,-0.413130317048366,-1.54518601708501,0.329996362480365,0.128652865222854,-0.748690613941578,0.340158850485378,-0.251722221397613,0.7078361106039,-0.107433280222777,-0.950995800201552,0.067083703623335,-0.474253665133369,0.566449825285381,0.618097841086661,-0.0879606085422993,-0.469699977925286,-0.406999736176014,0.147686007740702,-0.0037705284478056,-0.197864640125728,-0.797187581841523,0.219590064387641,0.524310807065661,-0.16408523821944,-0.63863752637381,-0.0464124034270766,-0.0242845682230007,123.19,0
63074.0,-0.242175505832551,1.37965504285448,0.829720560814952,0.711890549733814,0.495486935619739,-1.07566301186666,0.951878692962816,-0.185202451574097,-0.695218799846756,-1.00420698741917,-0.0466358901490775,-0.155587972457497,0.281643927899663,-1.24300949801911,0.804601313560247,0.395931465263216,0.665684993511322,0.582317777894491,-0.445775992042719,-0.0297400919050953,0.0241170432825792,0.117283886252265,-0.282374556866639,0.280867830284636,0.263427799677284,-0.369282707135035,0.0607963730525746,0.0578687963744238,1.0,0
88431.0,1.94567190679534,0.66649785263979,-1.75304308369634,3.40249676505804,1.33607222181374,0.122577182379386,0.6763812338247,-0.10937109666024,-1.67283133982974,1.75990624061993,0.120882908986545,-0.220066759053743,-0.721589834566017,1.01002010351383,-1.21343006746683,0.916667810115079,-1.13949739497188,0.117645859767033,-1.0436613701689,-0.249262776032035,0.11442277706162,0.167455448472566,0.0123592245503611,0.243542462145444,0.299285144405825,0.0484301467960384,-0.098371255411924,-0.0691065547550682,26.44,0
122001.0,2.0635131170719,0.0957320487571478,-1.71039737847292,0.423116441077239,0.36887812445288,-0.827468473308779,0.121406815024721,-0.170113699890125,0.603230192165195,-0.364994389940807,-0.622785148853319,-0.220434372041572,-0.686119091070078,-0.689521113492735,0.332349214010796,0.2857838206562,0.580896629576516,-0.313209168111356,-0.022984787509289,-0.210117791338581,-0.365589450501198,-0.97759009699198,0.358173743996551,0.488235260952677,-0.301529258916181,0.177778530803289,-0.0643868853048443,-0.0323281329019415,1.98,0
73165.0,-0.146329121126514,-1.20496850502616,0.440234933650219,-2.12154245656206,-1.12158520908576,-0.393869611259537,-0.160896684894621,-0.92149751097212,-2.63162567692506,0.990887517099318,1.49435670637773,-0.267655759186703,-0.336931638918198,0.362358683396829,-0.646262552711717,-0.472220796410939,0.542284332304892,-0.519982932351327,-1.01251666198723,-0.101179202827468,0.503497737995769,-1.32023304516316,-0.0676037467895766,0.156082445464783,0.515569226848608,-0.559616549239147,0.093113587894165,0.237006558740392,260.15,0
142294.0,-4.82981903960835,-5.10372010005891,2.87904479031421,2.36220214101708,2.83143095277249,-0.872449360766763,-1.58053929035663,0.229649484369967,1.74050300278137,0.293819229266535,-1.55315681026713,-0.489596984010567,-0.628354767650228,-1.36640110603675,0.279646114857344,-0.251838927739451,-0.262371603116963,0.887417099289924,1.10027112882946,-0.163641882647982,-0.23027667739116,1.06943855073175,3.1955399075044,0.665341660730675,1.39250867853744,-0.14178043927043,0.40590639190643,-0.51057855319213,30.0,0
157306.0,1.34945690823364,-1.43411516584145,-0.722508178672171,0.808494292457474,-1.053683826999,-0.535777582827365,-0.121237759210654,-0.164917182843721,1.04282019093828,-0.0497255820697472,-1.00100918413806,0.0719058356380332,-0.0052436115764863,0.0584080608100148,0.932214262589329,0.613548351594658,-0.705475022743813,0.275781986288789,-0.523605398064338,0.482480106891336,0.383056884544669,0.466188331615518,-0.136369782871725,-0.0634097831411797,-0.401571861972091,0.32800162429035,-0.0793217100373077,0.0135006254355701,348.0,0
158441.0,-1.22840641135544,0.298752153067242,-0.181591018760289,-1.25230093299947,2.13813521124329,-1.15192362179025,0.736992467192547,-0.163005151869206,0.0427222869881555,-1.17043988130464,-1.15643971221379,-0.300078978050179,-0.224478609484647,-1.05136305968594,-0.777916310363308,0.765173550009832,-0.124688370984503,-0.283256621629984,-1.14504088591689,-0.397401710138893,-0.298493278779487,-0.897604870070974,-0.142645543002366,0.17673059928051,-0.421172487769287,-0.0821658675437976,-0.161634421971259,0.29929799298682,1.98,0
37650.0,-1.19319441074485,1.28383699437978,1.22826232331929,1.43325755131332,0.0710664861672889,-0.667199345863444,2.05665627914847,-0.424263480460438,-1.54157337437093,0.0986601893477163,-0.466837136507778,-0.420594328062494,-0.290936426844129,0.30530051564983,-0.453534070231018,0.501144408369128,-0.691087136162578,-0.52283704567162,-1.63944384793653,-0.407350833710475,0.038078668798147,0.149287603731382,-0.0732408988500001,0.704164496177816,0.447910711057552,-0.119019848058848,-0.105882915598653,0.0011871475081197,158.0,0
116172.0,2.24924734024699,-0.926557526313359,-1.68426764114616,-1.01334945848761,-0.241613619573474,-0.433201018892264,-0.545601049315027,-0.0669507419513393,0.0715638511787171,0.808045357850837,-1.79093417174348,-1.93262047778569,-2.26809884645678,0.29648358040523,-0.0933997275166282,0.883737557161192,0.367307935493958,-1.44524270277442,1.1182682444156,-0.160422433818818,-0.104221776715034,-0.387138869972441,0.210176390203355,-0.039199240769343,-0.0607016342885669,-0.307185542292634,-0.0510070562394188,-0.0657620767726609,16.0,0
58100.0,1.05747748929508,-0.0800168027045748,-0.446472844967337,0.836499038730518,0.525322152256658,0.362473666760432,0.316024091126776,-0.069963087174885,-0.0260561789670402,-0.102278483497449,-1.32526407000148,0.11924573555789,0.81392119995526,0.248828164670416,1.22727920148426,0.154502069163531,-0.685293995816365,-0.188104907754156,-0.245483053852577,0.161903921002569,0.0457375100618179,-0.0364265035190625,-0.360044719325524,-1.29385536637825,0.774733173511633,-0.227197093251015,0.0083701885747921,0.0258517478763156,129.99,0
55779.0,0.783597581866174,-1.21890773921538,1.11762886293933,0.759398210538307,-1.51470245102085,0.503770370727343,-0.874846148025381,0.301868323496972,-0.592967408686656,0.764347943061504,1.11187734818455,0.630992677089052,-0.272530918578612,0.0071343789458864,0.03962868414526,-1.30794545562464,-0.0173135004062454,1.46777479205541,-1.36920599726042,-0.189520354803689,-0.177921706305301,-0.388374973890214,-0.0408197705913923,0.179531562714973,0.0483037898399715,-0.416692436202342,0.0636077458939204,0.0658522166785072,209.0,0
83520.0,-3.52087932990424,-1.27122023070299,-0.0842782555371826,1.36160566071303,1.60200583736555,-0.890762594276922,-0.372968600895373,0.576901562218582,-0.685409811423199,-0.351631847180358,-1.70693695201614,0.501446764180324,1.99294169783866,0.356008137731567,1.27319155104936,0.571566216774701,-0.60168946663351,0.457977816685311,1.27302591430682,-1.21166922800402,-0.333080421967879,0.308477292947723,1.85179412217447,-0.978456044035831,0.590176323359319,-0.225400695719985,0.316114955518198,-0.41544263107714,29.99,0
125238.0,2.22232100089037,-0.59512252568194,-1.72245185297375,-1.23316450989105,0.120692597249432,-0.54157473907974,-0.215615902352397,-0.247997053500898,-1.06445290353277,0.997872962751324,0.908753632751057,0.412155651865844,1.00069897772,0.148249832329498,-0.481290447418779,1.16547162910355,-0.281489606129903,-1.20150225218303,1.13009370517466,0.0776057419604389,0.0791957825923408,0.137353908211673,0.168860082034933,0.300922611549305,0.0092548789646366,-0.343815593352426,-0.052792141937454,-0.0671384624758568,17.99,0
2617.0,-1.00218523107656,1.72579773319191,2.04562494865514,2.55604847050622,-0.190635948270328,0.503697363629845,0.0207545180592724,-0.56112365437934,-0.907181138345995,1.14386814254952,-1.07024399575059,-1.06958407403306,-0.685398853790894,0.204191208753051,1.65919013431291,0.377243960200762,-0.148507376557827,0.402178406934451,0.924070968811451,0.213653328060682,0.539511181312866,-0.788880015703337,-0.0559576000875045,-0.191973334082489,0.0554518135884512,0.134223308453062,0.486324321790497,0.220469127161962,15.55,0
76767.0,-1.86399564075444,2.16696497059516,0.667691655530127,-0.133192306491615,-0.254839205289397,0.408077059069867,-1.13138391120896,-4.52955371761038,0.244805223753455,-0.0850579571714387,-0.312798997872358,-0.463047515734069,-1.62110892346782,0.0779922277291625,1.21469159754045,0.195074955337949,0.76027726648883,-0.307581023354597,-0.535333244755312,-0.984744147845857,4.33331127543804,-2.26949488332903,0.729694003735365,-0.109191517745861,-0.170708548839969,0.143905031098485,0.452232719018239,0.142177845505106,0.89,0
166709.0,-0.226386912029499,0.470015009457196,0.148993036036196,-1.83951019369471,0.53433671084561,-0.773333225095032,0.673776089328936,-0.105278207509316,-1.37949629908741,-0.622646361269007,-0.735395290846572,-1.79525958906317,-1.24830138095262,-1.18485439379289,-0.210349021971791,1.07742867550431,1.38224335167535,-1.06610103756155,0.594819390166518,0.0752846697255253,-0.0843950493113657,-0.417830776936391,-0.353021154026256,0.472191674904537,0.865450849751511,-0.162815609339445,-0.098229126714743,-0.0474679852431417,15.0,0
66838.0,-1.00872465549868,0.506432018636653,2.47736610983916,0.0300011699292437,-0.0062085662525592,1.70946696021282,-0.262511972093277,0.676297392614055,0.391632125964356,-0.712798556348077,0.307917678838209,0.387111830456931,-0.506532245449963,-0.361877619958162,1.12240606327109,-1.33825392125377,1.19292140662849,-2.07541547064204,-1.48599358252957,-0.234329734143682,0.156304317678185,0.643642107108378,-0.0097616802090607,-0.599389737332837,-0.529670684130174,0.378879061215234,-0.103596665174502,0.100440454152261,11.5,0
78321.0,1.33627587371173,0.279491617128832,-0.390843611570893,0.16832886223695,0.554293399718486,0.247470013258925,-0.034723619054467,0.0381743340564752,-0.1511867427311,-0.119298075594926,0.13441438697721,0.502500980502986,0.724705655488569,-0.250602973575118,0.489016295927731,1.16581894236734,-0.900471298428755,0.725586212509114,0.740863270123046,0.0033196251405182,-0.346626274783785,-1.01252026000784,-0.0996998739627242,-1.43164555598535,0.426355345682729,0.183256110858432,-0.027227201152316,0.0036322890907384,1.29,0
113498.0,2.05579700630039,-0.32666777306077,-2.75204095570008,-0.842316033286871,2.46307225982454,3.17385642307029,-0.432125923987824,0.727706200727824,0.608605870267216,-0.0751861699398929,0.0635044576008839,0.350563573253678,-0.141238322200309,0.690971618395625,1.2752570390935,-0.371962125028419,-0.601956802828445,-0.0526401462570187,-0.330590448442944,-0.180370118559693,0.269764951361357,0.844626646775712,0.0206746676928111,0.726211883811499,0.366624307004913,-0.398827514959463,0.0277351215052822,-0.0602821510762213,1.0,0
115714.0,-0.582305663017871,0.0418164729671694,1.40732285319671,-0.357585602563196,-0.232855008347776,0.746597462860115,1.14074146396163,-0.0671582829066868,-0.0003995560393576,-0.668281812859045,1.02158996590777,0.806884907521098,0.61850893557037,-0.134834578909177,0.569386221101504,-0.126606250948645,-0.758752133582497,1.05611068913282,0.652110381713631,0.577057696723507,0.420085413783613,1.12883809677549,0.138844125882097,0.710292873787725,0.0345700329440448,-0.499514458436202,-0.0415034402968666,-0.0609841120676362,211.38,0
46987.0,1.18484130946296,-0.181585190431132,0.0121284700682886,0.498251473753602,0.184670752944761,0.643689219973326,-0.152998931158217,0.116205618128098,0.608041113854524,-0.275546777498723,-1.66951293137878,0.150100911032641,0.26946116178803,-0.173500939054378,0.215082754310158,-0.0666001208408272,-0.235252771620553,-0.714800940824316,0.374455876013173,-0.0018814273202643,-0.33318611417566,-0.856679256705711,-0.109567590031529,-1.2947818451658,0.435580463762707,0.291499174842411,-0.0093973856752699,0.0081299091743483,54.99,0
121169.0,2.11530314770985,-0.105574471123384,-1.58633824863707,0.192105708896143,0.245309192896654,-0.834882793483916,0.118847585214908,-0.267222221074996,0.812972161191071,0.028949884707078,-1.47277418579179,-0.377190115009798,-0.626006755197823,0.583209074976656,0.969192542397068,0.0227818303221725,-0.693483375737355,0.239056357954635,-0.0343761132520671,-0.280359224710648,0.205443170943435,0.735153380028122,-0.0769711257167857,-0.759895797852401,0.31231961202959,-0.0487010805188667,-0.0193468020826933,-0.067652862861566,1.0,0
32816.0,-1.33367470290742,1.3775870324887,1.42501417953932,-1.45945457198894,-0.417904062680398,-0.890469672635431,0.423385591893798,0.254142099646956,-0.0928657627802708,0.0124325292842591,1.56518109169418,1.36488703239015,0.970814635624199,-0.0871368246342268,-0.305639602569429,0.682208890361365,-0.863884124180348,-0.0718780280858617,-0.542477351682988,0.318222559763174,-0.0751650765764731,0.0226201750249411,-0.0415472683574298,0.58980746871445,-0.265659838802477,0.668510650344265,0.18473556710712,0.0021099398239916,2.23,0
49579.0,0.724621107679743,-0.438852920606399,-0.178849275492447,1.46099850087585,-0.404810854372858,-0.948557606656476,0.728014296367292,-0.337025821216967,-0.191188194341243,-0.0412657685547824,-0.4340888800119,0.0570216678065854,-0.240323303786305,0.582957211628806,0.800104259197615,0.0083981802459642,-0.350209759150224,-0.226099991469068,-0.421714275285333,0.388531112580931,0.131916905925159,-0.213621030019321,-0.328477699538028,0.399954703894313,0.612936410788991,-0.370773013887279,-0.0512927983007064,0.0639232997865481,277.12,0
65236.0,1.17917723677792,-0.566149451043513,0.178581578440967,-0.378006783191247,-1.09310618531704,-1.48750223872323,0.0904060885000926,-0.483110900437898,-1.31005394495617,0.615915657827918,0.223794261775664,0.758795332560016,1.56765059048215,0.0189842207657981,0.524914176837423,-1.66816665162286,0.171013870623303,0.39565031193414,-0.913797140839182,-0.199712284363921,-0.33018077471426,-0.637677783002788,0.0073755933158121,0.987136389684284,0.253446014889541,0.961979167159175,-0.085866581207649,0.0276154721702056,112.12,0
160637.0,-0.354926785920519,1.38261702522829,-0.121072185959342,0.925373465545197,0.691483300590966,-0.832031188895804,1.42043234278966,-0.2354175705847,-0.312474676626119,0.328122496036575,-1.24163868722125,-0.664444092939218,-1.33064789637347,0.630601857868801,-0.183449781914201,-1.17810384983685,0.244081714138416,-0.252158963944207,0.730532159507747,0.0990685384104398,0.0649669428591061,0.557666971673034,-0.271563551501492,-0.0268333258728123,0.04103193448984,-0.366165410914293,0.553700268049877,0.293188247492186,25.87,0
139123.0,-0.6300365127506,1.25911478606634,-0.468016985430104,-1.12058293067057,0.885956652622801,-0.142704842741751,0.852615506014121,0.063072002672128,0.342295629744201,0.674705709741141,-0.0821759419319921,0.515155579549556,0.116125045144682,0.0366436188746031,-0.928773306293274,0.302641953997766,-1.02722932865053,-0.0351147012766244,0.454594301792862,0.379678668679746,-0.367927073577794,-0.702128979503275,-0.0309506924201495,-1.17586653658457,-0.231194894744036,0.207507528869567,0.557741533579342,0.276818763229,8.98,0
56275.0,1.09623242159604,-0.400943728203271,0.454426423373064,0.635936111641432,-0.88543940545329,-0.680967748042675,-0.145590484240113,-0.0628325092150628,0.904165582442708,-0.299452763351755,-0.965394329847024,-0.193770266824512,-1.3415508415688,0.0708587822625162,-0.188801579809766,-0.322622663545997,0.211820095868894,-0.440506124503618,0.30493123887352,-0.0411218219178654,-0.0674028249923277,-0.174048648684213,-0.129249811843827,0.443312403963957,0.467826720899498,0.667339602211346,-0.0559002300103534,0.0171010659052483,80.83,0
71764.0,1.48605611607436,-0.29924427625071,-0.642005005315522,-1.05390483216576,0.077557458714199,-0.390835741730652,-0.0850940694023909,-0.247029162534459,-1.48363301458015,0.827182997823626,0.596888903343392,0.218970115623246,1.2379773614269,0.0430126942143383,-0.302342875971354,1.21634337560383,-0.323986660538229,-0.847946982483316,1.35730675261825,0.180267792245048,0.177687966273524,0.463680673699952,-0.33445463153721,-0.767725965027907,0.951775542644097,-0.0333315868233579,-0.0278736948879327,-0.0177372455281052,15.0,0
43297.0,-1.81262093045449,1.60873411851417,-0.543281401181248,-2.87096908091457,2.20165312581216,3.11120314841754,0.308835166041223,0.589722486258421,1.72588809516004,2.1819652542194,0.132992140233692,-0.334281538766557,-0.128408939929004,-0.94309125552493,0.889039116490917,0.615651724763383,-1.49685233840252,-0.107124659720902,-0.590661194599,1.21639604003888,-0.528517614046756,-0.624557867178806,-0.0743302638442752,1.00101824909627,0.18272052833497,0.658894579998697,0.132133545620959,-0.472807347000839,0.69,0
100890.0,2.00868024462928,-0.531234934314259,-0.288435327686536,0.132031326273801,-0.28813155769381,0.726521587609004,-1.1216325828782,0.206565510330908,2.51721992377685,-0.225854836938479,0.572386756291003,-1.95675899251381,1.89134324378788,1.24960388969908,-0.512548380521975,1.17659990958164,-0.590151617811816,1.1651856243822,0.220096026702672,-0.164349645349235,-0.146716193441648,-0.0585987660743305,0.151277900223435,-1.48159614023111,-0.488943773045141,0.513472465671914,-0.0431754128002762,-0.0678761336533443,15.95,0
149018.0,-0.308302078595503,1.0338217080157,-0.254836258938842,-0.768760563253848,0.360409761613725,-0.58530459912262,0.532829894341211,0.408456097995753,-0.409742095344886,-0.460319730770735,0.164466842152209,0.72316436697704,-0.128714539364273,0.636218144983566,-1.08601366150116,0.373635847017651,-0.652634175325583,-0.034310126379885,0.381097206674455,-0.129224780794999,-0.198682227322652,-0.574172346600515,0.0615597869791742,-0.506221039433734,-0.437430994139874,0.153396223217673,0.115328477883785,0.0192059786893534,5.99,0
145225.0,-0.196089994191729,0.876119014003658,-0.191491803749575,-0.540472779196891,1.02583366111008,-1.34408620798686,1.03038309666538,-0.253285703567017,0.0561193216120472,-1.52441588524586,-0.800382825466014,0.143092735364644,0.329351277517169,-1.92875775629785,-1.36489031741394,0.259294237712972,0.864058287759446,0.197163904332648,-0.857919489871476,-0.145612624776041,0.13139717049772,0.6142165620001,-0.171824662582907,-0.0108869374468627,-0.62259250431712,0.381794070883057,0.181802604724286,0.255336565003894,1.0,0
133608.0,1.84689714141859,0.171582557792951,-0.0964297428636284,3.65356183577769,-0.0223228718223298,0.697965685467155,-0.558093101199586,0.28463499013341,-0.515315355195981,1.60985370950892,-0.122855691935827,-0.194075550107952,-0.868230028215006,0.227891997219326,-0.985125645916712,1.44309006317772,-1.22807303278423,0.790794927863544,-1.45961924357466,-0.311659184142798,0.341757970951867,1.01157187119488,0.0312672210159909,-0.49112106387913,-0.0852951938940918,0.195439975116252,-0.0044744362872547,-0.0528490886829703,12.0,0
93615.0,2.15247636384069,-0.710642493781503,-1.25200606589035,-0.658029520681424,-0.291386619952938,-0.687794001074952,-0.418778118529989,-0.33657832668294,0.935411484273418,0.350604162422048,0.15679232274183,-2.91337518294706,1.72889086986198,1.28590220969193,-1.1450737450977,0.553768711967746,1.19505839668861,-1.67971592522195,0.645020015642599,-0.0076585210630665,-0.166220139357052,-0.267489310336786,0.246858429823108,0.617460507052974,-0.097489368018461,-0.397304590127186,-0.066253122378945,-0.0552624602482868,45.0,0
79493.0,-1.80999263964537,0.528495050419135,-0.210684523888122,-0.998747340647405,-0.409695580965854,-0.468258517932261,0.501223128650329,0.801443992061424,-0.584249301734524,-0.973337636837958,0.960548158723916,1.48183904560287,0.456670904332793,0.700191732800518,-1.22219017595506,0.0533180995463351,0.0175697976762966,-0.609581445007486,-0.47943304802095,-0.243212778120784,0.178861745676048,0.51309494183397,0.337825333571463,0.115564284031518,-0.447522230030115,0.847957676629566,0.0840407324827285,-0.155872702455886,99.83,0
47869.0,1.53836868261151,-0.852123893387894,-0.292327211047318,-1.5272271512972,-0.916122967128067,-0.838509154859527,-0.55972913646185,-0.249337020806462,-2.42125386101306,1.66821476842672,0.91861229085821,-0.408005870271238,0.24788568726909,0.165813982052367,-0.390064228718883,-0.477505096522145,0.299550030379892,0.363909233695745,0.290105534402563,-0.325501529791161,-0.142962975740996,-0.0507344901360327,-0.134788206982125,0.0058927540103132,0.69215567320746,-0.0801356988725318,-0.0082571183761431,-0.0068826297905742,15.0,0
151261.0,2.00994353382213,0.309505632234202,-2.67621750846086,1.20850144793972,1.30386369079611,-0.219130885803582,0.480385042661505,-0.0631897174464511,0.124204830598917,-0.158690689850158,0.221033241652245,-0.283950549252103,-1.60281340437183,-0.56910292261038,-0.815490217042579,0.262524286879804,0.547152745524017,0.954073268679821,0.156467781730889,-0.244787055581439,-0.0445457573893767,-0.0559423806805115,-0.0975055403694617,-0.274745474476602,0.50265125195184,-0.488472160678083,-0.0179995074254475,-0.0403938309279727,23.78,0
71282.0,1.12580685998526,0.0382094396817676,0.395191553688522,1.29346041890338,-0.247817474062621,0.0950594406544624,-0.157153468896316,0.231296626793475,0.299083359802326,0.0974111236855226,0.859940843373114,0.279812984465136,-1.98105375370117,0.613099452133552,-0.601831751527318,-0.444290310679696,0.113407483054862,-0.266966081281937,-0.0649396205622739,-0.298324174647334,-0.0720765885541553,-0.0862752613077241,-0.0516867348656052,-0.0224837072137465,0.574299604380431,-0.323318680598897,0.0251316400461428,0.0014467205178503,5.65,0
6278.0,-0.769599231038968,-0.496298449006376,1.69229115241634,-0.205076124860285,-1.19242053870722,0.981036145853546,0.475106068971628,0.0378245474876591,-0.704852720904759,0.0202015328285785,2.37731770650478,-2.74317831073316,2.4338471715995,1.30847798792846,0.5009214448337,0.494735736352383,1.42097246958494,-0.190988242739531,1.96804210469766,1.00675657691098,0.502538354925933,1.18127316005254,0.279594395697863,-0.311765638213802,0.327289087807075,0.241969271899909,-0.0090760920302129,0.0800894738270834,295.29,0
77716.0,-1.08696056465642,1.41234573981927,0.979532138187205,0.568502837191761,0.493231809487225,-0.560029990410404,0.9403506357445,0.265709968176222,-1.39496481423246,-0.776776306364521,-0.316902046921128,0.464553525444602,0.711505087563326,0.667861784979266,0.633387395138014,-0.513096341925785,0.143190094473663,-0.685594799803717,-0.431069130866245,-0.0586626173942569,0.159813123856322,0.303302038512239,-0.320159302318719,0.0977945492178717,0.738305777323831,-0.220058335681904,-0.080236044884876,-0.0211119245250763,27.64,0
5346.0,-2.2079965542519,2.19207742618659,-0.353089244402591,0.268430257223362,-1.08094941627617,-1.11639816300328,-0.733347201673261,1.50206348313717,0.142953932013148,-0.967935667462854,1.60487025583112,-1.67466204693408,0.855779323341538,3.28487561105922,-0.967067188232697,0.471044982917526,0.969035634258061,0.63264523090474,0.0176142516729198,-0.499942407320646,0.148036678515152,0.0237510690006086,0.0783664767995176,0.479278354980762,-0.329310052107196,0.174026592081248,-0.598976800585754,-0.0916197399208629,2.54,0
127524.0,1.91294071991349,-0.14575821608491,-3.51496371282033,-0.251430200578911,2.81052363450865,3.09709387837599,-0.269363689955174,0.770401591002882,0.706694414265931,-1.02532765237117,0.398279091219449,0.138718302244197,-0.449781747674329,-1.75816569410431,0.231294826570228,-0.0476143707340003,1.49695116044487,0.280978348921584,-0.21939792309333,-0.0224434229668282,-0.143315894410166,-0.340973832864363,0.0654566929469617,0.535895900364774,0.201130321253686,-0.278254501449245,0.0261685019820098,-0.0072451232471331,55.86,0
77127.0,-2.09286048622328,-2.12076155761663,2.50388421938578,-1.33916200830101,0.430126449735007,0.486821248204235,-1.55348704711666,0.670178837208662,-0.0546357990738938,-0.0788583424694241,-0.188669363571703,-0.481942724504774,-0.891210625261839,-0.992977349405136,-1.57880032597488,1.1540299984638,0.232494885127264,-0.692583760853474,0.623884163662262,0.14526783185016,0.277133985569148,0.747240285023569,0.0408756320097422,-0.814991638151879,0.56158265992905,-0.0913880725927842,-0.102158417672617,0.269402009429517,52.52,0
51052.0,1.21190033544096,-0.731862916524485,-0.424597245778228,-0.208140754441994,-0.574106041336471,-0.655135963540787,-0.0336491209976543,-0.239019400703074,-0.91417950061946,0.754403692271113,-1.48621607465897,-1.02087269377909,-0.717943780203127,0.476079332726602,0.858527922423212,-1.17991050465097,-0.249462258769913,1.28113130969047,-0.556164272803857,-0.303991381764592,-0.416155088961058,-1.03988915166795,-0.17382510123552,-0.483671772805144,0.460110805708297,0.517506708278477,-0.0669407718460803,0.0200585932120535,131.74,0
43272.0,1.45073468775963,-1.12497667020746,0.435554900197099,-1.51136110020214,-1.49063611346629,-0.492712039413787,-1.09813522590293,0.0020150387216735,-1.93469083061089,1.60288815393677,0.841429795148644,-0.725292729789299,-0.426507308585481,0.0506966430904846,0.0863380027445464,0.0697962316436432,0.152600157914221,0.480493339175675,0.260798167473748,-0.322364437154358,-0.423108311041164,-1.00470886495318,0.1531283434837,-0.0825365634204506,0.0953054117523944,-0.476378141552807,0.0215062174638456,0.0163104042914271,33.48,0
168916.0,0.162786623162614,0.853310316316734,-0.192611742750704,-0.648885438227523,0.995183023177976,-0.53956305611935,1.11414972151687,-0.186693189455719,-0.149757032747189,-0.461410074984512,1.18675937982994,0.431709594004395,-0.290787981610956,-0.986712521074084,-0.899798829308973,0.417842928638223,0.0675735338553282,0.235717159036621,0.0130228062057707,0.119064264972983,-0.326151400948952,-0.686767575093371,0.0969139039935396,0.65458993284416,-0.494464593577407,0.0582933678159254,0.0488963189227958,-0.146770373175927,18.13,0
69566.0,-3.65113823137378,-2.16425455671171,-1.06664897502344,0.975224587793499,1.32480573532022,-1.64068589581382,-0.509138621257503,0.594323681840943,-0.209701045789901,-0.619483840355803,-1.88712510003289,0.0717250659443275,0.231068450198127,0.955613089208993,0.410512121336998,0.91620242154695,-0.76534514153684,0.368570653769127,-0.618066381739361,-0.276641287280543,0.273404036045771,0.0595419865414391,-1.02197344442022,-0.511676492807419,-0.899132379559854,-0.682393891827399,-0.0480129299733453,-0.360967877154498,61.42,0
142749.0,-1.90670377720689,0.291550660856903,0.0099739899724018,-1.17714300924606,1.00072630889516,1.20367907126776,0.624539911438647,0.490281165121316,0.400899373559426,-0.413449374042025,0.538597772143271,0.680357424991622,-0.678003849118826,0.260529974376737,-0.420955836369682,-0.952650635190821,0.21310851101782,-1.1089283178857,-0.282019355284637,-0.336508236118304,-0.0779425056250549,0.123725104999895,-0.183876933221257,-1.61815435513165,-0.0583257646308598,-0.0330270438293475,-0.494352804183942,0.101346593020206,75.46,0
76427.0,-0.499311800244459,0.186754547680475,2.26294592462165,-0.382725493629085,-0.998207939658493,-0.0962208699753784,0.0714640198773772,0.240715966031828,0.0896066269441957,-0.586252233364405,1.06186890830922,0.467322888752692,-0.543403346764427,-0.139502346972471,-0.177103400423577,0.431653919405683,-0.386944307007032,0.571358687213826,0.306993387151175,0.110626668858247,0.247752884847616,0.659658347385084,-0.0139862161442565,0.600520846198974,-0.300030547152592,1.03708642531433,-0.0123697533259314,0.0507856302081617,70.0,0
66231.0,-1.65760058282643,-2.24630660406247,1.65376268480012,0.54133458828805,-3.18283586967065,1.11545614215635,1.67812471038466,-0.0341277274860096,-1.04525225103019,-0.285741053482903,-1.10480055001178,-0.600019131956401,-0.003401931071698,-0.523719452114602,0.40191757577184,-2.17172812914434,1.02122877368582,1.43459855396877,1.31974406848297,1.42940032178072,-0.0932038453675311,-0.888221962701136,1.65244844309798,0.343086434196628,0.0206614710899538,1.17545171960662,-0.180377731848488,0.13977902875846,722.17,0
148019.0,2.11280927099198,0.0178335557123247,-1.32919504062589,0.242341900528814,0.297860481028532,-0.790782167397362,0.248721319624257,-0.35714377221892,0.41166531704044,0.0401564247725511,-1.15953428465187,0.833248334748676,1.35586327856155,0.0008313724447844,-0.0379880006141945,0.0413472873538976,-0.606216270413557,-0.78793065533896,0.398838597891805,-0.128026478224244,-0.321546930845841,-0.730195821344026,0.241181468144161,-0.622703669939137,-0.166355777923009,0.234919579870119,-0.0638891159209817,-0.0645183454244022,1.29,0
31126.0,1.26325907464415,0.332498262185909,0.0522373324337708,0.409362125335697,0.0781871313001913,-0.339788584692633,0.0110902886368664,-0.0482332202363156,-0.27515258368489,-0.131034225231781,1.12433209307357,1.03083641917221,0.890240016846775,-0.257397290219964,0.374777793016118,0.846064321847243,-0.54209269129268,0.343455003914132,0.346361199332879,-0.0081152609643077,-0.274217921242848,-0.792425611199884,0.0247456841689072,-0.380045300893969,0.299263597929211,0.11756820129914,-0.023590029926711,0.01493088334565,1.29,0
107942.0,-0.759572739749579,1.80185289285541,-1.07829948670884,-0.329300059599412,0.453649752704625,-0.885148135513179,0.323368010287807,0.442061351450451,0.953684624719556,-0.829602966380508,-0.678605640851297,-1.6837235492837,3.37577574927882,2.08290752593195,-0.450223858470329,-0.0995795965175271,0.229904538875937,0.555856585040415,0.0688953412529228,-0.0404238198703328,0.240297588596722,1.09063285594624,-0.128227372667892,-0.700151476429849,-0.567435435382139,-0.209937258533839,0.35425218266089,0.235935388444753,2.99,0
139641.0,-1.32906746266171,2.04535528385737,-1.13098960286297,0.736202147885277,1.50860372718066,0.311462500896944,0.707603628051704,0.79570887083951,-1.66858004244846,-1.22671461568274,-0.005681836503138,0.397674330990496,0.365115302832908,-0.381681267989176,-0.671745109867487,0.0030075941512718,1.10591960672581,1.1702156635426,1.37496233532049,-0.0710597960874285,0.0652522532232181,-0.0306352508260951,-0.667330688664469,-0.448609258768941,1.281396719302,-0.184057318737628,-0.323890547595327,-0.0786102619275978,12.42,0
129070.0,2.03735738145508,0.34731146917619,-2.6300816871621,0.285806523637767,1.07352267685896,-1.13034091896273,0.764407238057595,-0.390764780449254,-0.475226494745608,-0.159655261366576,1.59811551879068,0.912841503330717,0.419644182284281,-0.453582612292475,-0.332271008015181,0.12091774335056,0.475228349353863,0.249992240241188,-0.020968040284772,-0.0780705386435664,0.131758335531482,0.428752612271986,-0.0247873838283384,0.685078502445926,0.312580892672244,0.629975439845621,-0.110744480350715,-0.0540504883264948,23.95,0
74258.0,-0.64292047016649,1.09939962045967,1.72597109745068,-0.0874264461908677,0.10157760227174,-0.577115516569617,0.896400908631667,-0.203256864036965,-0.187903969381587,0.139117544031114,0.346654195280307,0.42882450855038,0.621563591859918,-0.226502741883714,1.04932284042082,-0.320728757765299,-0.149608237242185,-1.03513753824434,-0.498469404420169,0.297501082898572,-0.254361362712544,-0.360849627865274,0.0171895797657975,0.397192429948896,-0.260483186487419,0.0549774211094014,0.23597045796886,-0.041120020876444,14.98,0
39476.0,-1.0936742200988,0.183993782610581,0.667607645394736,-2.02624489925944,0.401181501964156,1.0733954485724,-0.326355885110611,0.940455221396082,-1.40244414641675,-0.265841763311755,-0.177334078123891,-0.580552488516875,-0.0670146752423855,0.194688290499797,1.11637083639444,0.248472840217913,1.20208453080074,-3.16783827188212,-1.33375227044066,0.0392288745816646,0.21639579127248,0.483910450470375,0.0604151354897583,-1.52510844144475,-0.304739838680946,-0.349039178847625,0.276131995957334,0.0713606645340246,31.41,0
149794.0,1.88654298221632,-0.0010727203453374,-1.91859575613256,0.371775310569021,0.821706265223347,0.0702621436098635,0.0441045451565387,0.0635461946933241,0.602218282210866,-0.662671037313971,0.243931345830652,0.203414988317828,-0.172712715976145,-0.719157929297115,1.75229433762461,-0.659808477651824,1.33261411379987,-0.841167110749618,-1.55913122531058,-0.267147961005715,0.280882754895184,1.04783899635099,0.0383046167408032,-1.1946382292586,0.0251082216381412,0.0002298128459245,0.0473046647534887,-0.0380275291025132,24.41,0
43184.0,1.22534225072803,0.31868851369428,0.184189811156767,0.923873365721869,-0.0385910044510245,-0.451627703258439,0.118559191884176,-0.0739934975458855,-0.278176918682236,0.179938856584385,1.03882790657529,0.851879155137169,0.126225021581368,0.534980143185769,0.225926512179882,0.333470622670261,-0.804850953243314,0.431249115902415,0.0414014388971162,-0.113027579272028,0.0592051732900631,0.191779155843367,-0.153478763893929,0.0199096597115769,0.706686143541794,-0.326013978411744,0.0105837499767418,0.0071319192124848,3.99,0
158547.0,-0.548586721934762,-0.29167022033727,1.01276143403696,-0.945668134262869,0.632487488004648,-0.540774770388818,-0.183858492703166,0.248786853950068,0.459411100810722,-0.552399650730083,-0.101801457984075,0.032310440219183,-1.00916613541471,0.113650488192704,-0.868088555465156,0.893757801855529,-1.21563933420863,0.963609173278091,-0.642390197413597,-0.11972810374065,0.453388725061384,1.18576487058614,-0.0338935444872745,-0.375582879095419,-0.940775003186462,0.398507553345043,0.166574440772317,0.22715701878659,5.99,0
137300.0,-0.564698491216156,0.315492421031043,1.21292483283161,-2.43475367683045,0.403729687267699,-1.08439839638494,1.15814693510728,-0.430687802059837,1.01948113431203,-1.74069073831227,-0.891631834797764,0.258563121561223,-0.390865206248902,-0.18215738189842,-0.0551617561739084,-1.43607864285911,0.131603699735025,-0.263464136393629,1.00113396165451,0.0232954955293483,0.0587172437411346,0.588985697564084,-0.655446700818352,0.0682941727620171,1.04831381888618,0.0566536212781067,-0.141769493773741,-0.183861255730403,9.95,0
40066.0,-2.08429341839098,2.62603037979039,0.820262850181263,4.18181565401741,0.0948361709683445,1.59537622937389,-0.0989774983407867,0.316037612438012,-0.712456426751159,2.79293202562475,-1.47702498676367,-0.0237032325678171,1.17391739483405,-0.675267500325082,0.108630588624078,-0.710818402291199,0.474557954407799,-0.478707682726466,1.23320000646593,0.121421806589053,0.0833415471055785,0.420129452807257,-0.0576051039898746,-0.742677477065437,-0.622244407421076,0.140879944303972,-2.07254197498142,-0.814904956471406,5.49,0
134315.0,0.127943487909385,0.571317490999657,1.01450469826118,-0.0616919027419568,-0.0446504347910735,-0.451085806708578,0.250341079927943,-0.181202142218456,0.946360471719028,-0.867241987677316,-0.491836996350194,0.0156286352593399,0.366794445381891,-1.84573771004777,0.845632339066063,0.460681268656596,0.256716659525666,0.79489002514472,-0.284160117213445,-0.0274254239728024,0.0694285183506119,0.523733023499574,0.049917621513432,-0.122959613686247,-1.07461306915556,-0.525676938463516,-0.0715805529661293,-0.0605305361876611,15.96,0
85953.0,-0.67940441432877,0.554695157281764,1.56164090907587,-0.548274481751415,0.767557119084031,-0.728565236218486,0.726302389061944,-0.0909624120547437,-0.4376436536061,-0.54202803378275,0.980699555792352,-0.146560834688468,-1.07144640714751,-0.220937186757329,-0.0774643585107811,0.886708393834892,-0.661695956825652,0.518472616002553,-0.315852782437942,0.0010120377805514,-0.205619665669241,-0.680734889653627,-0.0931136788172444,-0.080004815653036,-0.258760880849785,-0.092496959442888,-0.133696036270175,-0.109434352775039,4.49,0
55691.0,-1.58959840820064,1.84202678477807,-1.19307685642953,0.423547546351293,0.961915845766534,6.35598592988601,-5.20376450647171,-9.32850147059691,-0.674030028254877,-2.36281560956341,-1.16973553593967,1.23764083190159,-1.1453214668123,1.42942831436378,-0.760184223346395,0.178444227949952,0.449524536334711,0.284685442821632,0.461612920160649,2.59317451918804,-5.1918499644314,1.3171742014442,0.451330939169889,0.968556319103362,0.910392167259986,-0.201648639937333,0.0625909054414198,0.333920123078135,40.38,0
128997.0,0.754292511882384,-2.10044733067163,-1.10106643748097,2.17386262442228,-0.492253838261002,0.989050616305265,0.291453663769797,0.0703300610485455,-0.538253044189703,0.855882613691584,0.336587290327195,0.848437971730257,0.780170674861392,-0.105687961389649,-1.49144101909711,1.42473887188009,-0.813538050695357,-0.669184490894771,-0.346534278988586,1.1810018734187,-0.0940400746067864,-1.69216787482413,0.015092791698185,0.287242241311916,-1.21834988080444,1.6436661412781,-0.290043564940456,0.0385506322801151,631.52,0
63381.0,1.30861422508882,-0.194416508402638,-0.0176400329218988,-0.174462788629068,-0.356867462948616,-0.352710376728529,-0.323473501088852,0.0975712005092293,0.370265396398654,0.118106025015468,0.269480200976694,-0.645402158487601,-2.11993664625645,0.797706286412248,0.654223469704138,0.783829296013987,-0.731410659918834,0.720631650037125,0.541770581203944,-0.183003868367343,0.0320689538601371,0.0056267344207868,-0.157383793702806,-0.472239844822446,0.40754989032333,1.15670019193509,-0.100816501220847,-0.0225682034012006,2.25,0
31495.0,1.217221458335,-1.73132012984319,0.977527671848918,-1.27015486381116,-1.88358919958622,0.636514668762224,-1.68740983755453,0.351101642029489,-1.1686844112521,1.35844628714042,0.609431920604426,-0.387636319649649,-0.352798535655827,-0.5855486957319,-0.562908073988587,-0.436390228812672,0.682671594863594,0.31485703220834,-0.0496142770502806,-0.215332105368834,-0.139627875726145,-0.068894934384589,-0.0258441759372471,-0.323718673620101,0.130517586422906,-0.16990022062179,0.0695384122254396,0.0295780084163177,102.0,0
92834.0,-1.06326590867795,1.02247000432475,-1.69325341656502,-1.83433758868729,-0.710201533093035,0.570407047595469,2.58950655948025,-0.550576759772868,-1.2506072394755,-0.0720576194905083,1.36082473168218,-1.92135437785967,3.0991543511238,2.02594227666109,-1.80995911950955,-2.01272107685973,0.740167075982728,1.36857929617224,0.159894002525222,-0.910654757903723,-0.241201151326938,0.30217838298154,-0.614405829387586,0.355569035657394,0.497381254932756,1.63419419036436,-0.417359700037509,-0.160796351279725,378.9,0
10995.0,-0.517114183193081,0.598992808820166,1.9760996089297,-0.497616207833779,-0.0368532262488885,-0.236287081956352,0.115152157422704,0.0502801711673401,0.848317336851587,-0.829420048024452,1.87014559818593,-2.10679433778781,1.71339705141682,1.56292220178822,-0.31857256387315,0.644440654529132,-0.0486739103628677,0.946722398711097,0.213101291624139,0.0413751183477271,0.0662149929790579,0.354655122380019,-0.193928165112995,0.0287353169810421,-0.300335441885287,0.986628886008632,-0.0006472526117731,0.0926932491981603,14.95,0
154733.0,1.85439118298063,-1.61620968634647,-1.06805963738126,-0.981454462849218,-0.846363801243125,0.131388591459875,-0.882547898948149,0.0181016824021347,-0.0444485550001939,0.835546105618168,-0.119015586296158,-0.229132137614396,0.180681753708115,-0.280593665364731,-0.410396986841115,1.69018781398746,-0.491362574583508,-0.249059266296949,1.08423897851628,0.361762948903305,0.408695694831029,0.830967964744302,-0.163825688972553,-1.05555192850806,-0.106863298218544,-0.0585956510300713,-0.0291411913788633,-0.0385561631909404,189.0,0
7600.0,-0.334752096860472,1.05330216327343,2.02503705891897,0.80445077636391,0.0640057897182311,-0.457290883551591,0.814753473560859,-0.423490642421996,0.974135380437458,-0.485294377148993,0.618646247792975,-2.35285621468517,2.2731258807896,1.16595638697745,0.12062258948209,0.132873663437509,0.0436582329279578,0.23052284634801,-0.532652887626328,-0.0252813975296095,-0.186290539200367,-0.153382281916862,-0.126108661215672,0.318767563491949,-0.0615828894804133,-0.600666373157027,-0.247938660797731,-0.19905683924551,36.0,0
122235.0,-0.457735692498847,0.722791215882804,-0.73887808566124,-1.04943406366136,1.18373815736475,-1.52561169057506,1.54142202275903,-0.349139028140764,-0.486355240007544,-0.180766627064922,0.820426739172374,0.279601488629763,-1.00443998082276,1.01508567296427,-0.740541660818541,-0.52003334692586,-0.542554303856697,0.0764290534894601,0.0812658813757046,-0.168726604252035,0.29970480120861,1.04903891642306,0.0279918106179711,0.0496354341958215,-0.333228441091965,0.0687051759972371,0.293796079055628,0.230191590889532,15.41,0
151474.0,1.93587703694572,-0.223724184329438,-1.97326186672053,0.357477274845483,0.267958621633547,-0.792415238883433,0.131603018924545,-0.189176408991017,1.1881856478659,-0.850978002179058,-1.24769979164624,-0.332221114789589,-0.785992385888776,-1.31497477196899,0.064800197766326,0.185334959505657,0.908245354847604,0.278880427480151,0.322400757561001,-0.0823494254135312,-0.258973069040301,-0.656667055181707,0.0497739702383853,-0.908661266920585,-0.0287751086677001,-0.0428691554158728,-0.0221742580164936,-0.0195216433399487,76.61,0
70307.0,1.08900417701309,-0.0237579980643799,1.40867102969466,1.27133147263041,-0.953073656509195,0.022230966070565,-0.593425767833892,0.172641178412979,0.485000290010866,-0.0605059300392466,1.24137360925874,1.70533756009331,0.789539930865917,-0.324117095634305,-0.633573500861982,0.17355985675588,-0.473974315446111,0.258664876116922,-0.0062841312106843,-0.0665921435014568,0.0151071914220087,0.247704350985546,-0.005742639788202,0.557539899360262,0.385549429237903,-0.442072472904572,0.0740593279981762,0.0326178025740785,12.99,0
130278.0,-0.636775493946899,-0.195540906207118,2.08066172126425,1.10107178159882,0.496308900220542,0.243106013265775,-0.488997047713694,0.128550899877985,0.449043388646628,-0.0411354431433596,-1.10884801699248,-1.0469725656645,-1.27824210466162,-0.0047147043840762,2.1906142037647,-1.08528548638683,0.548355427948119,0.865716929312692,2.62836720493851,0.463962863026869,0.187817842455195,0.68711798698588,-0.322794907072126,0.622629023468888,0.298878284966678,0.313478188865105,-0.0456680403962462,-0.116295140243466,2.36,0
105958.0,-0.490074306255052,0.832283547125693,2.40712770794623,-0.107162514327324,0.107208811669063,-0.364697214156995,0.529122229924693,-0.273125214203992,1.5240563008352,-1.13438194960136,0.257194324571186,-2.63265138245165,1.60197128278657,1.26181923797281,0.605592022028287,-0.275615580771096,0.304307794833959,0.524400449679857,0.538545886751441,0.0560586962138853,-0.309752784291299,-0.437271426000417,-0.303276260184843,-0.0586970779543186,0.261470002801968,-0.730261115705091,-0.0800460996620852,-0.145793326764933,2.12,0
119104.0,2.05380098583964,-0.173878957754873,-1.0990598960565,0.424081473108503,-0.25624397478013,-1.16793277003679,0.0591013045748976,-0.216883980844929,0.785465734825549,0.112777636009787,-0.967013735706717,-0.403304192383791,-1.56054037268732,0.603408679996736,0.26508851363923,-0.0878757414588557,-0.139108445746092,-0.759910857807213,0.0854313850197199,-0.336147045604411,-0.302504878368326,-0.807755924364479,0.367099983232089,-0.0576303394357346,-0.367983188702308,0.206578042156513,-0.078001136698669,-0.0641170897151855,0.99,0
120981.0,-0.0862051387051736,1.20104157334391,-0.535931236684687,-0.611762608604668,0.875145810400879,-0.725695484292549,0.993365289338971,-0.0817902546030525,0.133542133686781,-0.543177876450863,-0.638692152428515,-0.0788385635625358,0.0545560090480354,-1.09372345014795,-0.178382088719694,0.263361715078994,0.397537920622084,-0.314888297406708,-0.319587187082956,0.143037321170259,-0.368941753441187,-0.835104420844399,0.111551340837684,0.497198696630724,-0.377988572266567,0.124024574836531,0.33657565329297,0.14072798909,12.28,0
11040.0,1.1442189427531,-0.174148291718455,0.935140079002009,0.283289167938942,-0.964002205098839,-0.635427838481505,-0.557706235038224,-0.0297220010463516,1.57812378505559,-0.339462192039625,2.38962720441222,-2.02511423942353,0.894514654345451,1.84406771428348,-0.0466683543586645,0.664050619445072,0.16262839234304,0.684948877782555,-0.192505625771297,-0.0792186178300854,0.0035320241287784,0.142546352331525,-0.013253376278267,0.545074722270995,0.115004123510144,1.00076387928629,-0.102480516228264,0.0001529739969329,39.0,0
163533.0,2.1464987798863,-0.638365781297545,-1.33288211663177,-0.689126693326734,-0.477186246757911,-0.69127786146995,-0.770865065400786,-0.216235775306915,-0.0998261549497462,0.0339558074013017,-0.71916578859549,-0.2503093698796,1.67943315631552,-2.418172348418,0.231401926610381,1.80201272802681,1.04740606288161,-0.393784015418761,0.444853572753088,0.184271214916961,0.22272959456712,0.761451893863508,-0.0165933354831623,-0.71386074511349,-0.019000405669732,-0.0539948329575696,0.0331540564728988,-0.0115946394942293,39.99,0
144932.0,2.06020645376559,-0.78349534053052,-1.26227068469918,-1.02507276570395,0.034170362477044,0.187056092592615,-0.480731291329027,0.0231179418808722,-0.602446886110233,0.639215357239804,0.19028696721096,0.161631484855711,0.754636979644033,-0.0462919741169241,0.815656494770983,-0.0807806174941942,1.08741862948351,-3.35767927502366,-0.396738355452274,-0.0845610795340622,0.0396318449978639,0.215805763879235,0.369795965615273,-1.03219335720472,-0.418871699598904,-0.331794671893128,0.0223381376198624,-0.0650990061117039,21.45,0
132621.0,-3.85634878386318,-2.50296475081136,0.881870220263569,0.72839543115569,0.581065076596164,-1.47456368571752,-0.50860949611056,0.348143688431825,0.397354490623352,-0.84051882553252,-0.931148826475163,0.0400248702358133,-0.255132059962578,0.51035317891966,1.60863453676275,0.182683504561355,-0.133535579950864,0.338747164594574,0.731262132201139,-0.0129161986574726,-0.16873170236399,-0.69808813581726,-1.09784177675655,0.118215809462747,0.140557081631806,-0.677012737136361,0.735318591401999,-0.803821099859485,242.32,0
143660.0,1.90455989944355,0.52445689306861,-0.739064972103572,3.63025163352175,0.606975647017397,0.276844320254999,0.134557680204745,-0.0474876203663096,-1.21791300409074,1.61555525050233,0.189768871545184,0.784268670471503,0.921781066759972,0.156193966571744,-1.6231426673647,0.97297453657782,-1.19535545420161,0.304006911224462,-1.21309836208804,-0.203111056417153,0.326316806067624,1.05953934594115,-0.0808152376076492,-0.366838868519472,0.268984116788669,0.245049891611231,-0.032501439192667,-0.0635616707362723,10.62,0
160350.0,2.04754511534509,-0.094247417050529,-1.66489228262042,0.624895547439225,0.495355085578252,0.0364027545030047,-0.120396334808538,-0.0157998147414214,1.22109072377667,-0.698301428379965,-1.518274775806,0.352790983560606,0.0531010620887885,-1.70823886927539,-1.4176688983312,-0.201769103714138,1.06044759783439,-0.448076760325107,0.656879854469066,-0.153673526820519,-0.49615631811598,-1.04091686569816,0.217507266726245,-0.0512744143812595,-0.0717315045598101,0.292690325962403,-0.0300178506459803,-0.0323041276185949,6.27,0
167274.0,1.9566882707132,-0.483485891771662,-0.541065553963319,0.365118290487173,-0.412714206653957,-0.0073059666134949,-0.605784375944397,0.0262611071679463,1.4271288060639,-0.193851335769887,-1.22710119029469,0.511225147307197,0.50998633416965,-0.288157722483776,0.509334066883528,0.178812903675813,-0.650969395077643,0.29920035105436,-0.116156950658354,-0.107951779063307,0.187298277704652,0.71713965359909,0.0902049635352389,0.507301962777661,-0.0359435324293212,-0.234105448290305,0.0335237773111734,-0.0271227634631345,35.97,0
145678.0,2.03008485938622,-0.536895147851426,-0.711081649976394,0.270260719401338,-0.348520602567225,0.166392123213199,-0.760000652704541,0.152491235901656,1.70982558745227,-0.132771731663399,-1.85998541061,-0.507298763788918,-1.0985662904659,0.0157956268205004,0.718124535235251,0.367288383669025,-0.69732402159643,0.626055733861532,0.0493244906219341,-0.252338280540475,0.127710038126652,0.521582614046245,0.0838355024155089,0.0712951891818492,-0.0317083583118843,-0.20180822257131,0.0267066337149181,-0.0389133348006319,11.5,0
123311.0,2.13017166984563,-0.269648594155895,-1.6722250808356,-0.961153501204603,0.406810772878792,-0.483970911123728,0.0759991145551946,-0.193469226975764,0.520380253842974,-0.0704401751597792,0.341614288322292,1.12300413239936,0.749843443657262,0.397279148361785,-0.0618469478634301,0.277920016852416,-0.889334210697348,-0.185056520751097,1.07930119326985,-0.109979927134289,-0.296591430028327,-0.750348418377102,0.21244211815082,-1.11835783703586,-0.274757158764868,0.591907750208809,-0.100407535593618,-0.0870717118868832,4.0,0
119068.0,1.76583834161531,0.103395741808226,-0.494026828417849,3.6313833820121,0.904027651101878,2.30277587167838,-0.538451870950785,0.634089229437319,-0.442187153735866,1.33616267434141,0.0280514598988336,0.623524555395497,-0.356302435011264,-0.0472564879683502,-1.82486423542464,-0.108545185994245,-0.0306527141468667,-1.09502434027938,-1.80289067985857,-0.403318559317263,0.171376537367246,0.85292489224505,0.0769850666049801,-1.62938876526063,-0.0623546347957979,0.247427499600439,0.0413327228504237,-0.0749385090166035,0.0,0
66421.0,1.19709442648449,-0.124529055984373,-1.20104214349761,0.292805776238567,2.15264600412961,3.61918524761218,-0.393617590689144,0.84025971170472,0.168420487267221,-0.0342389727730746,-0.541842927396884,0.237540700855133,-0.216706921475709,0.199243161172422,-0.146846366263154,-0.0967776233053034,-0.509815917377443,-0.0693042802429814,0.352621849550661,0.0310283926149023,-0.162661008402297,-0.498906318605521,-0.156819018990077,1.01163602824075,0.880617644426164,-0.330284895843994,0.0188623490162596,0.0184265458817253,42.68,0
87629.0,-2.34313313555039,2.18934500972474,-0.983081494828191,-2.99748501229198,0.244969332568133,-0.800925205150859,0.480675533229962,0.846242080021545,0.466120366096847,0.0270084755796189,-0.208501696238316,0.933041412829823,0.268879815974543,0.545092482370364,-1.15154958522972,0.876027860373452,-1.11302443013082,-0.0647074254085243,-0.312349260344574,0.380329268549753,-0.357183903745752,-0.929898153988,-0.0920050948104015,-1.04474895383077,0.329036282884356,0.441803055890498,0.499698770243946,0.322147766571287,5.0,0
6213.0,-1.84450410244652,3.74004494930654,-3.86604872496647,1.68565937916659,-0.391837701839968,-1.35943202482405,-1.11077143534156,2.06064774574602,0.473009042850742,-1.34131852564473,3.07266075631165,-1.11289236726059,2.45570110350256,-0.727893583125763,-0.329709081841743,1.19718295882456,4.34646226519321,1.86174624533443,-0.833919785430124,0.0526511716807782,-0.115459226364033,-0.201703295923422,0.426430929022704,-0.389084417788561,-0.231910017052633,-0.399458075260143,0.0413311299625031,-0.0749463859890988,0.89,0
127212.0,-1.63421003570255,2.20622578790569,-1.68711518968493,-1.56330947204678,0.813097103449021,-1.18075162378894,1.32206441870203,0.0503084560270399,0.580835489056326,1.54440259483325,0.726510959727897,0.173339187460471,-1.24022841235913,0.774172232176484,-0.65771337478245,-0.496061248185463,-0.598463213701163,0.163216573945438,-0.022802122827759,0.626732390344803,0.091981712696747,0.801016319820953,-0.109202488465346,0.766611543948985,-0.0447096561088475,0.0372970931196672,0.720902068310638,0.355368201386227,7.7,0
127961.0,2.0256233041948,-0.970164441492082,-0.585644340440662,-0.373842700019984,-1.13850824520658,-0.682925631954182,-0.730517737262378,0.0197741451393498,-0.206242443300027,0.99616495172646,0.489550244502114,0.0158700676021898,-1.49831778472217,0.459322088510835,-0.604897273706633,-1.13712700018259,-0.165141564966323,1.06367002328835,-0.25407851183056,-0.656181534378619,-0.811522279097396,-1.95096072823433,0.605239746058946,-0.0487083411014437,-0.888347966747809,0.0321272362729828,-0.0505946352164642,-0.05119657961563,36.72,0
61815.0,1.47415155496894,-0.964212046170693,0.422945921239565,-1.37589271179241,-1.321057329556,-0.542383522841433,-0.953491272736838,-0.138644093482697,-1.92199000628569,1.38204235527222,-0.174533569792135,-0.539072595612377,0.956378917243073,-0.373963495545206,0.7670583316645,-0.716053643922263,0.759897401040381,-0.549032835144954,-0.606659103280678,-0.326717238371328,-0.180467341740262,-0.0708992631857272,0.057779191352866,0.0768393446882663,0.330424694624235,-0.178832320227403,0.0492589336583457,0.0189433107298663,15.0,0
1959.0,-0.425961976287807,1.07807006217571,1.99888302984492,2.54255587707559,0.432852374214353,1.08005512448242,0.386678971861256,0.35050334926618,-1.2612136329375,1.19489464135756,1.41662057842593,-0.744384380005397,-2.05291436915798,0.718710051531072,1.34464236343433,-0.362155849633469,0.303463060508555,-0.288010716544466,0.432994392317466,0.182212503295657,-0.155548037288941,-0.278022605355236,0.0578932773982838,-0.374659465595209,-0.68103775178278,-0.0206726827802248,0.22926035470901,-0.0403837590575159,11.29,0
65421.0,1.10505298292405,0.0823785410872866,0.18601156654618,0.977661007901146,-0.359060197602673,-0.157822380419598,-0.33874922673452,0.241812378611917,0.494395166541988,-0.61354694931786,1.51618748578203,0.400582073499866,-1.51947467326526,-1.08798702646529,-0.566735715492383,0.0042381762837434,1.30597751288581,0.162038041570892,-0.154076395371454,-0.18465141167316,-0.103367818213458,-0.109412160960545,-0.036031702749834,0.130184037722852,0.377588256128344,0.415465403583195,0.0070660188163616,0.0283839407524252,9.31,0
124317.0,-0.846301686947114,0.571919990400322,0.159707696101657,-0.528376469252704,0.73255143162677,-0.309288285082326,0.5600984340403,-1.4556938454385,1.23088152224805,-0.0708042688729031,-0.728144786432662,0.350641029784002,1.47484475095186,-2.29364698409626,0.62734040241027,0.417337589600439,-0.0417205658496642,0.424431792450261,0.399453816706012,-0.248877534748182,0.375422639394575,-0.49646331344496,0.402825512722427,-0.755880011677935,-0.925057615953747,-0.364215815910735,-0.327856821023145,-0.139757041010497,35.0,0
169547.0,-0.388330882212894,-4.02765826205389,-3.94531235138897,1.37472286263032,-0.412142534277441,-0.679076787873908,2.49591288055361,-0.701475504247719,-0.371502471044828,-0.124887673157619,0.695462562978126,0.0891699971264125,-1.45875511740331,1.60236339832207,-0.613178468044345,-0.360001708642233,-0.246226420145387,0.267446178973524,-0.113491823045848,2.32096048692087,1.08156915411262,0.235595393275789,-1.27575290414836,0.893590434310634,0.144969819700169,0.534036164783564,-0.385570508275161,0.126100752400278,1294.4,0
132812.0,-0.932166678121987,0.911517557931337,1.34990481519389,-0.750078813000446,-0.427481558845907,-0.58327351564357,0.23546407382215,0.166404070997271,0.97619726382943,0.0596331328030659,-1.36340034211997,-1.00130136753642,-1.66059288690663,-0.107534076845938,0.379166967939423,0.346229623295729,-0.524022127521544,0.426350889058877,-0.497446864167708,0.182174901274077,0.186347118010592,0.834557985975554,-0.272649985431105,0.0600228675782542,-0.0765923648533036,0.664356523876404,0.546944104563606,0.326153241958918,5.99,0
135506.0,2.2463964388602,-1.47510118240663,-0.799165912470677,-1.65822064748695,-1.29119196110895,-0.265532949234366,-1.35773332574325,0.0243547329575964,-1.27763470582121,1.74028932806831,0.594308546082178,-0.424681199388215,-0.231806581444007,-0.194362859612242,-0.720575477283028,-0.261974325091179,0.244430036005033,0.541217164886716,0.104119478569094,-0.437011811356464,-0.116385554972008,0.0913943120436992,0.28861151673779,0.726684412957916,-0.289601852473683,-0.231920320657314,0.0084177650854254,-0.0502630795412107,16.6,0
64983.0,-2.02985657899331,1.52802937126412,0.665738424157155,-1.25344812156083,-0.516917084677132,-1.17352045387438,0.321636724508125,0.225986954710784,0.47184566911473,0.358163790938681,0.299362423223755,0.673257237572744,0.476299802637802,-0.100615008958983,0.607613207578467,0.028801091954086,-0.120712379427032,-1.18435770815616,-1.29076755185383,-0.0720789514749283,-0.0764531266503706,0.121153209320362,0.256515095961378,0.651742545734445,-0.236317784613599,0.681863290388645,-0.617530836246082,-0.417684809216286,3.99,0
121765.0,-0.666719075372568,-0.830893573932192,0.674767939115057,-0.640879665040349,0.612244840041429,-1.39012241205221,-0.829140458471564,0.0235597478198809,-0.834926336014678,-0.287391924687739,-0.428208613688802,-1.10003089370022,0.186967928165281,-2.05881083266925,0.611072563791466,1.1116583929709,1.7773934440412,-0.204956910448344,1.1486084991067,0.525852981664821,0.447336585181041,1.06076261227883,0.0579880225959386,-0.102331400591259,-0.606038599114213,0.0129597030406421,0.2026851980504,0.252474019815722,19.95,0
161675.0,0.0449340817106723,0.771751021810225,0.211792963632834,-0.605872008935496,0.400145612955556,-1.07888430707241,0.921479037449152,-0.135360985902893,0.130175938667175,-0.376649014899674,-1.2420233326539,-0.480968702690653,-1.03811761618456,0.317847538889642,-0.274130176420118,-0.0004535261707516,-0.400439482116253,-0.568521032350604,-0.0206350294775499,-0.101304058879682,-0.282006872903712,-0.687378172695102,0.0645451223783232,-0.146613339370838,-0.505728671641285,0.151081492086662,0.239811720288485,0.0938390243802106,1.98,0
82587.0,1.2431977624394,-0.485756107926467,0.27049741568207,-0.591742707504311,-0.915868449181298,-0.479161286951416,-0.78161956958949,0.117729049276528,-0.920118918123709,0.30102238040017,2.09971919715524,-0.236010572616405,-0.520671894287251,-0.977477381126698,0.584198504125326,1.48942186172957,1.16157513697019,-0.792861175208097,0.161515112580265,0.094842607173733,0.147924565243964,0.266420186580261,0.0269159917962317,0.122799872730933,0.205412076193543,-0.283249610621083,0.0338020165656446,0.0370906715652354,34.8,0
171423.0,1.95247154070756,-0.452854084606787,-0.447572960945681,0.160826935686535,-0.554920479728892,-0.312868465852042,-0.542799593582802,0.0627684486002795,0.82514129928947,0.17025335477068,0.601834046446012,0.855325935213298,-0.166354670084925,0.176688256921296,-0.133827877022216,0.713122932166685,-0.847950590292592,0.127051448957043,0.370269314400612,-0.153729422250663,-0.225112771590369,-0.627660620306414,0.379352234219742,-0.353998898952046,-0.649790076228144,0.231966193650025,-0.0483042542305484,-0.054617364347954,24.47,0
118120.0,-0.957387279440395,1.4718458024388,-0.987334423713486,-0.434881029172165,0.384020654179099,-0.974013747928923,0.497659821176811,0.355160749456787,0.112263158254423,-0.310890646366309,0.408618814519927,-0.625831502104507,-2.03608720448036,-0.0491297651063845,0.221361690338428,0.438899091379615,0.3506793586774,1.57122591057131,0.277186971727956,-0.0905258384372562,0.3331924030062,0.933006849309533,-0.245059164085125,-0.452159560240677,-0.432692143750647,-0.156285211079127,0.177203638148787,0.282131387741653,12.57,0
142773.0,1.91527648958793,-0.432605860107611,-0.725057018303817,1.14100295623715,-0.2347265467443,0.108236580345787,-0.522947874131054,0.0859659823376884,1.16889025057463,0.23114401863177,-2.03906758907523,-0.774699225793905,-1.00563946409763,0.218809185779274,1.05063405099113,0.775502307853484,-1.03723634011227,0.769759603030323,-0.44813067839612,-0.194124984265328,0.180074313183734,0.500807139002473,-0.017836124046717,-1.11184424097407,-0.0289459499696071,-0.495076952013187,0.0397728529632317,-0.03410285644544,61.6,0
131113.0,-3.05608845871585,2.13163881755019,-3.0150179347607,-1.94588517965269,1.87275706806797,3.10067268556629,-0.5807746807168,1.93981917725723,0.995095061092919,1.56274615584452,-0.353162388302888,0.485775377922295,-0.17644003642204,0.494773499636911,0.123607993723041,0.0105281625718322,-0.182649534567955,-0.900662032899928,-0.368261060727319,0.322749212099543,-0.482143340393835,-0.836623349260331,0.512072996026844,0.668500996735067,-0.0048550980261364,0.167027760884745,0.300661607519635,0.104036538495895,11.99,0
145309.0,-1.13263613006048,-0.416654534714176,-0.388208247913858,-1.88471316381615,1.40123516648738,-1.3173394864396,1.67570768578136,-0.558749062240447,-2.39974542496856,-0.204858900847352,-0.793132786636121,-0.583818185089304,1.06240269911456,0.113537530248547,-0.871842923520717,0.0421531736562224,0.404409521462495,-1.59907074204654,0.749323560177244,0.728034454141715,0.633149482626573,1.31136370825312,-0.331033610097011,0.779292757742697,1.74494998888398,0.38457089061828,-0.150751992345117,0.0412296833821893,175.84,0
79903.0,1.20062887604704,0.239201850200567,0.640482594774276,0.707894103380667,-0.607940734959752,-1.15971684062453,0.133108128811336,-0.263984255543173,-0.0660638462877728,-0.0918890357243809,0.174223374111433,0.781589399991438,0.832079815616472,0.149654990043335,0.947719863445075,0.183192062017756,-0.336197062357748,-0.71512012986988,-0.252129112871583,-0.0282326995442545,-0.217761318685009,-0.647575128237559,0.153136787195973,0.723029473622225,0.186097199408416,0.0703665589864003,-0.0285200138825469,0.0268996638226715,20.97,0
146899.0,0.142457092033348,-0.520087503087055,1.71398457892494,-2.59075042222854,-0.802848993535606,0.234239301702238,-0.0702796106455597,-0.359901379377267,0.487511551608327,0.115863648897963,-1.10374730875894,0.0534771250250483,1.35225648267152,-1.35270179391888,0.531607022162582,-1.14618628320047,-0.826015517015497,1.76482641329202,-0.939599432718243,-0.310684080903158,-0.10208067611941,0.681117519798232,0.0751866634679641,0.713021086510844,-1.46899665672327,0.410527759712442,-0.175949686066143,-0.200700609162659,51.0,0
161548.0,-4.12040736438866,4.09965324415318,-2.07362082164004,-1.12288734942171,-0.943129166033723,-1.55581295961168,0.298200948904679,0.746131980091576,2.26486745116187,4.23826194354388,1.46420834575729,1.39711218997362,0.357067616789668,-0.10584809780151,-0.135998169670928,-0.646509563300461,-0.470459870624847,0.224617912796829,-0.281344940297132,1.60655589969834,-0.0730997575015601,1.44905088700196,0.0943412648487258,0.540914552656792,-0.280484949767413,-0.4306239422947,-0.195689680801142,-1.04697760855003,0.89,0
162376.0,2.03008950911598,-0.430617901571097,-0.883916184784979,-0.0070426712176278,0.0075305459399203,0.416658936079417,-0.654809146438683,0.147247310197924,1.09133852757009,0.0627225149637982,-0.294344413535082,0.636826718272214,0.326394503834944,0.104712078851162,0.437883023686527,0.81982970036118,-1.36729550845232,1.13989470637384,0.354628019379439,-0.159458104038268,0.184563384548073,0.681259917560771,-0.0381301286399217,-1.43085494076444,-0.0040736780011291,-0.173651242280614,0.0309028191570134,-0.0600840060463493,11.74,0
76947.0,-0.693734822346729,0.940996658383608,1.73004748698906,0.120503428758817,-0.29333419428051,-1.25354646135952,0.675344208775333,-0.125122193016486,-0.320046433620883,-0.19204322718798,0.047642972692855,0.0040865706309615,-0.281440045216345,0.181208432979474,0.851797654619991,0.0486136168776775,-0.197336014915205,-0.500344226487987,-0.171365484017185,0.0352530552548756,-0.186473903357986,-0.505876107587012,0.173471912163033,0.889509757140114,-0.25407298830712,0.0310517361142515,0.144972845417363,0.1139903612863,7.99,0
74842.0,-1.15938526180408,0.182188811069552,1.74705041193415,1.04849735208829,-0.634538072990479,0.228251366814671,-0.53469826283381,0.819202874746237,-0.109963522506874,-0.465257519365157,0.196489190450874,0.019101170931905,-1.2458978744209,0.50266470181121,0.21672854787167,0.35881584249123,-0.265021592842014,1.32275157821804,0.794017050058843,0.113097286570896,0.368051694552505,0.729235131934811,-0.0609485015480469,-0.003737323351441,-0.197291522705824,-0.221163029601592,0.0481622513308147,0.0047485550331331,69.33,0
85041.0,0.764310941307835,1.54805230288831,-1.91738926347463,1.2646337512196,1.64097401965974,-1.07074809249682,1.16053747298203,-0.47422335636602,0.0309238727469249,-0.264422666137392,1.7768262272224,-0.728058991108295,-0.799159560560931,-3.74231911203966,0.587827584806885,1.11659970048206,2.09364517283836,2.28363576837559,0.171615991825457,0.365252055684453,-0.290214694291608,-0.227929380900683,-0.0945291929123738,-0.863650084126112,-0.403008937911507,-0.4173977901578,0.0274799139178274,-0.388267840009031,0.9,0
59169.0,1.08909057893292,0.0635737371110655,1.58553040486963,1.28927171125193,-0.962041960296223,0.0208875190316935,-0.70861813189424,0.138560418553671,0.41285926458628,-0.0896749469013921,0.247863703302804,1.07212240783662,1.50300513367757,-0.387898346915242,1.62091262735825,0.353595585255709,-0.461126983762249,-0.127637326031459,-1.33501625194366,-0.058614888673867,0.317940967485889,1.07110241136654,-0.0160523286837386,0.44416455341886,0.290656068884097,-0.233633651904013,0.100706125824489,0.0468572115171802,10.48,0
130048.0,1.37295963746646,-2.6845130247551,-3.32656789875534,-1.42944135732372,-0.313642168435013,-0.659207743770068,0.649427340032345,-0.613385194365236,-2.43510269244365,1.65789274840623,0.30013026929002,-0.379209531935453,0.493016656120112,0.521674131201108,-1.26516056413844,-1.0081118611533,0.347948251117332,0.369112707769364,0.317295286868424,0.685557535613293,0.454893169899993,0.588481846701646,-0.666464306539082,0.285881067602379,0.5230514267183,0.223140220453493,-0.179385885000831,-0.0025955146781499,550.62,0
60693.0,-0.934238344195427,-1.59612808688848,1.489915255136,-0.666237968196087,-2.247210794095,1.37965449407001,0.841678218215796,0.223939190518307,-0.240475138374247,-0.540678995516385,-1.39052754063683,-0.886067937151892,-0.414812517655479,-1.11586400780205,-1.07705408180602,0.324637471420253,1.02282161857718,-1.33749954981687,0.766070072949921,1.04754579797646,0.528793924300704,0.996293167242456,0.788098695864871,-0.272178058817121,0.327920828791129,0.0093799807577993,-0.0585079960347918,0.0514490564665544,467.0,0
42433.0,-1.08485833518789,0.971956497634451,-0.388791954195981,-1.7418295726161,2.51068169149657,3.20281096379924,0.122217410842062,0.947855482671919,-0.385172917649694,-0.359065857815319,-0.434501463634625,-0.251813691806039,-0.121913204052205,0.28476657482868,0.453324586309041,0.72430779730764,-1.14713485120765,0.282639714587505,-0.546513775599391,-0.121533142020091,0.127899271142864,0.0792137105226593,-0.218076862306135,1.02890653448266,0.126610115684287,0.177185421419168,-0.654245370174633,-0.163501339364594,1.21,0
159525.0,2.16470402803164,-0.983045159698146,-0.437096254617481,-0.752231634000437,-1.27878257085623,-0.886293693455514,-1.00735752090137,-0.140348438018485,0.194075742993463,0.754403399107931,-0.882444592379448,-0.679785363053419,-0.171949840265243,-0.409443807009849,0.211535298078743,1.16261160322501,0.162427160561749,-1.11004691821701,0.442474858632142,-0.0612962928378518,0.318173063968834,0.995603440282864,0.142941692037422,0.0738327396847621,-0.163977685863944,-0.0889672222331061,0.008373435552996,-0.048820793366899,10.79,0
153779.0,-0.314742636226217,0.584869487355478,1.55011671965495,0.752856339185395,0.601513675848924,0.537372220913603,0.29923883116967,0.0324107529208399,-0.14654905575446,0.193529043390385,0.858568473044573,0.739043584655567,0.287825268596558,-0.144101047828334,0.0321352188430233,-0.0479144651797938,-0.672419498224705,0.523624247590219,0.783358661592105,0.0652366412994489,-0.0363901281728442,0.0788063069509327,0.0596530802161436,0.656766483563728,-0.928469134494507,-0.93482451111712,-0.0278510817218496,0.0107478359322432,11.0,0
137778.0,1.92951263740762,-0.512670613934225,-1.94181508317091,0.35690498072479,0.0920100756269868,-0.897917642740285,0.295684131014428,-0.11946768474703,0.612362580370583,0.346420586253061,-0.0143322361410067,-0.862634520143828,-3.54067114115833,1.30996088939592,-0.733389916457547,-0.218336308179617,-0.170515941378634,0.101328329192764,0.539327720720623,-0.301303654569001,0.0383642979351594,-0.0143928160824541,-0.0224765271989315,-0.415210685473632,0.0983809031020146,0.616914654331306,-0.136638254418908,-0.0883046239252161,74.0,0
31714.0,1.38077538884117,-0.356582850465941,0.387364917058735,0.256579889164593,-0.419996925222578,0.439779843339786,-0.642288472682813,-0.0455586477973281,-0.604106746995198,0.645413840307458,-1.88936156225493,0.456836323256118,2.2167648181225,-0.683635656532697,0.228006398727321,-1.1207774509337,-0.667934448405381,1.67131063416617,-0.600523103230133,-0.373740068072088,-0.310706177838743,-0.178853775034476,-0.252240882626716,-0.978038507289383,0.766569809786507,-0.142443644622263,0.085790919628092,0.025082917539768,16.56,0
96977.0,-0.778253262691486,0.976541943147917,-0.424833199294719,-1.69527249983259,2.45341259161746,3.71875427013392,-0.535026449504441,1.45970328500899,1.26337289709532,-2.17561259410299,0.941312430576863,-2.5025792473483,1.39533242359434,0.569941536100127,0.0551587210477021,0.602526269488385,1.19976707199844,0.617527213982662,-0.576153342540871,-0.167457371377278,-0.318222560913557,-0.848757497773736,-0.0126710029721552,0.509810889399613,-0.294719138559791,-0.291315231354068,0.0016159346926658,0.0884294155979817,0.91,0
78765.0,-0.464055014054228,1.13061692428624,-0.966924108474205,-0.857737580697683,1.80828426492893,4.37548195869225,-2.60350960015309,-4.34203088995929,-0.910943406881175,-1.32242679500122,-0.234789546224088,0.439572869945195,-0.475917605993863,1.26226143621976,1.01838081694578,0.985813874252456,-0.649666294291593,0.0273672548325815,-0.150250327590149,1.33837584777568,-2.841621035371,-0.381851326659146,0.265735101362187,0.958424796128432,0.796175502581152,0.147807527523421,-0.0579570447424287,0.193669163691416,1.98,0
128175.0,0.0927249004529971,0.840076999153717,-0.0586042221616862,1.23031119995684,0.451984164594936,-0.912330908609177,0.592747989028686,-0.164784952480927,-0.314177313319227,-0.404090505536898,-0.61940247709073,-1.42187234422837,-1.66841520641527,-0.249318516793033,2.36643317987183,-0.874735506375277,1.50747503705174,1.17641895307518,2.26049693064921,0.197626467715123,0.314779249592877,0.98835026311234,-0.2237039678378,-0.162563308807907,-0.428439028825856,0.293805708082013,0.227379077322631,0.217774372221745,21.8,0
40939.0,1.1106549892407,0.162049849648632,0.973981303857779,2.15364819580997,-0.176583166643511,0.912220242822805,-0.604576864285869,0.310880153472213,-0.428731813622407,0.786737223801914,0.074728388364687,0.289255624674572,0.478989379954199,-0.0051665892273392,0.333991902763432,1.71899604734556,-1.54712664014087,1.09060742020816,-0.576198387047187,-0.0015166378828463,0.0982178261250486,0.16469712944935,-0.161330920118669,-0.848874473320405,0.348329543190213,0.0535285930109314,0.0238754684771884,0.0237171871971461,38.64,0
119984.0,2.14265856090961,-0.840020800149473,-1.77156075960252,-1.168912378066,-0.105666411659793,-0.609419598688085,-0.281148366278647,-0.164005310319129,-0.811579587779257,1.03092265785646,0.677026993980583,-0.483918719063095,-0.736390486411459,0.505676837791087,-0.291682701910359,1.23115951187266,-0.155802094174613,-1.00426415493372,1.1030891923405,0.0417886860614077,0.0869512952099102,-0.0115400907197243,0.164851111370142,0.32603054597663,-0.0726915134164446,-0.346436176297415,-0.0712010776735858,-0.0635244909221513,56.0,0
168869.0,-0.212727239979255,1.32856718383738,-0.741679783287311,-0.504558034125314,0.673189574341772,-0.802036536267433,0.678702672014094,0.28926883427002,-0.352378150704612,-1.09588657337559,-0.607481324775577,0.532901374734534,0.922145978155793,-0.864679517895493,-0.328097740189847,0.34466746038327,0.554796157635065,-0.382664880735049,-0.326572285550636,-0.0304135611177633,-0.277782305875774,-0.745098713379399,0.164823269791683,0.592128682321425,-0.385270752495221,0.114399305689168,0.103997338373196,0.0235006845770303,9.21,0
153646.0,2.22316924079356,-0.657924211255909,-1.30272554349271,-0.866778035156706,-0.606136495337317,-1.44076615585181,-0.279924333614841,-0.454033190149317,-0.579655630203922,0.870990717585692,-0.563136166150503,-0.45276853983284,0.507026381101052,-0.0312639139446787,0.290984234769421,0.863207718839335,0.134722124323953,-1.34476651476979,0.41718077980907,-0.0128743820565633,0.437628818945641,1.30053692501113,-0.0168099506753218,0.11646106985006,0.212926082036013,0.0648894821982134,-0.0371660789213221,-0.0646338916135043,15.0,0
36458.0,1.14942474827536,-0.921443572797457,1.23192818987086,-0.49680145967486,-0.886708201629127,1.52290152015301,-1.40551782030475,0.587424782406468,-0.0197818266467849,0.171760750413585,0.573645636555113,0.649905071022354,0.677328379733031,-0.928917398986256,0.300287698629014,-0.660080952071513,1.97096864845562,-3.68982919298723,-0.762241319628787,-0.0691285882287069,0.14662231329765,0.807633240992239,0.173191231251222,-0.586371573018292,0.0538786090366016,-0.137268352798788,0.132626922352417,0.0138304950488847,0.76,0
36398.0,0.898380463701764,-0.219812136660364,0.296864601189198,1.37352930712695,-0.216971153366433,0.176990201824309,0.112078073143607,0.106639347000991,0.034775428595779,-0.0062773989281527,1.14362203912193,1.16409371440288,-0.306432588675775,0.310822248179818,-0.768362981084651,-0.506243900238455,0.0224267681985388,-0.445584824031387,-0.113903349215669,0.0486328379747558,0.018646807109161,-0.0133193917009975,-0.175847501211871,0.0288610950267818,0.586792163821355,-0.34148204476436,0.0135792382398645,0.0256047855182805,124.0,0
150566.0,2.16111796486178,-0.629806710830407,-1.5148086794045,-0.818347253769255,-0.163558614746306,-0.230700675136532,-0.811864110313325,-0.131094365226289,-0.148163522273052,0.0188210777019436,-0.744476844320727,-0.172146457367532,1.97271673085835,-2.48865829468537,0.251291157999196,1.83438035876996,0.986822683119229,-0.370578151276915,0.477066550748227,0.233645245325496,0.216074827343425,0.715146784813781,0.0089093831646304,-0.0212982314564268,0.0164864026203845,-0.0854614495247445,0.0298069555012378,-0.0045780877125218,39.99,0
42796.0,1.44958431306756,-1.04763288261129,0.40733020057602,-1.29376437493653,-1.57006897067659,-1.01207254909261,-0.847125029807671,-0.272072186934297,-1.87976783582708,1.4181746533345,-0.446070496263001,-0.771297649219312,0.704686078054255,-0.339006751283489,0.549523963392307,-0.405241174428062,0.497398002313818,-0.0581369637030962,-0.256239545970776,-0.241936382516181,-0.190247383914443,-0.226247120469191,-0.0004307831699503,0.364194226676435,0.381198357366702,-0.210438185120712,0.0244316377067872,0.0276785910304805,50.0,0
111111.0,2.08303401073146,-0.115377458476419,-1.58032786097686,0.146665337738703,0.462213103356708,-0.247317500919306,-0.168822096439727,-0.0840291252308981,2.09880283535836,-0.245655686812148,1.04343066952002,-2.70998209250425,-0.129553263949129,2.43739863043132,-0.290196978580179,0.166567932193969,-0.184720218389208,1.30665654046465,0.144614216803156,-0.357586394761077,0.104329797460412,0.572756682212858,-0.040206350106865,0.0031693179102583,0.317958025835392,-0.466275736792721,-0.0398298152870094,-0.0736382952668751,1.0,0
124219.0,-1.23815893195627,-0.740775561959737,0.595388160697338,-0.603274909492641,2.12591349213314,-1.24634858492941,-0.0223540717833765,0.0016381102690501,0.276047848660788,-0.926355382842139,-1.421359423796,0.388802626464338,0.34924084398645,-0.100019871496194,-0.827303309399969,-0.648584922288806,-0.2364689304354,-0.198860776297395,0.245643861007183,0.267192006661735,0.264298241913198,0.576824999253717,-0.0987239469715171,0.647817071179543,0.217438658572571,0.126644044397156,0.0671929608749636,0.176998605429225,1.0,0
140967.0,1.94541803836905,-0.270267363485547,-0.526707802423196,0.205122306649217,-0.25407290835217,-0.229710752756728,-0.362378255609502,-0.0675532718733437,1.09342617554096,-0.297140169940372,-0.561748998523947,1.18201544797084,1.51805964034143,-0.203228539050671,1.0082366424623,0.157886084581627,-0.744833293695076,-0.181063067385699,-0.168803654166233,-0.0604062310052318,-0.100690497002003,-0.192803617746667,0.337945985976785,0.580749478047576,-0.313308227260118,-0.963981930828794,0.0591852952850458,-0.0130248050380035,35.0,0
172741.0,2.03203063589209,0.231108208467949,-1.47266992021531,0.519948679631575,0.282146580088398,-1.06483181597564,0.243430547562142,-0.295195689018282,0.318850454714682,-0.414133845081508,0.0925282231774307,0.821848200315384,0.889057448688734,-0.991035957939826,0.114800169255264,0.0668881813470689,0.661707111732399,-0.674677152902159,-0.216116286089098,-0.120830011344117,-0.315147761891401,-0.752281460181341,0.398598012098571,1.01766409794509,-0.309606847478302,0.142320629674741,-0.052771653012441,-0.0239822823060113,1.29,0
76737.0,1.22372530264199,-0.172463864617079,0.61300744321936,-0.0701614753259024,-0.69169995992012,-0.373711461767399,-0.454388283883648,0.0462432051409762,0.217974087214548,0.0204707669803508,1.0920392435475,0.708224755585359,0.102738684895784,0.221345115320889,0.643029820746213,0.810487796447987,-0.808127532064896,0.487977618744297,0.214743522516322,-0.0174034904416332,0.113680870859438,0.305408501880885,-0.0807726264676304,0.0750516034440977,0.24342630543849,1.07314862808528,-0.0670506448373059,-0.0013774474215651,15.99,0
161601.0,1.96754422591379,-0.570922684204248,-0.377405991236889,0.0612126774187385,-0.710993006871158,-0.186964244078422,-0.765652250480818,0.113957308770786,1.34222833069594,-0.0296484806410023,0.3902205991641,0.844522275378785,-0.31642328442705,0.0399205104307974,-0.129677207914383,0.401791902202106,-0.798542917122285,0.766541925993557,0.285546181740731,-0.207728703585742,0.207124071022315,0.796366837530788,0.0870382792242132,-0.302937746117568,-0.172010115287121,0.126590634376791,0.0088878826579049,-0.0556608580326043,10.78,0
82034.0,-0.750482528452716,0.0297045063892302,1.45387183852396,-2.47729401181971,-1.03116338373941,-0.461109757824461,-0.583805220248739,-1.75843751258185,-1.79241407827996,1.34801344249528,-0.332359083856139,-1.47579785683563,-0.834492941451796,-0.373850245008849,0.20615620017992,-0.654136917181977,0.705327410240711,-0.383257416771462,-1.35480361855738,-0.655963205824382,1.34961690388816,-0.364069798299205,0.188338222287727,0.307532807452819,-0.445418103259724,-0.411624401078377,0.336065975446551,-0.0112367943794063,20.0,0
76664.0,-1.45949722136781,-0.798244288096281,2.08091325286852,-0.468193242267307,-1.45982088264157,0.176648788783612,-0.718440812710733,0.709217958786828,-1.16071253998625,-0.169749209837894,0.668598289454116,0.243788706366085,0.109019183305913,-0.419973728668604,-1.16098234538637,0.704992627608001,0.910239735671532,-0.67938932252643,2.04907791244243,0.63321264751261,0.293539088946447,0.361849390033826,0.114608298386457,0.366148246659294,0.261156964839297,-0.136992301939911,-0.0564561374240983,-0.0773480486495418,155.23,0
164928.0,0.216034146576694,-0.0451243272489616,0.562733852317182,-1.53434530298854,0.248808144151966,0.782769816316177,-0.114954760792458,0.254101688629408,-1.02122972569026,0.310964580560846,-0.465977927249471,0.233825488087014,0.741349356823525,-0.252890318759748,-0.72104328811063,-0.564697195701726,-1.07835644534068,1.891428137231,-0.384260648330647,-0.44898014667867,-0.551106068619078,-1.1598761765145,0.167525008827495,-0.422270227533103,-0.797637462736482,-0.1241431244863,0.0703645305002282,0.0483469374216714,19.9,0
111642.0,2.07444622558674,-0.0513113138310335,-1.12544691263621,0.381088492189413,-0.0713175436926858,-1.12992082114383,0.180241578102006,-0.32523899796751,0.55201324773267,0.0739883731201386,-0.873378322912368,0.388966717342635,0.0879838330286127,0.266710176722337,0.0508732441375586,-0.0622132002931799,-0.341627824742027,-0.821477398126732,0.202028853422314,-0.22158389288543,-0.299535374286605,-0.725923546979584,0.322797596087712,-0.110465469103933,-0.278422245970609,0.205186304874334,-0.0707668033348157,-0.061594361268789,0.89,0
144004.0,2.04961742996532,-0.151459481000261,-2.20396429163812,0.23587993715283,0.543186869394561,-1.13622153913733,0.649529310064647,-0.424634444352918,0.301445499822575,0.152494727639785,-1.09422422412225,-0.29027732048611,-0.957113430254527,0.741772072967764,-0.17681008380533,-0.536435480220395,-0.0889256198196657,-0.61691796754468,0.209533477611988,-0.163956304348419,0.0997839135039485,0.30904419800766,-0.036204090238468,0.730789150519951,0.340579704298894,0.796484516732265,-0.141595110453019,-0.0744585489330472,49.95,0
169493.0,-2.22490627382053,1.70284455033795,-2.53239113442334,-1.33688043979452,1.19078783820885,0.0569183971326286,0.569104410992049,1.0514794942279,-0.0845835731544779,-0.0449808540868632,-0.884622919481611,0.375063786585826,-0.0803135698688643,1.26265953645024,0.670763159634845,-1.1408044791685,0.625914558755121,-1.54442978051392,-1.12113993589235,-0.199107559804082,0.229122409163932,1.07308971056985,0.0772011284715377,-0.508760463222896,-0.237902036328262,0.157706220445305,0.247602659437734,-0.199599129886621,3.85,0
166626.0,-0.230196619295777,1.16807680020823,-1.22691205411555,-1.42529656598707,1.55478798584118,-0.89353175368964,1.59192645674038,-0.279823515191925,-0.369541651034545,0.0069472601048103,-0.133080982268196,0.132873246435233,-0.397011184942942,0.830376999785203,-0.766744100135832,-0.183285668622538,-1.01783945741317,0.4535800442715,0.509243011335902,0.0813911522597755,0.198459480156727,0.811906476330276,-0.370014638502126,-0.992089349122991,-0.157307098836908,0.137226430216476,0.494306984037142,0.313295454044915,7.7,0
77639.0,0.126829270645073,1.12880428796453,0.232959530729563,0.891162080234572,0.584789280158181,-0.665928798831741,0.960329104052859,-0.151892552883276,-0.590245314265933,0.149945534809583,-0.244869604327865,0.259495041859949,0.350119538640097,0.444550028751881,0.874747424572682,-0.868181174550325,0.109537408416094,-0.618651255636223,0.0211807993686856,0.0460818796042086,0.167949935861735,0.755705731896279,0.0425409773054035,0.100863836920883,-0.770287826408791,-0.38725152371758,0.458228149695474,0.228183719252031,3.99,0
87573.0,-0.359428797393508,1.28267299461684,1.01339525818872,2.71195581993896,1.24602956040009,0.943634989387234,0.859481535439444,0.225878617662297,-1.86635938750942,0.931193934205228,-0.737913676070082,-0.61533532723055,-0.565855305617023,0.341402832457969,-1.41077188553838,1.18120567192417,-1.28077286321308,0.745951348527184,-0.471730039290133,-0.0803686360722123,0.106660942368946,0.197468569568812,-0.263002468926749,-1.08539111409462,-0.18134405477706,0.026079020520048,0.119534188394863,0.147693507086075,27.38,0
43541.0,-0.604759722067514,0.858129263298786,1.76283702290605,1.01222576194939,0.222731514164475,0.025134578501672,0.409801689853208,0.168981704248728,-0.140805221950737,-0.288741832223223,-0.539264215312663,0.456651357518705,0.260104052563542,-0.16805949745349,0.189229831148515,-0.987999544381694,0.451212277083586,-0.778144209958875,0.488460257140366,0.169108005089124,-0.15237875479858,-0.132994370119694,-0.0394882345027211,0.0786360082190004,-0.176924765354991,-0.443684910961805,0.424150220629551,0.205270601686216,7.29,0
162476.0,-0.64069259578662,-0.0282551655547592,0.954779758734135,-0.0870002862778928,0.263797921878101,0.191611005711765,0.555702984438577,0.393421872832022,0.237462749110884,-0.559650930201536,0.0784873496821007,-0.636879386130298,-2.74105844536817,0.648112546832297,-0.746176543769217,0.818443254108941,-1.04695409066938,0.689750107207605,-0.925040292345579,-0.0960048165510759,0.031536615266765,-0.35240330745999,0.525627877555801,0.530082653031563,-1.06500085869107,-1.25688896735063,0.187745934324476,0.247216497612522,121.58,0
50734.0,0.635653919278531,-1.24942029769351,0.788491594060512,0.508437961096966,-1.49964269566535,-0.414207775527894,-0.284446396912064,-0.0540175484413004,0.889776531401653,-0.399977842459753,-0.5850087310012,0.264301816227584,0.0779018792285223,-0.257870635296824,0.744962625587086,0.409261869858664,-0.237680259801531,-0.0411496033164384,-0.155116760505145,0.551403550030827,0.254610437185717,0.195067258059892,-0.294894429560879,0.490059007469119,0.0970436858742884,1.07672158231182,-0.0937075382857841,0.0679535708680775,311.68,0
79409.0,-1.28473886466611,0.838826615083134,2.04290591099927,-2.11321856722017,-0.52041226981687,0.261172979255983,-0.824379576273263,-2.49838889779955,1.00270470681352,-1.76778312303565,0.666255178288665,0.852963197524951,-1.02502003210975,0.15218998067888,0.0172050510187965,0.106640148663746,-0.673259364461094,0.956108508388164,0.265261468780337,0.708772639199068,-1.2935378103686,0.66612501348503,-0.222371256146288,-0.0220089802891134,0.47070108900263,-0.797611898985737,0.14586926283998,-0.0630021963983948,1.0,0
150009.0,1.77117958743462,-0.357591109801122,-3.0906962918328,0.0707524357903452,1.54605983756984,0.654682812801272,0.384347294353188,0.225072420288752,0.0565669389024752,-0.253856778336361,1.043624799604,-0.659629297379918,-2.44351911874097,0.156670869140092,0.831051319777723,-0.256029327613695,1.12992715183525,-0.395290146276424,-0.755578702041998,-0.13289235291995,0.132732197121021,0.1556541422006,-0.0366604405150197,-1.05237598990901,-0.0183474192555733,0.692432810533105,-0.097454904638253,-0.0575836401366223,121.44,0
125088.0,-0.202423838765815,1.13976759983651,-2.57175470648065,-0.478937730379048,0.707022798352501,-0.955718327030735,2.27738549774782,-0.30058533649028,-0.787611407453002,-0.270144824676105,-1.3236376700131,0.315679471324213,0.713451265948071,0.839293735648382,-0.996974229279018,-0.62083194129859,-0.330737723318889,-0.454761504710845,-0.203861809565161,-0.167911791114254,0.498129917087355,1.65428249282407,0.206233425353017,0.696558675870757,-1.02634711548663,0.357943006801703,0.333502406644993,0.267554045658558,192.65,0
166993.0,-1.03680175027711,1.76183352072745,-1.39000548324961,-0.561281419907428,0.171866460547505,-0.89230563271914,0.197992877630063,0.823570645752784,0.0974829757787235,-0.658042680675375,-1.02766663913912,-0.110069036210167,-0.506011782088828,-0.393780236637229,-0.161564734981357,0.521501983002662,0.7648905527375,-0.170765584114603,-0.353915791195334,0.0078567815122947,-0.323387272285899,-0.940246917494505,0.233784909519831,0.474200826574646,-0.301954814529011,0.135345106970091,0.188316572854025,0.0726151491791931,11.99,0
29034.0,-1.73399550748424,0.48915139932337,1.15566142564792,-0.101390981559125,0.491620167247412,-0.647396237863314,1.47506122323068,-0.881311492432011,-0.0920996341688205,0.917620184395296,1.41581536754713,0.10081092516344,-0.550639615182085,-0.127845207023011,0.127580667919835,-0.0533574509028835,-0.797029853006985,0.11185589456148,0.517762972569053,-0.648559421589475,-0.133505294940951,0.316511615956999,0.114032617345948,0.368106750189483,0.0021874836600966,0.199926009420774,-1.00052748807076,-0.361963390123928,62.22,0
139842.0,2.10210241431681,-0.970641444358037,-0.898827699388954,-1.0223390618802,-0.805918625572505,-0.623059100267145,-0.730479770645073,-0.0136300267683458,-0.346849671727049,0.94463309841035,0.695935362036421,-0.461935237316067,-1.10826968640767,0.295249054941218,-0.207361395739647,1.46127325287566,-0.0979105644696663,-1.20357936449355,1.09686453929205,-0.0477540272503921,-0.218130790108085,-0.848745621322223,0.432179490899594,-0.491091072507449,-0.610711330455839,-0.68131872470923,-0.0272644868498295,-0.055879940166437,39.45,0
159341.0,-0.889930839354935,1.51113308512761,0.97548131769307,4.22706434373742,0.842260562319498,1.20658428796737,0.341787360796983,0.717416252146697,-2.63957044303207,1.18161991305673,-0.103028625711564,-0.623930534547065,-0.99724908828433,1.03592003524736,-0.294446405816164,-0.0017011135861457,0.264279223131583,0.502383960076134,2.01608925321448,0.230483494172835,-0.122892661710985,-0.69922217973037,-0.155582556312878,0.28932154944668,0.306861889622924,0.280001513721777,-0.0763705239980291,-0.0282991242315685,40.85,0
53250.0,-2.20872212228663,0.950380720241716,0.327222191672151,-3.80442293185638,-1.94761754517034,-1.60963322561111,-0.881203580761212,1.23480469018704,0.0661821442470433,-1.09054709339653,-1.20319371529897,0.214630949209959,-0.238185323643634,0.679302993669289,0.560286472009976,-0.896847078960318,-0.11664592117012,1.68831778324647,-1.88782403336936,-0.590227055282087,-0.120228026746853,-0.0494219023596547,-0.103823312276418,0.370459697979605,0.372607524440528,-0.193765151124919,0.171838147829308,0.0757205849915006,15.21,0
43042.0,-0.230884912758227,0.469836497513922,1.90162338397879,1.86319821489614,-1.04045240162649,1.5474687722665,-1.76398559650043,-2.02857261876486,0.482685715802182,-0.80389177989316,0.411245263414874,0.738235250318068,-2.57514409289394,0.363177305770247,-1.78630807461117,-1.12561537261467,1.20212505109647,-0.505236809084304,1.15399645557473,0.481836224846442,-1.64317770497645,-0.366222273582001,0.0486634578472789,0.178776993406424,0.72714227270221,-0.315206419564653,0.141902066946059,0.214188082656255,2.9,0
146283.0,1.76410579429009,-1.26802034210313,-1.13023724390747,-0.26229210140008,-0.715931843900525,-0.358574390277026,-0.288625492388968,-0.237224610994823,-0.0280040553779474,0.467136773055405,-1.04445313387813,0.64162733972973,1.30672849433532,-0.166125940222142,0.322560280818486,-1.69930212113199,-0.284776405533948,1.27499647619146,-0.808099353306197,-0.160553726227145,-0.199945236473236,-0.32789200116951,0.0675586037187464,0.644149253201971,-0.0940047751197458,-0.707801675889644,0.0272350317101973,0.0064317823529666,203.8,0
77363.0,0.85560287426666,-0.114791702098722,-0.0235103996526065,1.3094625258459,-0.0823822838595643,-0.533069916790885,0.603328238276992,-0.178409052000967,-0.286825567931175,-0.0805067374387052,-0.0663312113796886,0.381847713251838,-0.0076330692480823,0.582885348148606,1.01006584137069,-0.236144106352406,-0.0842872213211452,-1.10469047368208,-0.563093734689664,0.183919836893349,-0.25357059878072,-1.13656290528733,0.0186522600156969,0.0284302344282851,0.259182692463198,-0.715207765110733,-0.015179469338289,0.0519925483574912,184.0,0
66116.0,-0.655938934090902,0.544789408504303,2.50068508103145,0.0733762689732969,-0.446247742598013,0.143557389034931,0.0425404535549926,0.258430542211679,0.358790352889422,-0.782582774135807,-1.49975451563761,-0.65689752412988,-1.00284078730269,-0.324953194135682,0.20511249995227,0.220266447794774,-0.230302633187392,0.240777170761761,0.407084486820153,-0.0380542659595273,-0.0797991614025896,-0.153607496683847,-0.297420433825383,-0.109924937276636,0.199528695373279,0.384244299049442,0.0466649514743692,0.0680888499889273,10.99,0
151019.0,-0.0719782969754204,1.17342832004854,-2.81137537159835,-0.65385466433048,4.18290098693934,2.6732014283978,0.875066026774463,0.641454304246047,-1.06118560165525,-1.45475779180407,0.667575033427191,-0.782062421505889,-0.586761058690683,-2.16916041876463,0.593856441292063,-0.237736196144561,2.45643174415906,0.71816893095233,0.570762985822246,0.165640799988598,0.0582488505831166,0.221527062673441,-0.327504524403756,0.544208256051485,-0.0824700491585775,0.832204852473372,0.148370011781482,0.220806686873178,0.76,0
125979.0,-0.0324401844002476,0.844725421819729,0.654852943158379,-0.379123908054848,-0.0186281189857453,-1.56234871659312,0.982110977579191,-0.214897876352602,-0.0455643270282591,-0.407831658084317,-0.153725129726832,0.239290989827248,-0.544325555494504,0.250125346408378,-0.376769755394175,-0.391202494051825,-0.0082275839255267,-1.07694106013178,-0.485894924599102,-0.0977580835781965,-0.200687615767306,-0.417976424977489,0.190915342856748,0.853813346885746,-0.635432146244911,0.089979298883545,0.248770269568018,0.105105533443107,2.69,0
133211.0,-0.481853183505419,1.27133681532512,-0.583531746066544,-0.716726408557462,1.10923474872464,-0.811334310979647,1.14366372642674,-0.214195961304181,0.060885338674236,-0.45959838495656,-0.733281598606787,0.200653755827148,0.714057799837756,-1.20580440448409,-0.406484235475593,0.25135028831438,0.234840473692514,-0.248827596526403,-0.198556062743176,0.135198664616344,-0.279832630633187,-0.540522802751179,0.13349190721998,0.500216787296269,-1.02405257668051,-0.0016812723483618,0.43133757335139,0.391237549639702,24.99,0
152197.0,0.0762601651578689,1.03791251773765,-0.210915867803671,0.786553893217771,1.0581876766837,-0.371035907464211,1.00875504983901,-0.177698608005292,-0.573128155731454,0.172676662739874,-0.921484237207035,0.187296124867977,0.913585025423735,0.302144155785197,0.618802102084029,-0.536833321189933,-0.418951703128081,0.190314276376364,0.259936444691498,0.183502171320643,0.405939494398277,1.39682114952489,-0.0391674249071597,0.640617054839894,-0.758446394960855,-0.466084212013451,0.544798306945154,0.345500259719767,23.08,0
170459.0,1.82361240070549,0.258658278782079,0.475505966603214,3.99645859923699,-0.569021111401397,-0.0066992031667937,-0.510826920529076,0.0728151771648369,-0.289343533766101,1.37102026719047,-1.02143866681729,-0.0252751895032582,0.0866748932266953,-0.265775690365313,-0.623450806505082,1.05678094114528,-0.766312282033832,-0.0526897813556427,-1.93284128629676,-0.278690422031129,0.260534642447511,0.868663908613832,0.196809231732331,0.448413462186881,-0.242914536068898,0.0583320783367935,0.0163944492916476,-0.0264347868479021,11.92,0
66005.0,1.037235053212,-0.266814380537341,0.561765659641392,0.855602179720634,-0.580884643472595,-0.17132110808852,-0.129141359405408,0.05191980505391,0.599256059560482,-0.271650376953672,-0.516808788714202,0.298380330079232,-0.566046981072071,0.0347375375824865,0.180124876211272,-0.444618243592236,0.309319362004834,-1.09464609971452,-0.157889888604507,-0.0350159171158568,-0.232626994210861,-0.659411608883106,0.0480874299816748,0.0798915504147041,0.218934630156605,0.2045603670394,-0.016075974694165,0.0252870023176287,79.99,0
117673.0,0.288355994661689,-0.0429846756048168,0.282338907768075,0.0558948833901095,-0.404738469044756,0.790064468060375,-0.0276377175773361,0.0880856884008375,-1.32179685976206,1.16920898981165,0.108777826676146,-0.194483328394665,-0.188719612467876,0.271850045388198,0.507952817330517,-2.07439265531047,0.428674708986464,1.69087261458328,2.66925397631399,-0.233713582491749,-0.699473432132146,-1.43489525910118,0.613135771985244,0.127095525579352,-1.89811100604215,0.311697839269415,0.193297508443049,0.224071855209461,74.95,0
69903.0,-0.627215298266085,1.01452038825798,1.60702548190545,-0.283757865425258,0.246700289878241,-0.100143194224382,0.683345756778886,0.0322642853444946,-0.265355352261817,0.345126127584409,1.56978409876857,0.44922061261036,-0.464593372716842,0.160678094885879,0.484657723456059,0.0156203523504706,-0.457664823031121,-0.304806561740386,-0.0777536336584424,0.249120660456964,-0.235400068055618,-0.393808395332125,-0.0331701470294357,-0.0148353338165889,-0.28500782079588,0.0610024239420935,0.218587754257459,-0.0561132318316861,1.98,0
130222.0,0.0725602978193242,1.0688288620032,-1.79387555500202,-0.750074259038796,1.63792734193225,-0.577510329495654,1.55206731883103,-0.231951236704626,-0.499920992159398,-0.455471889114303,0.371943832986912,0.0759470582244424,-0.404820952552643,-0.597425286735478,-1.32715708498413,0.158945140916828,0.161084999484239,0.633696979519109,0.216298244706804,-0.0084574867457203,0.136012539042706,0.555078420954871,-0.185682257892459,0.0598238239639973,-0.302773505255741,0.532947060040892,0.174427966776729,0.173950227097542,47.96,0
128370.0,1.66473142118713,-0.465831304938349,-2.04379835687875,0.68884634605156,0.0010507466205281,-1.39482070533544,0.521435555908383,-0.414982769787358,0.643523253249231,-0.59685422327451,-0.527201999490923,-0.244935651289747,-0.414490179194207,-0.70107778487684,0.996611440720857,0.328141915058627,0.455872262433479,0.693135389132031,-0.455668433675262,0.194873830956225,0.300859167748357,0.550853359116982,-0.21800431337451,-0.1851072533553,0.180821393159475,-0.114874630610851,-0.0436623914693584,0.0048734470463718,211.44,0
126681.0,-0.747279796973519,1.29609102383292,-0.962400394489039,0.186480637303399,0.689383603429496,-1.21330986223802,0.93431073658452,0.0820890898073862,-0.161425931895229,-1.82075104097352,-0.732362016016325,0.0299961436119804,0.144008641360374,-1.92968939834937,-0.416515405632999,-0.0072772725650403,1.83270653657629,0.702774241759562,0.322415073984197,-0.172618387842966,-0.0106684658093022,0.0708355221839277,-0.243612035919285,-0.259237793682968,-0.331362634032458,-0.323919174200473,0.0354782552880383,0.0991810637254198,54.32,0
18710.0,-0.803016695141429,1.397602892994,1.46105457858996,0.13984555994761,-0.314994305029047,-0.691706043933371,0.174178740159309,0.394253146644925,0.39303316531057,-0.746470175099334,2.34459107733032,-1.44411028248069,1.97927976822772,2.02824720846731,-0.684406163979576,0.410317484673032,0.310269713719685,0.342095236187547,0.0163074255495358,-0.0308983251999248,-0.267644240410624,-0.611675673788755,0.0501043384641068,0.464663333368971,-0.238514220570297,0.003773343088883,0.112642908986713,0.0441955190621246,1.98,0
135510.0,1.83183896125585,-0.439543168827757,0.0371584548395634,1.23066978463757,-0.713703226149269,0.193702600165759,-0.817732500072889,0.230914261934709,0.993671858074304,0.3100882542306,0.357679881375633,0.761775267386828,-0.23912797105334,0.0361213072316225,0.0062932481198466,0.875848318671943,-1.11483451994928,0.910412599537848,-0.268984129528001,-0.170992884401784,0.102252937681533,0.327293228247545,0.196590803363332,-0.388567469954525,-0.35348161206776,-0.757417381156572,0.0645454072268702,-0.027364212805511,45.0,0
64085.0,-3.35365776717743,2.90236084506793,-1.28386966402144,3.96496761683207,-2.03376749242208,1.29559603482434,2.88460011066659,-0.61853659554893,-0.15091907481343,5.33866196415817,1.36652998670351,-0.297840631264569,-0.195345119065054,-0.271056406905005,0.504484939882817,-0.0197210616116044,-0.38167904879804,0.181602370242061,1.04748943333671,-0.0330361874847084,-0.59015219972728,0.645079044311885,0.247845286724603,0.364976481944871,-0.673204350497476,0.168775028012272,0.93346099775187,0.299769310756527,454.25,0
49872.0,-1.66515504290529,0.938037907254121,0.62164895750516,-0.0768348851060048,0.0843865257032186,-0.730566855784555,0.252774819288482,0.343081207954861,0.0966956382260362,0.462722953802268,0.938372974322904,-0.260040637897426,-1.4333593236229,-0.0379976065438933,0.477270083228238,0.787481183358679,-0.257553092213404,0.624200940403327,0.346798694132046,-0.0801230668540466,-0.423559254918966,-0.733957702857319,0.387387367352131,-0.0952567920517386,0.0052287869870233,0.0805902567653046,0.188566740093245,-0.184570864809641,9.98,0
77243.0,1.26285478125655,0.709379623889012,-0.497483664295576,1.26787107183943,0.251676287567482,-1.04069456559085,0.298314613696132,-0.217346866740927,-0.0526309810767099,-0.678393507179762,-0.212416741231174,-0.282275487078069,-0.0869105817703412,-1.33980569372634,1.12560129794205,0.705397170395065,0.768921629884527,0.720860023783795,-0.489393518326183,-0.0921617635687097,-0.0924019728892611,-0.195605484554605,-0.16693205412945,-0.11063177622216,0.736041339142904,-0.304796650217429,0.0341862008893251,0.0536618476676894,1.0,0
71399.0,-0.429039025884831,0.876786226308253,1.41557423101004,-0.211705280090141,0.0064791961348869,-0.423485715904989,0.479305473425281,0.195000056117458,-0.384768532607221,-0.0931994297006612,0.723597094537739,-0.337781602402194,-1.62631447903356,0.643014892079399,0.350606408214013,0.568042264978312,-0.671624462875773,0.450794592379269,0.44029158521648,0.0095611892058174,-0.218216311487449,-0.676798186297821,-0.0609226571902396,-0.0659664533766891,-0.235806395498618,0.0799401201445664,0.251133484013586,0.103758266127581,0.89,0
69268.0,1.18663800251309,0.174374176920761,0.19281084139238,1.28320160185357,0.085843052705069,0.100201832012216,0.0686974915932824,0.0123058575116847,0.321917319516161,-0.127474771608397,-0.978888723464473,0.375209409770092,-0.0260906093762039,0.0343070019628324,-0.0593460048774986,-0.578213953991257,0.0821091191843327,-0.816973134830503,-0.182370215906812,-0.159817899544116,-0.130184693080299,-0.149292735800036,-0.130385503395055,-0.417260883722412,0.727474011608229,-0.282047477098853,0.0381509035533077,0.0120691701401724,15.15,0
63901.0,-2.07531304694563,2.27236935338924,-0.25151983294158,-0.159833206021201,-0.896992821270431,-0.693699578291533,-0.528662800568522,1.43703868890477,-0.47746750281677,-0.07368174145949,0.723076049806638,0.7084003595811,-0.291814792172277,0.598270438260501,0.210820136802817,1.00868704145735,0.149189565795557,0.598600263312311,0.220285280582815,0.149464565433927,-0.206015857580345,-0.78684958516865,0.118399577282319,-0.0760541422977201,0.0565516543871545,0.0971134231711083,0.183703689913574,0.0731401874668774,9.86,0
82116.0,-4.38327902843261,-4.75751702635086,0.438866253023559,-0.198281028555772,2.60813161653712,-3.66356382032304,-2.13591497892951,0.489789789823218,-1.35355968340364,0.168623821445564,-0.800079023467563,0.562197524412423,1.36463003603216,0.436523457808024,0.266938085543255,-1.10413620999737,-0.0590327136564204,1.06171359584112,-1.40215249862931,1.16678559560428,0.221899616384452,-0.77100263440703,0.0875974985878159,0.475949005252417,-0.413172621727728,0.789404620872984,0.250802246527128,-0.646029400530943,62.93,0
62397.0,1.22089765160335,-0.793406207976218,0.277853219726705,-0.787744835837471,-0.991226426136547,-0.555645135338649,-0.523035946627376,-0.0296017830912938,-0.969373706697888,0.760701120579216,1.11945206547003,-0.312279734921659,-0.522676581495763,0.216464568567684,0.185501682874892,1.53631129279396,-0.0921062202124866,-0.95052173719933,1.04066906587888,0.224008118683565,-0.0626766115283954,-0.578232268002239,0.0298074455080848,-0.0359358801299205,0.182204797523226,-0.52089727326281,-0.0190918338825066,0.0222486853001938,96.84,0
53853.0,1.3967643361088,-0.417968615692397,0.409958004361923,-0.869330653340586,-0.805151388620345,-0.572120184385986,-0.563057354052685,-0.074726106334002,-1.13615629076426,0.76879618944857,1.32407023045889,0.309606448671582,0.630338704462696,-0.0364479380409812,0.0442999282620178,1.4669526704799,-0.158842357263689,-1.11562974469332,1.05908519478613,0.113060632955138,-0.10376864689435,-0.432077162676031,0.0960543237018082,-0.0157117462311912,0.253971607853042,-0.514899020399897,0.005843960631699,0.0088670893445765,5.91,0
57948.0,1.10206225285197,0.25487244666554,0.246462630040348,1.11432033129159,-0.271144874227898,-0.48542740917588,-0.034749877184832,-0.0620522427928928,0.360465132172719,-0.866277219812336,0.358630397369969,1.09788852986342,1.07568244219194,-1.77581038202904,-0.1500995861053,-0.343862719246796,1.45741214649612,-0.679383878502504,-0.513339958034099,0.003525843349979,-0.105668254525791,-0.0029260743379254,-0.0566309357250198,0.376509687515777,0.469450935516444,0.414692563850372,0.0237470934620058,0.0487608369686892,29.56,0
78554.0,-1.40914292682611,1.82362341775308,0.495206685902817,0.0169025236412144,-0.582365004883225,-1.10501645568086,0.161532565107897,0.599630312521123,-0.149040615851754,-0.122190172692592,-0.427995664094247,-0.0118567826937907,-0.127801733076529,-0.0764386011790564,0.917667457436973,0.522019639167117,0.243527998280765,-0.0800261810267856,-0.156085039427519,0.201493473028306,-0.295540392592118,-0.762302694843005,0.0677380637745757,0.317205496104049,-0.0505320511680863,0.0578752807643868,0.0442516675048908,-0.134344443773682,9.72,0
143900.0,1.68677381357414,-1.70407765335588,-4.21027784777196,-1.72832698745727,2.35189913552837,2.68946305756351,0.265564134356094,0.312359656754796,-1.25258056976716,0.814373696494153,0.0624119843447162,-0.630515113541986,-0.183480180712685,0.700780003883101,-0.087916131610064,0.0218458131709966,0.476344524600103,-1.82974950850338,0.5255463357618,0.63402523577073,0.663230509912138,1.18717272542206,-0.462527835850733,0.822071169234035,0.689687908810634,0.28785310337114,-0.134334040454099,-0.0456868710456935,320.88,0
52213.0,1.24298617296859,-1.7058578958571,0.637295987142026,-1.13234702122215,-1.66468389761745,0.612227100384147,-1.45887269687105,0.301954715895777,-1.08919237106641,1.30219879447152,0.303529046729769,-0.377377754389453,-0.794921852413472,-0.601978948719763,-1.63534989458138,-1.07459851114268,1.11824623999467,-0.0299579678040473,0.322282654445884,-0.274789528881167,-0.195527230721547,-0.0870843717517132,-0.11608843558264,-0.303110103011315,0.404415392118547,-0.0629410098146977,0.0550186078325124,0.0155956481273669,94.28,0
56355.0,1.2382799242197,-0.190219386513456,0.176703919958803,-0.294635809495659,-0.37287761102062,-0.214639226719041,-0.333357736387301,0.17263248476771,0.28141468039012,-0.0118762722238181,1.10285083980029,-0.0751984607940197,-1.7331995523477,0.796363967556379,0.907688428252097,0.339439771254097,-0.293401922684351,-0.125301565890592,0.138710185349365,-0.19750448466191,-0.0739651708065272,-0.278276801573781,0.0457167496831834,-0.284448029264991,0.121798268328135,0.998907633883298,-0.0829499647466014,-0.0173693417892082,0.77,0
149743.0,-0.638704904042296,0.733905136148133,1.39652499316373,-0.297013172555008,-0.318515461141677,-0.349366258530422,0.336139034080289,-0.037432656344609,0.756815463591525,-0.422535295903313,-1.10992924524688,0.140600045338948,0.216445845699739,-0.398980484800508,0.345733260358906,-0.19842681408642,-0.419537726858826,0.428540498451735,0.115382873375455,-0.0039253793032281,0.312268299982925,1.19197395066694,-0.293350489545406,0.0950275711107301,-0.242519684434788,-0.133010298483026,0.214124246588326,0.230073424440774,31.57,0
78003.0,1.18087372549572,-0.376403867366913,1.02234799616689,-0.700012891617852,-1.1674896148629,-0.537479287537248,-0.63233055517776,0.0752120640569305,1.77060538072165,-1.12923259669557,0.102095529302242,1.02076664754697,0.0454875413490009,-0.133409013527223,1.48233291671983,-0.837635483649255,0.242606586132795,-0.387553388071407,0.0737335663435439,-0.15759333641691,0.0385801927536002,0.402070072891201,0.032158004868844,0.428675322701252,0.389418877638514,-0.677626716634873,0.11162675189794,0.0355383459920053,1.0,0
145698.0,-0.48709313392295,0.055664340238567,1.94468916818105,0.791311173839963,-0.397429154599663,0.885446412420519,-0.423411881118457,0.521764070814195,0.970499915125982,-0.3503990801213,-0.400788434789167,0.0195229967137694,-1.67301874985381,-0.35146372008208,-1.28065796633689,0.147731208719312,-0.431656116637348,0.916576845238663,0.435392301012907,-0.230348595048639,0.061988139289823,0.348082412659186,-0.131550238762871,-0.450385796964685,-0.236551948880587,-0.612899556855804,0.0218846730421954,0.0516163534236522,40.93,0
130831.0,2.04869349963206,-0.100864706095018,-1.20408773374796,0.207113628292943,0.11428824699872,-0.663723133355603,0.0792279137451149,-0.168565262580749,0.293014297662828,0.240111806372795,0.626318309859361,1.05355188755146,0.151022907205755,0.427808326613626,-0.643394241448349,0.20000052494711,-0.686557646919195,-0.259884903092953,0.582247691502743,-0.195901493193833,-0.262570694304586,-0.649500523345306,0.279111691752874,-0.403767782474854,-0.272605331138311,0.202411662249451,-0.0742148980049438,-0.0740055906231702,0.89,0
108048.0,-1.15133327725963,0.32287805014901,1.03871387722459,-0.0038545076425761,1.73884669410025,-1.38750255430999,0.643189630218007,-0.362366581181584,1.25148623866161,-1.76057666208546,0.167003187877117,-3.17121222159481,0.891969412099589,-0.459573541267619,-1.3326143623415,-0.0163721812193661,1.87588591915478,0.67605443992454,-0.303285784169723,0.190498944444236,-0.172023041326996,-0.163055055424289,-0.477221165196226,-0.164527546613894,0.872169376039686,0.696941709787945,-0.239694028745312,-0.14358462341126,6.99,0
146754.0,2.03957495548903,0.589613722643231,-2.52982679077998,0.542266914042116,0.896049597521472,-1.19462610879729,0.322622340399051,-0.283788604702223,0.14851107288688,-1.05536319330024,1.61898740882369,0.766135457974742,0.852909426849199,-2.54042661965095,0.308586883592165,1.06537808669825,1.29592074549108,1.81363475906676,-0.235378664311494,-0.0712396832947925,0.127931214480483,0.58162565020912,-0.129338552964824,-0.683144391602442,0.321034938265243,-0.093508232761194,0.0214017811104409,-0.0052828118845583,1.0,0
82724.0,1.22509593862256,-0.532605574353998,0.0541548379488359,-0.791261142527364,-0.430101004020013,0.0069454278518583,-0.319875781447151,0.0888016524514756,-1.38375188631378,0.741081377401207,1.7639107843127,0.809925857674165,0.144801056200053,0.542459459446598,0.514194729644419,-1.77569757765625,0.370018875749282,-0.0647942661590645,-0.924739043846083,-0.477286359364138,-0.68123550958465,-1.58163418770923,0.314147434551723,-0.309775607004068,-0.200034986237368,0.66260580058106,-0.0515147501448657,-0.0034571665730072,36.65,0
62600.0,1.41704019845293,-0.557137435617735,0.33374609476274,-0.447686150500915,-1.0733731481187,-0.912161419296605,-0.514443497592551,-0.163617934558143,-0.391231033573654,0.536054739499994,-0.748796127562965,-0.794916868378489,-0.80073111440075,-0.251379152734915,-0.479285209672835,0.506696101572524,0.7658368379466,-1.65657658214915,0.944157495802357,-0.0239942154286337,0.0389727974263687,0.197806164481182,-0.0877467900366766,0.41906939446126,0.662318094073522,-0.142723880615006,0.0019214181870177,0.0056173576639247,2.99,0
40629.0,-1.98659104872617,0.550056256060981,0.844357846957245,1.27020868512012,0.476566636378572,0.35143853006941,0.176274689226317,0.18985146307849,-0.0436658226426554,0.627741690158127,0.663401674508387,0.372616873500554,-0.86387664781598,0.210283045587365,-0.252701262640049,-0.830151448162347,0.283601221186534,-0.0366010067953167,1.3138696316289,-0.780064080426083,-0.0957401391389179,0.392672675244036,0.35538325990021,-0.291353437645301,-0.0691229725911935,-0.292298544924343,-0.68632608556281,-0.219257548844775,1.0,0
163029.0,2.00331656014743,-0.211418143766402,-0.298648442161388,0.323109478653709,-0.636838097229401,-0.796847726749156,-0.40796673426993,-0.131311046630209,1.25023711540016,-0.240427561095572,-0.686018436768514,0.761512126363394,0.619057293305233,-0.0341744568646662,1.01189564993395,0.21434786400531,-0.708824152983405,-0.0326927282442076,-0.127218867989391,-0.21136996965001,-0.116699890670435,-0.168921037972686,0.339910803020058,-0.0692647644731952,-0.341270192404339,-0.924045214403238,0.0627672908841499,-0.0264185327781739,1.0,0
136718.0,-0.22241987040441,1.2324565855449,-0.455612259714286,-0.338459153735524,0.228279158651612,-1.31224289641165,0.724418370066831,0.111619642933294,-0.205723781683338,-0.50659271523004,-1.04918009305004,0.189321687131723,0.199577024957008,0.712770212753908,0.399917622128663,-0.332151485084692,-0.309332407374665,0.176437360389141,0.029582151981835,-0.130220397034181,0.412178852641691,1.3447739548708,-0.0850091213004805,0.0897175675376863,-0.76378252757334,-0.220657860507761,0.386829453560024,0.260461623841419,0.78,0
39239.0,1.21445317305248,0.131068772488709,-0.0602698728293687,0.999672221029537,0.470766271479104,0.807565561445542,-0.0782964846186773,0.217754081240888,0.137259749535921,0.0533043641257811,0.0886554183777442,0.743436076558433,-0.179599541802211,0.224377801549833,-0.691291427239011,-0.178864148827316,-0.402453679594838,-0.0822267651535194,0.364991000634767,-0.163036192341578,-0.132126269073294,-0.169936422427781,-0.212043354294526,-1.13335428657187,0.785343109762533,-0.256686374130089,0.0344544018794982,-0.0072847888588202,2.99,0
117702.0,1.53992828140906,-0.7515855588904,-1.84821180896787,0.677863376038406,-0.255839493537495,-1.15828533362971,0.399837450295917,-0.297923614643859,1.0778854595343,-0.941904162318681,-0.522600665052418,0.0570990897463354,-0.641541632344356,-1.27816508565519,0.0044612611151229,-0.0247407171196597,1.17606657584926,0.036752021984996,-0.0226877873966331,0.269845815978508,-0.0986752802444614,-0.5899597292629,-0.0153969541252198,-0.130716621818472,-0.187103776154385,-0.109791953699246,-0.0530702037331983,0.0195965654533745,253.92,0
125580.0,-1.07836909779239,1.08623912013525,0.678823303454008,-0.834908894402219,0.778650915644419,-0.678024576732796,0.776909333677495,0.240976339390418,-0.802470127596145,-1.17520162376971,-1.56015741321645,0.225373023597465,0.724600065763594,0.334079374402879,-0.290106243100122,0.153715619498879,-0.413638702268568,-0.519599161562303,0.380566134176172,-0.0626469562554142,-0.265069748106234,-0.943215741362972,-0.364683406164145,-0.631669881781942,0.633285740428342,0.358504715718045,-0.162572067001458,-0.063288999971937,0.99,0
41824.0,1.1272616089482,-0.799361488917599,1.22227891897158,0.785577124421984,-1.44288138919675,0.331438155569606,-1.08621331834646,0.29019921174201,-0.0159699005334037,0.640071836988787,-1.05661540288437,-0.515947284009842,-1.12230776264515,-0.19148825530421,0.402384329359564,-1.60367849711772,0.355194356528612,1.01002145554227,-1.3899730640356,-0.572098188790933,-0.386617419538646,-0.582890676595265,0.0870873691478346,0.0027262263215384,0.159608896240699,-0.362116865396203,0.0954343561185369,0.0446974358745368,55.39,0
137703.0,1.9809350042553,-0.51730226811883,-0.634322391487251,-0.238499238029062,-0.700144501790451,-0.844963882906815,-0.372419463743291,-0.0046511617753476,0.874325683736015,0.101334051795254,0.853169605890281,0.521150753232783,-1.36301178772012,0.485622201871176,-0.448478823062594,0.38261871558516,-0.368761245102736,-0.480191340877525,0.706998503296024,-0.232163064933917,-0.481179267768134,-1.40972555476933,0.564088792712952,0.0397714918128414,-0.890826093784958,0.65101046962067,-0.117416261884153,-0.0681551245251289,16.64,0
121471.0,-0.568371566219419,-0.302256672828691,1.31304700336081,-3.2505134273372,-0.296377456330511,0.0548798942180792,-0.245229026297236,0.12374771434015,-1.87981928957803,0.593392636052038,-1.94919147566331,-1.76856886592062,-0.1176123383543,-0.674672701485256,-0.505227302574137,-0.0297593604436085,-0.0172337743156358,0.420211547402987,-0.515713294133002,-0.197004295339571,-0.25202279805141,-0.293807625209676,-0.410635149697245,0.0420056982827179,0.752515846487399,-0.1099954475771,0.268553331344669,0.110888704437229,10.4,0
119010.0,1.4948555347731,-1.95183861085742,-2.08494073041138,-1.10047759162378,-0.923850305722359,-1.45906290329528,0.453291749276641,-0.594504450928678,-0.269790624324673,0.345033107621808,-0.803885042696379,0.0613049805798364,0.173886196049527,0.472201753443024,0.448424739745409,-2.04391393279363,0.171947313104383,0.748998285033774,-0.508838576627228,0.159292454382314,-0.0687460208285666,-0.417446256089798,-0.174855973932759,0.0431683725217739,-0.171583314771929,0.712706537896194,-0.148926000710613,-0.0077640958106201,388.53,0
133112.0,-1.41589363016094,0.819215515933588,1.54778550904091,-0.0249055029410813,0.467820819450379,0.371895305419776,0.355193671685388,0.717621061761021,-0.326793430818854,-1.25548951666399,-0.318349900484417,1.09606082804864,-0.133694237142371,0.0573670777794803,-2.47595095922149,0.136432715787272,-0.468683862555363,-0.199176628852097,0.0555935401997634,-0.177049040987711,-0.422783783685408,-1.35154276984652,-0.1938373940402,-0.634748136183564,0.607190275011442,-1.05207953941896,-0.0625247168814156,-0.0540060937242086,24.69,0
167742.0,1.94159720740748,0.0988880662635355,-1.85291824210734,1.28558657642123,0.765809638209157,-0.616673452355513,0.710542425107074,-0.373842771619659,0.0733274387971858,0.202057596655575,-0.971477196608333,0.656968577947264,0.570284293799975,0.368570403324101,-0.543500712450326,-0.703510601488762,-0.240776444300962,-0.6666129981055,-0.186086480735866,-0.104153482570422,0.0781832972863683,0.328193003540023,-0.0400822117833374,0.631355895285102,0.500136695374885,-0.524214152506838,-0.0251773102944518,-0.0449605788472909,64.0,0
81906.0,1.38876961879038,-1.29917081348998,1.15545136209463,-1.15079346706921,-2.04692602133486,-0.406903537968329,-1.42886320494579,-0.0845540412399047,-1.33118550309973,1.2629422330298,-0.590222717992651,-0.137413155599816,1.70973691907302,-1.09088451383979,0.0831308945404646,-0.370594235769292,0.502552554971095,0.182145200750189,-0.323103231858072,-0.172063597511461,-0.0158176094249326,0.46351791725191,-0.0716277014240562,0.441167698238953,0.370833845737568,-0.0535426233186102,0.0756778546470245,0.040216220527935,52.0,0
80682.0,1.21161838324109,0.28003536258399,0.318733754846221,0.580391015795955,-0.338944865910456,-0.753345873833648,-0.0345186349181966,-0.040496598177918,-0.183689382124392,-0.105803776227225,1.58125115267411,0.770255878554057,-0.144912088459533,-0.033797922430837,0.425268730880605,0.689307069544525,-0.240585550981645,0.232437646643249,0.0937787240984529,-0.0861213865667094,-0.23883186581786,-0.741913234986939,0.119221821025236,0.281391448091677,0.176310284232278,0.0779847632515211,-0.0289402057573346,0.0201592451360592,2.69,0
106781.0,-2.94819615458461,-2.26765655836498,0.0394745996797933,0.372302230663273,2.10424261663188,-2.08152485239788,-0.0884261367933509,0.0977453105111286,1.32730529963955,-0.347399598977304,1.68768931686837,-1.85311838479247,1.17490253656027,1.86086913276759,-1.58250984346457,0.233451772995664,0.112687293514201,0.166736088434495,0.241116678284037,-0.607135568952785,-0.570496991061494,-0.400324114737508,2.77227826681348,-0.0593041182348545,0.0869182107104297,0.155996765309044,0.192845614353084,-0.51990687675445,4.73,0
93394.0,0.319350131510757,0.796804380565474,-0.579632712595603,-0.259890028787293,1.2487454278122,-0.912616315770936,0.735718899746095,-0.231199901198884,1.30880066254291,-1.26309471382334,0.0014305207551931,-2.79537813013347,1.34569700102949,0.558755099069149,-1.07407507241998,0.330541081568555,1.0292297800598,0.169360262124243,-0.396827413270215,-0.185035904389994,-0.354955378691244,-0.765167877196176,0.303074845539234,0.406758911665787,-1.33941728248441,-0.0806886610389767,0.100621872957564,0.176609603524137,0.69,0
36543.0,-0.96089829370288,-0.974874538095487,1.50634172083704,-2.40818166087599,1.30830480928877,4.32020989250858,-1.2802191502154,1.3274404314618,-0.117206830519309,-0.482558594966821,-1.42247095140475,-0.132802267341813,-0.0346261482574775,-1.17087499775848,-1.66005437160609,-1.22143827791042,-0.189722206688942,1.44038119836011,-0.585347310801369,-0.221889492413489,-0.411502158106194,-0.712819578768794,-0.136244563690432,1.05022954764396,0.343785038223104,1.01405755663675,0.0139692555199465,0.0641861128216513,45.0,0
155674.0,-0.0307502968053058,-0.394792686059714,0.594835751174527,-3.22020243221865,0.095783327268683,-0.565583328399468,0.361656152520971,-0.33125991719192,-2.54786172838805,1.07892013715562,0.640923780376459,-0.80475770088369,0.0931346058602954,-0.243192088271326,-1.19245086748226,-0.311248279570514,-0.241579037967758,0.649391913781762,-0.692849805558662,-0.316821380165221,0.148967523223392,0.899713979817401,-0.322090997424491,0.771329144035273,0.007644713412353,-0.139878933958015,-0.0574993807738106,-0.0860431153610417,12.0,0
89185.0,-0.906868988291234,0.724375853131769,0.992394602361209,-0.630841075673272,-0.260386496881624,0.0842125963310469,0.137051374470088,0.407032735227389,0.0393055330576129,-1.0013508356879,-1.19174803678786,0.727928099346157,1.45215112725564,-0.350383133657542,-0.177931550028396,0.373695240222475,-0.51455702534344,0.145488352697673,-0.350596230121637,-0.101946981555886,0.362823019290821,1.03991669736316,-0.188416068789797,0.842013207732162,-0.260584879408098,0.545206872195727,-0.0966423036363097,0.0698729843928712,59.9,0
133625.0,2.07038186073905,0.0643258323302025,-2.21526242348208,0.31115284832205,0.962813918189256,0.182144730099699,-0.0778289219418689,0.0238071241665648,0.559497485420162,-0.527309983719065,0.300764642152597,0.652291139099148,0.356854451550191,-1.65830033436529,-1.0049842331123,0.55995196573347,0.622636632842385,0.902355399282326,0.495414701860586,-0.0959007254999615,-0.0458932873164666,0.153743304994043,-0.0620636042341063,-0.415873625195436,0.217783096811726,0.65325251919401,-0.044172486185872,-0.0440316418641514,1.0,0
53212.0,-0.65448366265982,-0.416345502371074,1.14758944399824,-1.66265819873822,-0.695120618414051,-0.742424316141493,1.48696159421236,-0.395992809020989,-1.76063444447105,0.186759059619365,1.50217112105947,-0.375650547519865,-0.467780196527491,0.0313124678219956,-0.772543501438205,1.18126638466158,-0.157126760701506,-1.27344583339029,0.458101597422243,0.603216660282207,0.0541612468764624,-0.343840433524546,0.539618513707036,0.466806877198659,-0.300712162390789,-0.786573554399223,-0.163033503963014,-0.083377435821919,239.0,0
154356.0,-0.732624435339332,0.861176415075725,-0.167617484953234,0.0536180981599122,1.84505521522006,-0.956766931788954,1.50790741973121,-0.303211856826186,-1.23483158463449,-0.150535601807166,0.537038780294978,0.584599045331336,0.139603409798523,0.79381344103559,-0.917301254284624,-0.223073812320267,-0.886191875647553,0.208820755554116,-0.149989587170004,-0.206420774783843,0.257065142041991,0.772032581398974,-0.162979573930323,-0.38881896313266,0.345791873323652,-0.541637703325254,0.0116983188855075,0.144803298194956,1.0,0
43897.0,0.701460091605137,-2.46639723538985,-0.151015840335559,-1.23309277696376,-1.60951483724882,0.167962143596489,-0.669195016228332,-0.045582914514051,-1.60939266145632,1.19892299421427,-1.09351458648701,-1.46101278234455,-0.100831346018194,-0.141131027908137,1.21269196318981,-0.141172705570173,0.458556646669099,-0.070007488571265,-0.41053798792555,0.478907826838791,-0.150069011382656,-1.04235503270541,-0.256917546439301,-0.813755667827074,-0.0125518344124097,-0.370877830084075,-0.0268836718384803,0.0897503810754875,435.7,0
72470.0,1.29636336146712,0.409797969593184,0.14906119288651,0.902282105649779,0.14499371467769,-0.382738151898703,0.172840475686731,-0.20335189360952,-0.075532250701444,-0.0376236605493912,-0.905624598801484,0.606223589891531,1.43052105477137,0.03259442001119,0.946344256953059,0.359864596904828,-0.851932828117075,-0.0455059211440716,-0.0639502439173317,-0.035995979905659,-0.0959575310908823,-0.180090090353905,-0.136442227955291,-0.427622903424704,0.696933351269602,-0.390927530141076,0.0297585141649193,0.0195458386593673,2.49,0
67453.0,1.35283269633882,0.340084936989828,-0.274024419511345,0.361982208570659,0.342555276684327,-0.262677015030466,0.0836508874174987,-0.13555944299471,0.0721061950406311,-0.292083268447793,-1.25500060988705,-0.0296236664888315,0.842484502215237,-0.445080007776956,1.15575240073904,0.869579339335461,-0.535408731526693,0.112294412341078,0.326373816253061,-0.0091565394280908,-0.374658919071162,-1.05798870055097,-0.0492308102820242,-1.04678503286738,0.415056460767111,0.179861985910928,-0.0227091014938125,0.0176315313417852,2.99,0
161736.0,2.01785200704235,0.048269849013836,-1.62231654321238,0.354405571279989,0.303161903674016,-0.684480173647834,0.027102496141028,-0.0514572973382689,0.354888269211356,-0.183801771633382,1.14811599742392,0.42840698319367,-0.934418919057222,-0.461141995500802,-0.412219201314947,0.499570133041248,0.341205526995912,0.234733741779486,0.277677430665911,-0.20696900042807,-0.310606581756053,-0.869980338991068,0.360907502693513,0.645680104173594,-0.343119202921801,0.145506086424852,-0.0720720034706811,-0.0405846406745524,1.98,0
139189.0,-0.229003384362417,0.703292827988651,0.418440904628616,-0.282120399905725,0.961359994227872,0.197399606375413,0.803325222903852,0.0737293591910697,-0.638045569111041,-0.304865775532498,0.160557845748473,0.0769560452135428,-0.684370897083415,0.521313116462653,-0.493422171170103,-0.32186072031965,-0.254773702180454,0.203288349245111,1.77129510015179,0.0806076312305056,-0.15890819006446,-0.476033359872641,-0.136304682375737,0.203853361199929,-0.216793946042158,0.431985300020227,0.0601770903392181,0.123504687753872,17.28,0
68006.0,-0.439631421022349,0.69206524557017,1.61239729125947,1.30261536637446,0.19387278465046,0.160312934951453,0.322097237136917,0.278338587281837,-0.48522826607255,-0.078637753284763,1.02415855679305,0.233889064905098,-1.55148143001268,0.520231780444056,-0.362065959328066,-1.02093826158335,0.532636666199911,-0.0857265652264764,0.9801910872205,-0.0663464821926356,0.0707686465050898,0.330019893851449,-0.123351556197061,0.204592277543329,-0.252430757014325,-0.266312766998186,0.17229260313931,0.133849903025683,2.0,0
40957.0,-2.85953279344628,-1.59963150191888,0.312225834298037,-1.58934219957989,2.56410808629197,3.11774603912035,-1.22356929681374,1.60991101837013,0.556679089673529,-1.07667891580781,-0.915948496568868,0.2991681379705,-0.10487043476793,-0.271534176073594,-0.663365261125642,0.57773801418168,-0.463933838055407,-0.0378973916319658,0.220614709444128,0.258183160404659,-0.196811085879995,-0.799235032751586,0.24451446145015,1.06987065511038,0.516618377179199,0.867768303266833,0.010609459884673,-0.0147467080402909,65.0,0
68066.0,1.26110509469708,0.246459765515817,0.512697330659596,0.62170278163541,-0.487546972244195,-0.995812523396082,0.0561522800331991,-0.201267709367595,0.0565168328533018,-0.0632473308324189,-0.227615947584887,0.329284433407281,0.238731264621241,0.254401397740038,1.04002761929502,0.305904316552626,-0.418192386666229,-0.533550841908115,-0.118748264888568,-0.0992037462336489,-0.258532918254645,-0.750132484313153,0.137994474473894,0.378181796387384,0.214892928069866,0.0948260381637859,-0.0294570834716546,0.0187815139356057,1.29,0
85591.0,-2.33510687669015,1.01021798836658,2.18541776135724,3.05244200577402,0.868189192369044,1.20628056725239,-4.05032042871498,-4.27216354268824,-0.227619433277714,0.682164593642654,-0.614976767234001,-0.711031445649644,-3.38077787221094,0.826351609638601,-0.454137756789392,0.300400861409223,0.53983610943901,0.956931810400894,1.60679303807581,-0.306681169700975,0.771758816960077,-1.11759142482211,-1.91296894869727,-0.348458914275732,-0.535636283317498,0.200122935262535,0.451762308746313,0.122526547796097,5.32,0
52446.0,1.13556715847247,-0.169040132099109,-1.49921288745649,0.25486434845507,2.27658480814103,3.42943602407459,-0.15692429827646,0.743012073053877,-0.0851590138039262,0.0179150941552767,-0.416427889428138,0.132033699092025,-0.179284220636571,0.412819455160417,0.189683268266992,-0.0382650679434656,-0.608578538395483,0.0256133911819743,0.216664953306608,0.124113926051337,-0.0384736642845103,-0.289138846346231,-0.255324707127702,1.02327574135242,0.967838986824393,-0.254308695878578,-0.0042129066017912,0.0213791449675223,86.2,0
58944.0,1.31027257399816,-0.293919699467592,0.235045159126734,0.446347482922946,-0.553858218195836,-0.170822289614042,-0.422229896821013,-0.0007716462016003,-0.90132202978538,0.855121348443441,-0.911417158416682,-0.66940846273919,-0.578953063713181,0.373434268675302,1.16887900100473,-1.49674182652067,-0.0141792058508536,1.06141312629824,-1.45506118273477,-0.611593199398414,-0.293737092157218,-0.355505170363896,-0.037706544087232,-0.338965193109929,0.503176199090777,-0.225082967927857,0.0523905762619877,0.0192425612194379,12.99,0
141071.0,-0.632142353409939,0.665028428556472,-1.30602402505426,-0.310201827142682,1.46138096287625,-1.2650945625795,1.26441533606206,-0.636780283943313,-0.122057063500224,0.338995556077232,-0.834647760075076,-0.324128869185428,-0.372776168747343,0.682316291347293,0.650110271013975,-1.13019997049373,-0.0146685769334693,-0.284176596259315,1.0448594895121,-0.357113400699973,0.334409219205618,1.07669508565809,0.0684965572569625,0.739877203187376,-0.861822914772251,0.110703282345193,-0.492005526869957,0.503082251418186,3.72,0
74610.0,-0.476611081063609,1.02378712378601,1.68278762615145,-0.101362093034042,-0.060310824998709,-0.689353417579529,0.62433297294603,0.0441318182702384,-0.73368151003319,-0.154193053485074,1.55624037803521,0.939370131499955,0.346700389753025,0.264689725502217,0.0851921164289955,0.314322885419487,-0.594267004988713,0.0227963522101383,0.223805868656133,0.130188352631995,-0.15746405718763,-0.409558002554715,-0.0145279934861963,0.528370426444333,-0.236582279743223,0.0396848520285005,0.26453057262821,0.113989864876771,1.78,0
131165.0,-0.929630018620594,-0.202464710463102,0.997440914088554,-2.85550494486367,-1.415584874845,0.904614172956157,1.53580147752368,-0.425305713380234,-0.740056076045542,0.0521853381988301,0.925780218301571,-0.185342325799057,0.501848470563659,-0.913791712094748,-1.05439090595637,1.97469649644048,-0.957737411622583,-0.610528394673367,-0.753873459958522,-0.311600881327883,0.379457112887284,1.40799507164199,-0.364963219353906,0.776380817738575,-0.117993815866995,-0.373234410290294,-0.198672755471979,-0.188202758289486,338.0,0
41580.0,-0.0151857477727493,1.11101469381695,0.659217971077684,0.888480348876125,0.359766502962695,-0.374093187249269,0.690228009504564,-0.207641508280786,-0.466710425170755,0.111984785729759,-0.107315850125235,0.743915989652649,1.34469103776596,0.0351126571648302,1.00986691716339,-0.665807394384446,-0.0721354358466511,-0.529600213407582,-0.0625829391938163,-0.0653802655422293,0.283487045538508,0.92017244754096,0.0913565243569064,0.120939200401249,-0.986595884445761,-0.465249058238776,-0.025518266903374,0.169594193793854,3.38,0
150076.0,2.03214477454512,-0.0526687093181735,-1.43841723929556,0.136429572504321,0.314566709832724,-0.551100385543702,0.0932810959674713,-0.147470777063406,0.298595627419869,0.164152537319957,1.08517584622262,1.05244184889598,0.142646148676967,0.646789018519543,0.113435709700063,-0.0658597173956606,-0.720785062897109,0.350812403350774,-0.0126924551681666,-0.202995924384022,0.299836670093738,0.972306047536249,0.032059794577254,0.744725583027729,0.243748310458398,-0.159219020040839,-0.0240799609567232,-0.0618663831013804,0.89,0
67924.0,1.14657431255286,-0.241547773057932,1.21546026339045,0.880422062988022,-1.13522698244034,-0.301322104240563,-0.623107664571696,0.0874920645735087,0.978460084959385,-0.239009141622537,-0.79257745690328,0.265916377312346,-0.278260817635848,-0.338214532130056,0.238390044902496,0.182115994336333,-0.157063817100131,-0.190277556476253,-0.0420627787742346,-0.0843133103401506,-0.0848982361672214,-0.107559256143129,0.0189271357354378,0.420518255197801,0.23746912014301,0.315882334284948,0.0113149164012058,0.0297383707306233,27.06,0
145146.0,1.87968290645456,-1.83984074328202,0.0293005238732474,-1.23590429137094,-1.98434706482741,0.0801968431096926,-1.73149568379589,0.330926971992662,0.948473488263298,0.646112679945408,0.0422244631780599,-0.369045483163825,-1.53496360301941,-0.0204514493944597,0.598583164412015,-0.529114576435521,-0.544281962639729,2.42641587911565,-0.553308000552205,-0.466850731623091,-0.0904335169871076,0.0669771233946505,0.224448204684661,-0.415810301753316,-0.827310820273044,0.879407781997538,-0.0213890250649856,-0.0364975536787008,109.09,0
80857.0,-0.241081732204856,1.17411264014336,0.733407994472567,-0.277145893716386,0.815133734858449,-0.16261783823536,0.746373687347718,-0.0439761380874782,-0.461343763489648,-0.539138366591616,-1.27949246204062,0.032942936841568,1.44058881111209,-0.727804466449458,0.877907970495596,0.739619450999041,-0.561713887335399,0.18504941168189,0.429663544270036,0.224861694087584,-0.344251922197802,-0.858755473074757,-0.204691599793179,-1.0383853848826,0.0620162097604874,0.155134017155439,0.251408098033094,0.086341115431424,1.29,0
140618.0,-0.177304307895369,-0.193482335688733,0.850101049797524,-0.300564071492827,0.719676619671974,1.4413984187593,-0.310078380937771,0.617336422713508,0.543572442667692,-0.663333040356789,-0.297735601671782,0.317996721054857,-0.0806778507620525,-0.156611610919166,1.2082954537697,-1.14928062625503,0.771899327171769,-1.69361078897271,-1.53170432623817,-0.133341055446721,0.456502219226185,1.54851715803076,0.183974356699458,-1.31233009391046,-1.15120386729912,0.688635795431568,0.178322311119208,0.102186119591258,29.82,0
108491.0,1.98461060330819,0.0346499271377247,-1.43863885450884,0.85817074550551,0.0675815498019494,-0.935996861819461,-0.078763514114908,-0.220630407783017,1.91844410121753,-0.646257866620616,1.8625307806513,-2.04182693816941,0.571195702942386,0.61598046219085,-1.89994865895932,0.0454825280217498,1.4761183681384,0.819245383704178,-0.00061356423786,-0.273487925076813,-0.0384607849705561,0.377409963292555,-0.0039584340887243,-0.0184542903190283,0.110689531569577,0.66424454046814,-0.0902130104952258,-0.0608066579347938,11.5,0
134705.0,-0.166006179926723,0.74883382282191,-0.601584859959657,-0.703735209791386,1.21301603023059,-0.323807924109522,0.7311548210355,0.10131121756923,-0.0699873396434316,-0.526807764540213,0.596184544790751,0.0108502346195797,-0.875360991970209,-0.704200577828598,-0.750095360413458,0.611147760287844,0.0777977017132411,0.414023254813429,0.15215931864987,-0.0658865824376794,-0.31470583104963,-0.819657091915111,0.238676151368624,0.0891511371197802,-0.414097313546062,0.120047232164672,0.105374782446988,0.0458142897222024,1.29,0
54641.0,-2.06110805435157,3.01009355341479,-0.855981228126786,1.1716217972008,-0.593004238901245,-0.691907279943028,-1.28692879586453,-1.57699555562854,-1.4177424013222,-1.68995854144244,-0.308367964495102,0.941324481879948,1.12692710190762,-0.370932085288217,0.868199516147965,0.658297915145128,1.69374502962423,0.839859456193077,-0.03790422544653,0.533558120414631,-1.06154160818692,0.705100222937313,0.184497705759414,0.262125511068544,-0.175488055798997,-0.356474909584449,-0.242928800911164,0.113840927428052,1.0,0
157026.0,0.246518077787917,1.05048590024224,0.0365176483345094,1.01230333231318,0.706608275353778,-0.0984965659606421,0.555872084998164,-0.0150295829350267,-0.926563806779166,-0.150657387508247,1.33956525182797,0.389150394488604,0.0859472306286694,-0.524353539507064,0.675081052593195,-0.66549270956444,1.25343183479152,0.635564223044721,2.9835885528465,0.285227342268831,-0.170018431305812,-0.355440946399109,0.0931497756822015,0.707160347303888,-1.09641735266199,0.49693589054987,0.204366043561323,0.229134001385591,0.99,0
102532.0,-0.0878891651169213,1.09110379947677,-0.231902094230078,-0.274954066396911,0.554969507280385,-1.25652559390362,0.887467948112937,-0.359298148764141,1.34256818389544,-1.10241354851894,0.191496504008654,-3.74188583396775,-0.0286197092561675,0.773566178818586,-0.173453508081496,0.436644269020659,1.1608610996637,0.79722554350112,-0.921586316310691,-0.331900169467741,0.106038395826225,0.468300271639414,-0.183695411659787,-0.154379654796968,-0.298309847867891,0.550297828318198,-0.283345630107727,0.0317599127670826,18.0,0
75266.0,1.12112830408437,0.14148093495553,0.510463509555853,1.32693212985171,-0.24144777399526,0.0027573678484454,-0.081269340778494,0.154285002429057,0.112205233639713,0.0656571339894172,1.23925083459163,0.956334168234892,-0.873325127391086,0.39660513801577,-0.743058953179527,-0.558649518603989,0.122720372189331,-0.475533522021442,-0.148793472948655,-0.241129927989349,-0.048194816577769,0.0478430627671235,-0.0358720178695102,0.214853679048198,0.587254484690152,-0.339428075550343,0.0337628202601421,0.0051836368593142,1.0,0
61215.0,0.533944936124166,-0.86962166189078,0.497404829507582,1.27081349973727,-0.554897002480164,0.727902991031177,-0.167572043446963,0.313010162074167,0.050514595959479,0.0046647740708842,1.60657709874942,0.735192550540808,-0.516249256088479,0.546263782434053,1.10731483860593,0.10014643395723,-0.255624187113784,-0.0574227055530959,-1.16032087143895,0.351151771326792,0.429037174188131,0.665026617117008,-0.288484171842773,-0.268567877904266,0.250728178044771,-0.238042903381429,0.0156110550075588,0.0614693320526048,284.25,0
10773.0,0.962776321714619,-0.389322806996735,1.35550959350791,1.58249705084391,-0.711644904734637,1.07554779385184,-0.897551637628034,0.276402997838367,2.24941833885775,-0.521301818165476,0.914899989937588,-1.10043439288089,2.40344393740432,0.713342612247657,-2.03353963054969,0.26894890421067,0.109201593961308,0.932155815109926,0.240852415604876,0.0758848926941247,-0.0973609995199639,0.118265020812401,-0.258768400866246,-0.508671766462369,0.533606379414745,-0.285371690989882,0.0497580161955518,0.0318086183021103,98.67,0
66472.0,-0.71691226371125,0.2371296811954,1.2095784382236,0.636416938005934,1.55397735178657,0.919434865390682,-0.0893408634047373,0.364472056928776,-0.779324840283656,-0.0779661790382359,0.104240419340758,0.664693308922446,1.28023342712736,0.166197059936037,1.07629661944832,0.2320967440351,-0.821766966172875,0.625036401107983,1.34054154129296,0.352327353875541,-0.043283610948333,-0.279985662802429,-0.0637745515221192,-1.71667332131639,-0.272467905206978,-0.426679293469124,0.166063519521542,0.14059536951366,17.98,0
56566.0,1.32161948044721,0.288065711603977,0.179571260628813,0.415798293406406,-0.0007354075422123,-0.494944304223735,0.0964764870926759,-0.196618665811991,-0.017094652857965,-0.0872793515315017,-0.830571836702161,0.51304171547645,1.25203109754783,0.031543687891698,1.00629537405465,0.509989775122078,-0.772837324998464,-0.366089464958297,0.191869860844878,-0.0173114554257124,-0.303998480512683,-0.833536824917518,0.0241940580583329,-0.438734033023293,0.35636724440446,0.144013945112018,-0.0248179237506857,0.0120607856508584,0.89,0
37602.0,-1.43724222201622,1.07329335404909,1.48773521615502,0.379091148229418,0.141651682792244,-0.0799437868646603,0.196115674780122,-0.844515138826801,0.154411619227094,0.0686042287629002,-1.23987743220864,-0.220764801067849,-0.330861655393282,-0.218220255373035,0.138375060782092,-0.507836448373664,0.191263906971458,-0.261324566344519,1.31548856471307,-0.192716195971838,0.487291840258049,-0.734034837272236,-0.0609483473262153,-0.125035336290122,0.432786239481384,0.436022899348103,-0.0162042923420718,0.10018896559,1.0,0
68938.0,-2.07392292087123,0.114158095498478,2.64251548227034,1.09756921303656,-0.847390575717833,0.227774807773246,-0.447003102717475,0.769151621439148,0.446616387957966,-0.620309960607367,-1.97465517119849,-0.621828990280882,-1.80033430916043,-0.600531838670183,-2.11737306251756,0.628347351085347,0.0648132560894045,-0.343998985771046,-0.850007516981169,-0.60821180085988,-0.164649367132498,-0.237646754932283,0.261833914434676,0.388619765073877,0.319238157059108,0.848139693234599,-0.285766476091873,-0.0485412432786118,43.11,0
130748.0,2.12173985749443,0.142467489128037,-2.74245956524828,-0.211472968396349,1.2635327774025,-0.910911952172457,0.972142287175311,-0.506488572275113,-0.296126341142159,0.151641928094338,0.727037426364267,1.34868561349472,0.931867608344717,0.807309053738779,-0.846550923216636,-0.718667899139747,-0.557480596464514,-0.0671218311624823,0.65758988871278,-0.0993361233269752,0.318402898892721,1.09040098211791,-0.263824134579855,0.409874452530985,0.835951994533156,0.429145258396549,-0.107393448418606,-0.0930191661013611,19.5,0
33155.0,-1.3356607342448,0.847410807475207,1.59644476417263,-1.9743900947146,-0.112222181988202,0.0707626210041842,-0.0159116321471784,0.779563693394824,-0.0742034608529027,-1.13150581073258,-0.209259229675053,0.0350232218505187,-0.529628602518837,0.273102095873921,-0.28187223072419,1.85612493146133,-1.5750483061721,0.901192018848986,-1.01618344999332,-0.116146052262555,0.000780720684406,-0.227593905097755,-0.331582276863534,-0.838874166665009,0.420385704726517,0.568601254713208,0.0604142001064575,0.0247890817210409,16.04,0
120113.0,-0.135438444058098,0.360127012121596,-0.51854936352419,-2.3299526388239,0.82652196917194,-0.604845950563088,0.579266612185746,0.0431616600974517,-1.24561891775786,-0.24959749964249,0.548875681360316,-1.0152213244921,-1.10964788005373,-1.10551039185802,-1.42719909415198,1.63986061399137,0.659361179136348,-0.473732317100358,0.36590160140907,0.135992060730213,-0.0309200999083912,-0.17821881585347,-0.184279034220132,0.141646899351165,0.224213258100205,-0.387876480316314,0.225749819605328,0.0884278061636081,15.0,0
38305.0,-0.515864316808901,0.980447377654382,1.64903389544494,-0.152785579535423,0.103857138889635,-0.20404869737487,0.568819359135952,0.180203392930795,-0.740456723240815,-0.20288485096231,1.77790377672301,1.02425441427389,0.330570430334516,0.292066339047169,0.336481218209054,0.0228906558849278,-0.316752413950506,-0.425430340223799,-0.135479264483178,0.10282504150377,-0.128863206665495,-0.294343330249251,0.0206302167210083,0.216637773236653,-0.308397049459573,0.0692715428652192,0.280293340030869,0.11056224493756,5.36,0
136191.0,-0.915240546446815,1.61322840885754,0.7168083174554,0.74568409275833,0.554922913608517,-0.0587905334117294,0.668895842754686,0.376309703056099,-0.919941685855544,-0.473536496539684,-1.18681644949024,0.14273862550723,0.569981322388274,0.416727083910647,0.323992767687628,-0.56577087017113,0.0556562519859432,0.176001225852892,0.734003747135289,0.109874604799918,0.161557575985186,0.588323412419154,-0.539980249423572,0.699507909915303,1.08665792855147,-0.169536345867085,0.191070892580713,0.0667454900286063,1.99,0
150408.0,2.09406995954585,-0.0131320051511053,-1.3400717416252,0.250221284347044,0.288293889209729,-0.787291458365303,0.261593034105687,-0.359661444831669,0.4105227913875,0.0356385146034762,-1.15939531133428,0.833647865336222,1.35759265877551,0.0030274137919664,-0.0367677458922286,0.0426266643811844,-0.60592869358191,-0.785943248838719,0.395740512579244,-0.108272813573925,-0.315669401683918,-0.735315365573002,0.232631892980044,-0.622205938908244,-0.16991738004719,0.233885052684203,-0.0657219013386211,-0.0628294033877012,10.99,0
53311.0,0.915428529033651,-1.87317033875004,1.75683658173386,-0.109489393159684,-2.26302603736174,1.2128954209278,-1.94171216685899,0.664108265222698,1.01934590629101,0.296908426863314,0.298013298606627,-0.0668432549526517,-1.59991888691899,-1.12093459824261,-1.94805779589499,0.504383111940162,1.09170764403199,-0.918028017217671,0.875643752937507,0.205901903687602,0.411369578779983,1.23903782649877,-0.258129643765151,0.0813131712537749,0.328552644743793,0.100287746692311,0.0819527771718027,0.0381626972354845,150.0,0
67231.0,1.11886354271547,-0.194949382880109,0.597435008847585,0.892344379785527,-0.792286511170833,-0.65369864295931,-0.11660237465112,-0.0481493464790757,0.689167532933113,-0.202055226603786,-0.833976240671355,-0.0837676372778797,-1.10416418166824,0.111982596195813,-0.0125581629586289,-0.128035552368258,0.0613309317100093,-0.580813218112304,0.211135704035567,-0.0789457484777326,-0.278909977726937,-0.809894828211035,0.0434260412171068,0.387842422101889,0.28078487118205,0.17826855698542,-0.0325013001642135,0.0241471305053919,59.99,0
129907.0,-0.665805174120488,-0.358379284821942,-0.626382838697032,-2.73621627295511,2.00033025175886,3.54582559349752,-1.0308504355215,1.50721361252533,-1.04079450539709,-0.260375912991549,-0.721529256802069,-0.0547121176359503,0.114400010132896,0.226557325970605,-0.08486189996621,-0.859654159470484,-0.482711209407586,0.871212920956033,-1.64320969141336,-0.561504129277317,-0.423859714786243,-1.1050890485114,0.356028663890628,0.640663328984954,-1.29882908101029,0.0277385348368588,0.0912933910354002,0.0993814009849869,4.99,0
152003.0,1.58686846391418,-2.40421228073977,-1.76098895482043,-1.47944627132649,-1.16583079446408,-0.408022343326305,-0.445305052668294,-0.272492025224536,-1.89606114078216,1.66271932868224,0.93736649791585,-0.113574667096288,0.710257093033512,0.0750571988396325,-0.380843064003361,-0.391523275887361,0.176597582144665,0.564709179078458,-0.259356492095983,0.350324927332211,0.361548276132119,0.653385475953724,-0.221031739454166,0.746921097191363,-0.0769615085217021,-0.012646676452189,-0.0825292357514048,0.0007152869153856,378.0,0
54240.0,-0.725267179739593,0.0295208150486175,1.92421068909538,-1.76680068734715,0.143695575502461,-1.29953188581331,0.678941043080863,-0.405464851874401,-1.5745549454723,0.0457215813903606,-0.189426101499633,-0.750173870981095,0.276197185853575,-0.378799752232468,0.0793232641868689,1.12131066468057,-0.0250639302134817,-1.8757391568853,0.294207615821938,0.296917676962111,-0.245222265843358,-0.913350853199783,-0.0183781202920497,0.339710403024437,0.21678668912722,-0.757332459397876,-0.172789497366888,-0.154366793533935,30.9,0
31183.0,-0.237190505834247,0.951912448079744,1.05563448303417,0.993747603800897,0.967710392833746,0.987978445282842,0.430417788498747,0.208771782377563,-1.1290356410846,0.0723821403225247,0.484420088463751,0.451201649615894,0.833518074392598,0.3959949509866,1.29864766439863,-0.403402273097369,-0.266431853523582,0.612560966448689,1.85800331212136,0.242962826591089,0.0813937853000018,0.305231333490144,-0.456579180056293,-1.27281819736664,0.553621488674055,0.0519418931944657,0.0507661034528985,-0.0201850932514894,8.85,0
154194.0,1.67871120204808,-1.30361978583655,-2.68647219064397,-0.153044943891111,-0.167676662754607,-1.66218200288011,0.945446381857963,-0.736590094451448,-1.12933662492788,0.90985474836682,-1.0240954759115,-0.40836926247022,-0.360792299613578,0.846778976454502,-0.259121731911373,-2.29289140197649,0.284061351481009,0.617834043561861,-0.830748320254532,-0.0780483335656687,0.0750776895513197,0.184657198588843,-0.337883132037188,0.0645757048966173,0.366340889504811,0.99275036795297,-0.17685596938821,-0.0422282885810795,302.98,0
66137.0,-0.684386697630573,0.431664737493884,2.62258095766876,0.256474748052867,-0.645676745445001,0.122747704107898,0.0321270447295528,0.303315044937307,0.300908869968117,-0.794478750189265,-0.488836227389831,-0.0359082024060855,-0.705066258072759,-0.32697039022992,0.297522290413357,-0.327610163164801,0.296028868496087,-0.522721074437314,-0.304211490247438,-0.0428102418944625,0.0474802281349207,0.241638007282324,-0.0417690603959948,0.414228284902968,-0.25970701167452,0.30645656456704,0.0997232723409473,0.110507155376228,28.75,0
136702.0,-3.85886395931689,-3.99722364279527,1.01523688688812,1.93434093608789,2.47642731140903,-1.22956826491428,-1.2878209497721,-0.12513138072087,0.159124471058794,0.251241526664944,-1.45823681121572,-0.359440464593826,0.582176170303761,-0.0279881936523299,2.3571513537227,-0.19822858467743,0.146412171432117,0.291748647717,3.38532368017195,-0.262285774441077,-0.552549893896065,-0.997802436671164,-0.586449835771196,-0.832720620913005,-0.14824166220825,0.909621202992812,0.747085603463931,-0.273803753582872,432.99,0
171750.0,-0.55361080424549,1.16748453330368,-1.02088429816937,-0.721663101097665,1.5643291590529,-1.18160378360639,1.37073693447203,-0.303047654962148,-0.76610552979898,-0.510778496123992,1.04402123508065,-0.606259550342863,-1.79628793652779,-0.271759586875975,-0.483407349258124,0.24700180742074,0.447754540209191,0.701705583612326,-0.0402522749776235,-0.253667978886149,0.169284054504482,0.251446535992521,-0.405403228776472,0.686160835933372,0.401571973100064,0.601254817433468,-0.503065864346273,0.0556212314577197,5.59,0
37986.0,1.20806905938928,-1.54285019183575,0.703101259938363,-1.2148713183626,-1.67575827812984,0.17787629013171,-1.23355004353616,0.181466425312508,-1.56819164316519,1.3588815913138,1.05313414501216,-0.0390800461953593,-0.149830184420506,-0.386920181205189,-0.882214126259463,-0.790875403952064,0.918677037575265,-0.330881897910582,0.0860846260181272,-0.203091533260056,-0.387512016852647,-0.831520850636236,0.116711976724637,-0.036758885484397,0.0511163836710519,-0.422602257538686,0.0458012654796842,0.0294004469951956,108.54,0
164651.0,1.97639385727749,-0.281512362456927,-1.82580756288854,0.0167298643570292,0.550210237699268,-0.415977991664382,0.36744344933351,-0.25964114133719,0.125746255168529,0.20893490932781,0.150901445675786,1.09271265452038,0.794426570529814,0.390913622781714,-0.750016448390825,0.200833867780215,-0.872198225830123,-0.106159706786772,0.81690810999846,0.0095603286076433,-0.130069744434433,-0.380058051570752,0.0148032420516176,-0.980907971071631,-0.0013948467687112,0.513067147976926,-0.107784749910788,-0.076350923497855,74.0,0
35655.0,-0.967337296198659,0.992121159112725,0.970647850037318,1.2080076891764,0.357210477789095,0.370671542925413,0.0069298884655362,0.694753401080506,-0.758690326385432,-0.155338687443493,0.719167719830294,1.1934604306609,0.402588154588274,0.424387578379482,-0.541784240334572,-0.831532218427892,0.406018665960977,-0.0975809096937255,1.12652522938196,0.147263754979068,0.0650166906638047,0.325548385108194,-0.181489525638149,-0.266530809106098,-0.04277772330832,-0.22294781509047,0.312568547866098,0.0799294380200719,1.0,0
94467.0,1.92435201012829,-0.121720401851339,-1.01819829061858,0.464041692448921,0.498759131533544,0.343479730579531,-0.184991902385746,0.0541870115427821,1.87016975322992,-0.429421556538627,0.866984091804686,-1.98740320877018,1.2665241483322,1.87639543540927,0.159133586827479,-1.06696031726829,1.37040393356802,-2.00788429663668,-1.21891496245452,-0.394281642583674,-0.353894636425963,-0.543735303012401,0.452917727482085,-1.03410594125998,-0.571201848108358,0.254303793348777,-0.0465083097235964,-0.0780901691876366,1.98,0
147785.0,-0.182141781807685,0.837628067450324,-2.38344287392284,-1.60659137102851,3.16394044974185,2.99972814322031,0.631273585695555,1.06614386422071,-0.64564196614083,-0.900775415118571,-0.451714276364792,0.146605740327724,-0.489115637163776,1.07108718755119,-0.263738264265481,-0.814432462249852,-0.130732173908226,-0.504270845353133,-0.169254169224471,-0.236020131606955,0.256745306810178,0.62111209449387,-0.21688033503843,0.74158550498237,0.369922825261826,-0.12037708159744,-0.0906752427385911,-0.0476117463566147,20.55,0
116330.0,1.97599074626094,-1.82762488534842,-1.76829566822735,-1.46904328076033,-0.940436595166881,-0.761073502356299,-0.452715578617151,-0.342852976710073,-1.45341472402052,1.52329910565632,-1.24013755417523,-1.17270812213836,-0.192851008036573,-0.0333077257620529,-0.315462814984374,-0.738634065236937,0.593766158845019,-0.307803283409509,0.0957439504684938,-0.0649755601330559,-0.243358705823303,-0.705206374412451,0.119693853876484,0.53427638938387,-0.170715511252372,-0.319624684317218,-0.0606139634965291,-0.0206178846117234,209.0,0
139166.0,-1.27918747473358,1.47215613197488,-1.30666915428703,1.03322024682403,0.990459794715047,-1.6222536733151,0.864292185480492,0.0080968363929619,-0.960924841911622,0.359330965846067,-0.969170564758045,0.382153310535686,0.643535328286864,1.02432964089835,0.203699349984457,-0.829077292768948,0.0550333666389136,-0.201878070014543,0.551837523069147,-0.281875523171898,0.317265520082511,1.05856608306412,-0.514067868695034,0.121341896651808,-0.404586058218399,-0.453201369238657,-0.176797905071236,-0.243028882811818,3.6,0
62569.0,-1.20171856753112,-0.461834364934057,2.01247872436312,-1.54429183579657,-0.371906556165443,-0.222848825735522,0.0357613774720144,0.227835918827727,-1.16833832565823,0.0588397797252598,0.407589955629798,0.488948409779547,0.20497314261971,-0.344684229057253,-1.3541345272906,-1.13418917448984,-0.270013878339395,1.19500971165322,-0.395859427596969,0.0014486233599663,-0.638203764365751,-1.5214287732224,0.188066570253318,-0.0208566349381324,0.098473342962881,0.672605349067716,0.181008598821303,0.121488461887404,91.75,0
64819.0,1.20602856086463,0.605238489200167,0.417820256527569,2.22321143582934,0.440264232479965,0.424697666484433,0.0737019702396775,0.0514486314043039,-0.789033935919076,0.608606802477139,-0.891463416432873,0.137690030757055,0.878037661622764,0.123976429002691,0.794844697625052,0.693184123011032,-0.71515109464647,-0.734799892545622,-0.968435976537849,-0.116991055223801,-0.26991546424807,-0.776641045269699,0.0645331403608597,-0.80635642555094,0.311875718052437,-0.186033883070958,0.0137713837919322,0.0178251125780934,0.75,0
141671.0,2.12043601813939,-0.168643137901151,-3.53909673366615,-1.07776665176455,2.9616286619642,2.69691369671021,0.160757345114824,0.497573741536672,0.0529020354288221,0.0395490815863836,0.137093315488373,0.254019817983401,-0.297527479448987,1.01956316041564,0.794517073399839,-0.716782497024051,-0.335234720973803,-0.667428919727499,-0.0199017349468708,-0.170251187156486,0.145136920746706,0.449738700167166,-0.0015097864023704,0.759890196360632,0.474981321496228,0.261393932478739,-0.0668752662811469,-0.0855683982973302,2.99,0
150757.0,1.83836545110504,-0.0205944803148085,-1.79351157596306,1.22558558063318,0.734059059795569,-0.368229244171084,0.653213219159486,-0.250266989766172,-0.218573656510321,0.355147319707928,0.886915238169191,1.4630496159685,0.585846752319081,0.555813485229826,-1.26551881549872,-0.554603058078744,-0.441519549826724,-0.231539484417621,0.0360905672696563,-0.0380271180262669,0.157000766853537,0.465689320621121,-0.0574575779623951,0.737749010555104,0.444115429898837,-0.554417893047826,-0.0328327572457989,-0.0488425186503123,89.63,0
74222.0,-0.3857143606195,1.09081903835255,1.42787366872215,0.149502580185342,-0.121826644819164,-1.19802101781814,0.678500218464673,-0.0772180000087681,-0.377202493296172,-0.501398999383446,0.0378238219158761,-0.100445234027324,-0.185766603628665,-0.359139555293641,0.898271709697422,0.298076747592507,0.141845484194662,-0.21404506584813,-0.211970285738023,0.0945410659306377,-0.242855274351549,-0.651271725608808,0.033335398196512,0.653557918530922,-0.211327479289507,0.0525152985641188,0.243495817393962,0.101669221804352,2.69,0
54424.0,-0.4838677487892,1.06788010037003,1.68535321888805,-0.0121328716451564,0.0187874020161063,-0.577554847495504,0.726229042098101,-0.0064812698346357,-0.57130158263708,-0.391172412185694,0.27936058339471,0.656821142138868,0.924644846654102,-0.0025631171408695,0.969847787713741,-0.233280062267063,-0.0521230465051769,-1.02456458390943,-0.475722843906735,0.128454078083387,-0.164657998976989,-0.340765052498805,0.0494841213862425,0.406802181817064,-0.275417717068087,0.0772366693848785,0.2866458314833,0.123291195412717,8.99,0
42261.0,-6.60499239465125,-7.49518749763976,0.177359995558776,1.34060341658032,0.337728611559355,-0.359781898283852,0.23246827054267,1.10068794764375,0.204409542467173,-1.46130681359149,-0.183451010468043,-0.606140639440447,-2.25266824363907,0.956165293352488,0.254373717092347,1.03261653055989,-0.397363392970087,1.27590743187508,-0.830212562997198,3.44229552643167,1.1813911243379,-0.239705462585019,1.90267229148048,-0.751418578620692,0.657733526915698,0.491728826278654,-0.108545159033944,-0.710966859216747,978.0,0
169466.0,-0.71846123508172,1.18431519816056,-0.565686292337333,-0.702951863578811,0.703877194097547,-0.707407763762087,0.905482373173889,-0.203553924115828,0.404237782614168,0.761025769473595,0.292802676131048,0.0638143220845398,-0.742359152877925,0.457632364069521,-0.0576459095338209,-0.166408848347754,-0.92705818758865,0.8452527111477,0.511499841717974,-0.0085022916684293,0.314816348260455,1.33931098351491,-0.0942647717362305,-0.479129777084986,-0.767491106981533,-0.28876025011196,-0.213579609085485,-0.175725198320401,0.89,0
