Time,V1,V2,V3,V4,V5,V6,V7,V8,V9,V10,V11,V12,V13,V14,V15,V16,V17,V18,V19,V20,V21,V22,V23,V24,V25,V26,V27,V28,Amount,Class
53307.0,0.776914077247958,-1.60829709276254,0.582760130039354,-0.513996633319321,-1.68766360308226,-0.404166421470137,-0.640554742906232,0.0183728077864648,-0.695302233766939,0.648335611940009,1.31803600475467,-0.251082503955143,-0.486197292230009,0.0439008475114516,0.400052941509526,1.68406981661581,-0.0821638686966304,-0.552081868890652,0.611954317988613,0.639126167452443,0.341954511999173,0.171615973221581,-0.21620928477633,0.340383732801497,0.106683850454812,-0.344192955468323,-0.0331287037427676,0.066068451843506,301.27,0
168459.0,-0.48212593165792,-1.79113344569771,1.24060923027703,-1.74439497731365,-0.42611853061821,-0.230464506792056,-0.662118980701141,-0.0564318528860318,-1.63042308491308,1.23901880145084,-1.28063534469326,-1.93099965877057,-0.717678799532861,-0.531791259943789,0.586900725170759,-0.729092212674466,0.675964378642142,0.317961196420834,0.8621404656538,0.276112719444954,-0.242400584206893,-0.600799219755976,0.587570853006431,0.493363311952932,-0.940616185906126,-0.414425399971747,-0.0119121835419115,-0.002188363753704,131.9,0
68564.0,-1.86213638752744,-0.278636243191481,1.75330154902892,-1.65768871153097,-0.573740372943813,-0.482176708326684,-0.502002673324022,0.226708075864851,-0.703623799734515,0.402284326225167,-0.233525525565494,-0.438166062026077,0.865696257496475,-0.750092985199691,0.744757426500557,1.36495491744017,0.0654342270316519,-1.3073713397069,-0.629355739893439,-0.143644078116419,0.38007687586363,1.41823890729773,0.127024256545221,0.136436162570846,0.159479452105328,-0.195818044756787,-0.2306982229438,-0.0890271693094914,19.95,0
25809.0,-0.377065993254986,0.984515176488542,0.988847692023948,-0.261442881939779,0.56333151426177,0.197124382724013,0.489867290863238,0.281752545011947,-0.543286161814335,-0.373187072097984,1.01598533122694,0.226541567965556,-0.318792405915939,-0.155704786689646,0.545137233871996,0.508486185753732,-0.188241019665403,0.187779581459259,0.102294125321102,0.0861541685770931,-0.234986821468996,-0.625894007791655,-0.0773118556183419,-0.732204284229819,-0.187063496763036,0.128291883959692,0.254468745893498,0.0767023666032682,3.57,0
142818.0,-1.76442667626351,0.912445570077476,-0.118161424785298,4.63579248898088,1.23236697811773,0.70856607804597,0.53586109677519,-0.376975564775652,-0.817284144336795,2.94161043517566,-1.23413606996717,-0.0721735494423545,1.26624689642487,-0.641440243875682,-0.263496351759098,-0.718799279470854,0.144715388892597,-0.295355928369756,1.43785918992007,-0.766790586788517,-0.0537867058030401,1.28571568524281,0.757470311489614,0.682490303630921,-1.1534151230477,0.221188528304631,-0.561330674291122,-0.232199332121366,9.43,0
121818.0,-0.656846394009495,0.587039604051517,1.06550615920884,-0.996837660065034,-0.747036517188462,0.856968819439804,1.83124079735185,-0.552914878777216,0.684529328066141,-0.0407146596957695,0.861971243933447,-0.0008043269198555,-0.91489618261792,-0.28295557737768,0.0779755175259266,0.478115523507957,-1.26098495421408,0.599463594259411,-0.0217454118611894,-0.360004097431864,-0.149302363156361,-0.0119989230203134,-0.0782203590560871,0.720934539056979,-0.898957978534053,-0.842731984101821,-0.46147063760118,-0.365458577610316,258.0,0
55681.0,0.999543578125742,0.192232052064188,0.767350084652814,2.55132275677131,-0.177000283421627,0.355753468291669,-0.0322149065306883,0.125272140547051,-0.585436697407667,0.648568306083934,0.59047208530178,0.976092936889814,0.283490447866667,0.0047708093280083,-1.34435070527863,0.558826914683296,-0.629919962536043,-0.111849265027948,-0.194190773103152,0.0179377764753222,-0.213120082992263,-0.678454836032997,-0.0329179119080651,-0.0015144613371563,0.377185900858507,-0.186071882890944,-0.00587182918258,0.0261681260450348,74.54,0
153868.0,1.89105737161591,-0.251705111829207,-0.305690934255284,1.61095825920059,-0.500754410922767,-0.303219479547267,-0.274394953867207,0.0268774248496189,1.28873701920757,-0.0034124767437905,-1.38397295607833,0.355161872828846,-0.962968590897671,-0.108243139099441,-1.08499928968579,-0.448017302156184,0.0520057574450567,-0.878614651831526,0.13936706282493,-0.313758395289455,-0.516617943644449,-1.25525786481439,0.438747618712941,-0.117710145539495,-0.365863114916856,-1.10146612923506,0.0497607507853419,-0.0293063814931041,25.09,0
163389.0,0.0094903000089421,0.859413471451645,-0.548012287915452,-0.72610674816489,1.54925377253661,0.749156801225524,0.721091105364441,0.35227889399545,-0.0317662711533806,-0.97539696914273,-0.0976793790094915,0.0452320775708329,-0.179507828981002,-0.90354993817854,0.600977404165163,-0.576305152967727,1.23558052374459,-1.61575197848791,-1.34782197958658,-0.0832221374782361,-0.259426688016061,-0.496453221690401,0.185806943832645,-0.540543497671984,-0.645707355496559,0.215718034153007,0.273697466846159,0.072094818381157,5.99,0
160094.0,1.57621960671737,-1.41940968105473,-0.961497661690888,0.36320158734687,-0.359014047813199,1.00201477728721,-0.566889576947819,0.113220728738555,-0.651803189906655,0.995252810867167,-0.020143792892551,1.1005910949329,1.92032981517166,-0.183842121156753,-0.0315707124006823,-0.544545426023427,-1.18809831399596,1.99295198714443,-0.816562602466364,0.0472351759439072,-0.317037861913172,-0.964011053751141,0.0939660082582737,-0.426301501915165,-0.443995430716908,-0.940475198129843,0.033535527565602,0.0171631061775827,276.0,0
166070.0,-1.0477269168308,0.685141120866765,0.195456944064147,-3.58340186669125,0.0829221397648713,-0.4440599445024,0.26127532435107,0.457403464349708,1.22516720440512,-1.73405714963455,-0.203340356697826,1.19503435991652,0.323541048127023,0.166687922010962,-0.637454207695717,0.60473490088524,-1.31356274176841,0.581750030300129,0.136698747124874,-0.22290581841252,-0.120079218090819,-0.388817129450446,-0.0959957651799142,-1.0596731650233,-0.392663020412769,-0.781759710788857,0.0173474213636324,0.145133234723318,16.39,0
156393.0,2.14648413068194,-0.748094945976084,-2.88474347805358,-1.23119849287096,0.616775226553186,-0.808898995903594,0.503143242098167,-0.495377455756091,-1.38082645180842,1.07156397458725,0.253046934964893,0.474347783622607,0.583126784385493,0.713940879531146,-0.991421505780709,-1.85868393829946,-0.260970167817298,1.14453039486431,0.0421664112162272,-0.359675691894057,-0.0719675361420164,0.211201806432028,-0.191691639294245,0.216065909728335,0.431372084553069,1.61531017027685,-0.19007645171225,-0.0966193886983954,86.56,0
131572.0,0.243646442908365,0.925409954981666,-3.32297571013746,-1.35542115702823,3.32784944236639,2.70181661823736,0.517424706674044,1.04477272638443,-0.666262515194334,-1.08351300568531,-0.0795481366963152,-0.13760144076298,-0.504351964340599,-0.302108350306305,-0.347501233075848,-0.1115181239622,0.821739790487203,-0.164215113355722,-0.519250884390035,-0.237929573401598,0.179564859321526,0.415374854508937,-0.016747654181756,0.658825262863932,-0.277077563866256,0.568893789474527,-0.131604347212095,-0.0561256851525411,15.85,0
5143.0,-0.61236449388837,0.725083878988866,1.91589659332475,-0.298591360832627,0.314957722972652,0.021163326188265,0.618540443427828,-0.0603737841006212,1.19299530164259,-1.40221862117441,-0.429953519916151,-1.98175155516967,2.77808243755325,0.817619505876554,-1.42416192536615,0.28238713575061,0.104424622496318,-0.265214712892195,-0.201043468577563,0.0376269517055675,-0.508927247968826,-1.19844726467229,-0.125759216256752,-0.499629991040157,0.416870316892671,0.119154233871064,-0.103217689630311,-0.0363029801631556,44.99,0
121851.0,0.245741579672841,0.894477285097765,-1.00342287169248,-0.210731463999632,1.52464273596718,-0.0775759677681528,0.956057188756962,-0.141698462521671,-0.539037962862766,-0.668701707832948,0.153630832415906,0.479725642517951,1.17654820474536,-0.793745138908977,0.310408100981842,0.237385966377654,-0.0907564247131562,1.55048407213639,1.21981064075306,0.150006527931421,0.373361673089619,1.232262090922,-0.252200997824179,-1.47086006420608,-0.763115032078802,-0.0654560034205795,0.295229941230356,0.275066049033873,29.91,0
54261.0,-1.15687155950887,0.873647765893004,1.61048163383004,-1.35495811359458,-0.0184024432316663,-1.06784082650632,0.922920590804561,-0.332344803146723,0.352739646471518,0.0647327393906491,-0.143654294989219,0.499187427410715,1.14062039799866,-0.634146100583604,0.46300560193712,0.440784478236319,-0.869726633078147,-0.545418418094001,-0.744136936312643,0.41643784741053,-0.194947668457937,-0.116124827404805,-0.0503391428652083,0.459036425303081,-0.206693436332439,0.697681302668337,0.310722675658148,0.138210064486387,37.48,0
63316.0,1.22774446744419,-1.42388553552107,0.918037732148586,-1.2261443192201,-1.96281776368523,-0.621899045828461,-1.10402077605133,-0.207484123014814,-1.75628524264324,1.29423062883104,-0.218117566212696,-0.0165013696515848,2.2419189514809,-0.859415267722732,0.787680802621181,-0.0635190720977886,0.233674208855398,0.119485711097169,-0.491616871665046,0.0591760045632225,-0.0605776911548749,-0.0070417176979211,-0.0414979327611115,0.418490304456388,0.171581997307834,-0.255413669253419,0.0476928507284881,0.0604022041990254,145.6,0
85891.0,0.684796164194921,-1.49976285900271,-0.344386037446233,-0.536805548165226,-0.736993351467935,0.131234495072169,-0.0083784968175867,0.0101672181559545,-1.33782883871712,0.644229953228262,1.64335790409677,0.652193290225384,0.0664918305168331,0.587475742336031,0.562069182112537,-1.80850523957694,0.381164212431401,0.386989325843376,-1.203270271624,0.090989744290715,-0.149179442064167,-0.625668862914011,-0.174722104209332,-0.235570840464756,0.0201436169087185,1.01917073627684,-0.106331489904454,0.0382551624489621,319.55,0
30739.0,-1.51669172889143,1.35953314809478,1.10247859135491,-1.56268840706466,-0.370778884072637,-0.489669154306467,0.325017229300697,0.286609147159785,0.781616854684207,0.911246920693269,1.69173627128343,0.615308767559577,-0.574766342920171,-0.139460094980102,0.182638714737357,0.387523546378468,-0.640415643567677,-0.419797599018972,-1.02082658243248,0.495094081247636,-0.201215007679399,-0.0767240757793229,0.0474974052334319,0.236325599265598,-0.221036666554041,0.687868418188485,0.15385758034744,-0.2057342075081,3.69,0
41880.0,-0.421738352590064,0.951896233131824,1.10537893785692,0.333940825302034,0.100615129370268,-0.210074059065887,0.931785205488804,-0.0319032910003576,-0.685967910496328,-0.161734031636584,0.790296547497487,0.189212375131032,-0.570262751912926,0.50797624093867,0.0994172207353854,0.283164134843358,-0.769754316992471,0.673126859498664,0.182595902548784,-0.107040240007004,0.137950587890519,0.304985820476151,-0.252592379392874,-0.0036663782352468,0.242497909518603,-0.376100277382526,-0.0807842582107522,-0.0041690857311157,60.0,0
92568.0,0.0573466901559735,0.905642018765439,0.160790847289325,-0.516723394134154,0.832351337718208,-0.620259861063979,0.981522197102664,-0.363030222413075,1.16378652166341,-0.891219026035206,-0.52708859547686,-2.37575002020282,2.22157804976336,1.41644824451526,-1.13562117398128,0.0598116753596441,0.0406294467684222,-0.30101032000371,0.0045859237268806,-0.181088248714558,-0.384993715548596,-0.83034631886996,0.0002501375827716,-0.707320730762517,-0.47832058250559,0.110582472048437,-0.152605251213985,0.0225447867446166,19.55,0
127135.0,0.722016695572279,0.861678071899965,-1.96774233129692,-0.512924635684535,1.61449956279029,-0.669209777739339,0.469271826525518,-2.07186596977148,-0.715089439369482,0.187671445119373,0.0867574657011889,0.900412689663605,0.572713863170552,0.932975134262044,-1.05146343643609,-0.384115012186655,-0.583340008343726,0.0145130870869961,0.749303384623336,-0.416629655942844,1.78992202936095,0.332290973289672,-0.801934372608464,-0.889554293170656,1.08259963077947,1.12004003539678,0.0819131148556228,0.140046003904777,2.0,0
153698.0,-0.350209695283726,-0.403012658667936,2.20040741486062,-2.19899207431012,-0.750332573299947,0.481382816797348,-0.524691040547934,0.260335562194642,0.305067622584906,0.109155743137219,-0.270614586439797,-0.456016512125475,-0.871995617773237,-1.25854952666895,-2.33317796328548,1.32317865267155,-0.23363943088633,-0.531385918425536,0.575484204944416,0.133024862601834,0.128702375099843,0.802787094246893,-0.281199118031802,-0.399819444612141,-0.30217423125677,-0.309814383957328,0.257269104348387,-0.0196958195380452,2.2,0
169439.0,-4.51686796284525,2.19081414644267,-3.28550827801901,-0.29039081291519,-0.9508039510515,-0.718689412345232,-1.39478725965538,2.63406712249501,-0.829384807245261,-1.8247769891483,-2.05835791054364,1.25398505558323,1.8799938925199,0.369629097436466,-0.21439526196588,1.47550721132057,1.27865667530341,0.600871431147448,-0.0831927979591516,-0.957081880851884,0.122940928612768,-0.0309580497483714,0.131401256263427,0.0370525917521838,0.094092468403942,0.432524642445327,-0.710470374408738,-0.673503249595206,4.29,0
127005.0,-0.817571625960055,1.79619210578096,-0.808822577192379,-0.693333522474473,0.729093948085859,-0.273445352190676,0.111742343664937,-2.40578756315686,0.369602224793908,-0.31810330488952,-0.701778833499214,-0.0004049775281028,-0.223488524647927,-0.969572044905293,-0.20939490543716,0.284706250352404,0.602359100634899,-0.24746188324919,-0.365542419360944,-0.35325011042482,1.9234999299846,-1.6349201862204,0.456586746148358,0.44679153989927,-0.328033763917481,0.143020789298961,0.430563524045277,0.168943417647121,1.79,0
44054.0,1.15344103894625,-1.60372387364466,0.222984941787033,-1.23641400092807,-1.63698328750189,-0.528526468727805,-0.848977265285736,-0.0849448627443941,-1.70460345107372,1.35497176803058,-0.428119732742915,-1.40911714577377,-0.657196407284535,0.0042118586913775,1.02722727337678,-0.577273133823403,0.838049839756017,-0.334073295840184,-0.647432117166671,-0.0952391736373741,-0.134281330637756,-0.408779794091232,-0.0383954461312246,0.0321428133318427,0.167608844449796,-0.235797803840779,0.0077023538527893,0.0453768317298269,180.0,0
145527.0,-5.87349165762028,4.96178759279913,-4.20510749212708,-1.45466801841724,0.174132003376117,0.0713563292038666,-0.132047365053668,0.960182423697547,2.14015849111383,3.37234310535052,-0.220805144736982,0.164653843390626,-0.703507495183167,-0.988565226918609,0.469459550567844,-1.16518792080179,2.05254537936463,-1.59351905541083,-1.6107159770044,0.350237062381568,0.341770364033164,0.426464317222787,0.219249144403625,-0.383262393490149,0.39560313615771,0.500897520594801,-2.34003394487837,0.170587747742501,7.87,0
148822.0,-0.770371602253905,0.662965773823469,-0.316007771973692,-3.10140831397138,-0.248180074212651,-0.431760101559536,0.413719508637342,0.361988196622096,1.27879573276255,-1.63923851068243,0.339234331186831,0.321040409624447,-1.7333097195084,1.06179352965084,0.910313537920859,-0.515700773955876,-0.31784751855513,0.704006496996334,2.06711541609959,-0.326113008650454,-0.236416054793614,-0.948738707158916,0.137437414335535,0.173616953868677,-0.699821330048869,-1.41328600904386,-0.289861933463408,0.10608870102208,54.17,0
52695.0,-7.91179362467555,-4.79632660020352,-1.80047265780832,0.95588613441367,-2.07062865729988,-0.10598903377634,-0.0367352622959266,0.682775950953203,-1.03448206207791,0.859307043766293,1.52363236010846,0.691738847332689,1.73494448266753,0.145134886096167,1.43198932034439,2.03345890257776,0.625715478531051,-0.900678071011612,2.10318416050956,-4.74244953538259,-0.97491717486208,2.08814287090497,2.7214720993339,0.275336791098233,0.339993720983226,0.106209649281867,0.402400086251323,-1.45284201270808,377.0,0
140922.0,-4.89795945192498,3.94524676200237,-2.86968768319851,0.0487783170303859,0.870764285037711,1.66864410991621,-2.34540423503646,-9.65636735114008,0.0213685891085394,0.1966268563174,0.372143617348827,1.13056718118947,-0.582414984342467,-0.465469907553232,-1.54901483125523,0.294356260533635,1.21249283284757,0.920263394879525,-0.233000327363431,-1.70141478971836,5.54597916813229,-1.40880604475471,1.19194703973565,-0.0312729859496541,0.180733011207062,-0.715369855001882,-1.24340881455063,-0.927193003546757,30.03,0
55726.0,-0.721459979823996,0.673229233260952,2.6193173191212,0.253106517054437,-0.766184730518204,-0.385486433198392,0.0839378407395583,0.186574547479822,0.351416441961132,-0.552721956797984,-0.601341206358193,0.184688754654253,-0.14296598182016,-0.500984149216696,-0.0077837153371748,-0.0725719092223062,-0.0144628416085201,-0.156385587021659,0.0218856770879965,0.126961863904752,-0.0326888888700038,0.15265899021688,-0.11144175718099,0.739525267055525,-0.11159021083018,0.293182083466776,0.336224457375324,0.175461130552022,11.5,0
166081.0,1.94168866389478,-0.58540649056775,-0.29602281368381,0.276012547115702,-0.941335044408235,-0.68329085289325,-0.621349843166861,-0.0714268393756264,1.56152961917908,-0.21023607644352,-1.00256247706658,0.335316447424416,-0.124293608084,-0.170408919533762,0.532057972836326,0.0937863726970377,-0.437617565418839,0.207064099459298,-0.165525811120686,-0.16987197434184,0.248788124696176,0.915109000851788,0.0801083753320677,0.0946412797917453,-0.139185255829139,0.179488323675691,0.0095565538693953,-0.0387008747177461,34.95,0
33875.0,1.26171310317519,-0.398184337950007,0.524831308984041,0.672041942854018,-0.777489013016389,-0.165503635128604,-0.395336551816834,-0.087025909423203,-0.646752866243897,0.667090752023764,-1.33638291236075,0.234144067213791,0.69421068962288,-0.315115184468565,-0.348761740316299,-1.59986696206039,-0.0339441168730487,0.911443059389892,-0.592441888705817,-0.442639776671314,-0.637705956805569,-1.26072454777554,0.0259855845310882,-0.169561048818879,0.444195995650283,-0.501563243724806,0.0591948162577361,0.0353606231394512,45.94,0
78906.0,1.22504405861892,0.135849061850286,-0.232285477489084,-0.0622218481000624,0.981707272290598,1.70775434054975,-0.353523294476064,0.492102654150727,-0.320421778776029,0.0163303545468122,1.63214613497045,1.11369767773279,0.641698024359101,0.329688625476732,0.748006947116475,0.329829469025482,-0.542244507975075,-0.357374165501173,-0.116041571477278,0.0439654803895481,-0.204101087363581,-0.753335602566673,0.302322339933428,3.26734649207475,0.216635050478704,-0.04251513717235,-0.0363225691827462,0.036737340235693,1.29,0
138905.0,-0.10264256142656,1.10626200358297,-0.525655602800743,-0.526272940466313,0.946240339472783,-0.813432491294924,1.15529087440902,-0.400935832948673,0.710736077534897,0.483584384183011,0.858097218563471,-0.760785554183671,-1.89496095880987,-0.862779076051215,0.339980897124612,0.131076544897161,-0.0003556070023504,1.33350579700056,0.102828372340426,0.317675231867826,0.110835842295234,0.953201059993937,-0.286297051616835,-0.516572455242962,-0.337143372346128,-0.174787454496832,0.260748059302198,-0.149381718264956,3.69,0
125447.0,-0.902257477150411,0.857222841090682,0.958150747714178,-0.416833775222853,0.0767863818368891,-0.152200912223,0.143496293228002,0.349443381875747,0.0205030882683167,-1.02686536498097,-1.49047263357492,0.763029689534887,1.60026538460926,-0.120385942253018,0.430544149295252,0.221806605380417,-0.588532168239334,0.114799533159142,0.603222671451425,-0.0817081515096289,-0.0797901820008083,-0.265858745773187,-0.154382191655273,-0.645200010215598,-0.323832328506602,-0.530087855773539,-0.0354564603257437,0.0402529813992814,25.0,0
39760.0,0.931829629756847,-0.507070577195278,0.708883232172031,1.26217808504299,-0.543361770121838,0.712432097152474,-0.529057623168059,0.264402931145802,0.860673836108144,-0.162294889993569,-1.3573369892194,-0.224812793366712,-0.452379638843032,-0.115757853745975,0.987250665721106,0.285106544553282,-0.403541699575355,0.136925833652871,-0.564724620976713,0.079836252277842,0.16661725781374,0.367634736662589,-0.268477572902335,-0.762826569389758,0.473735098229029,-0.171927211066462,0.0542686505872224,0.0450049077857789,135.0,0
48977.0,-1.21451343034738,0.61438531542545,2.04915238699609,0.286261871085856,-0.917343270562589,-0.293461982711335,-0.298909749403524,0.663258867669208,0.270552057485676,-0.78323498003618,-1.12281396090767,0.0083409213934425,-0.44694957970255,-0.103558523141383,0.0366670096200411,0.174820699627516,0.0593591573702483,0.0607114681767109,0.135022565799179,0.117008222102327,0.0159248277169938,0.0226844762757587,-0.0370835224370123,0.406636296924284,-0.0509315851781841,0.313750906393656,0.203795974318589,0.0731061981241888,39.99,0
32612.0,-1.04088524288568,0.431779467029849,1.4399194068439,-0.467533686691317,0.787429946205822,-0.678966680424418,0.955567261001558,0.0563507434645705,-1.06062338798316,-0.657797755385127,1.68124681649822,0.984156498851837,0.0336317356235286,0.533290992981668,-0.32767783797249,0.059954650881787,-0.436987819031918,-0.784177025797412,-0.616455783120398,0.0963574331304955,-0.169401171010775,-0.82603682811034,0.216505517832678,0.184205731334891,-0.198285371250598,-0.170321110783338,-0.0061334810638171,0.0987261381742538,61.34,0
152319.0,2.01223711879937,-0.134721397984085,-1.46017261190797,0.278889373513406,0.193146286385702,-0.945855773842784,0.326734777646365,-0.33352908138271,0.673469614495523,-0.0806048840915941,-1.21057819027605,0.265173226891602,0.121048394978202,0.428484930329541,0.533496238320434,-0.0305885701745961,-0.63028639306898,-0.391636611520008,0.312442835197423,-0.138606791967705,-0.258532498955242,-0.731273784250455,0.192067357986458,-0.623911955001299,-0.0810298375167081,-0.572525414490926,-0.0241093675306266,-0.0474496624795856,47.92,0
36130.0,-1.47733654386144,0.0856744871177092,1.66947532794167,0.128298724140823,0.31872113860144,0.585910323292234,0.441069863927248,0.296419132273235,-0.25469665942572,-0.308371183748916,1.40367313001389,0.499971676161422,-0.529021362247607,0.218320034663629,0.458408910927256,0.293044165929836,-0.597813835923445,-0.0755558214516329,-1.56291566610943,-0.54296682002055,0.255024571943858,0.994220640602546,0.25654391633538,-0.30481175315269,-0.279950862806994,-0.463651751717872,0.0779472249367947,0.0688857059592569,93.0,0
37441.0,-3.99650358009511,-2.57734406214703,2.61653731422979,1.2041459023415,0.757797935409275,1.34040171078905,-0.0369566580068704,-0.0108930723399717,1.6301922444232,0.875783851271859,-0.931959086342076,0.0788681288906741,-0.202072783274385,-2.17378672432965,-2.7204623908301,1.09507861998275,-1.22672659949,0.562885038597375,0.0649803194733827,-1.39353367318353,-0.734278912365612,0.717195852928776,1.14872293766238,-0.851018508981437,1.04336798088731,1.1822474583351,0.261595837895963,-0.196247681630116,133.56,0
45619.0,1.02231728677116,0.587664690198683,0.142058570933713,2.33980030016861,0.895914230857965,1.01941342049979,0.263624334343103,0.27311602430573,-1.15770610135007,0.533642430325027,0.787729482419907,0.581420146296194,0.24607022651263,0.57659177448999,1.22628811041053,-1.0516166268847,0.821619797593043,-2.60283417043179,-2.56307930404676,-0.288676935140525,0.129989772885821,0.527041367755984,0.0597688339189887,-0.613453311841626,0.386431629542177,0.175299878089932,0.0350093766735776,-0.0006074331655584,1.89,0
42571.0,-2.13797649387301,-2.85818608336939,-0.920066259250304,-0.029203710780454,-3.2001402474074,0.737229511978791,4.64564081294537,-0.370104980381045,-0.495703579039833,-1.45919217018798,0.703397289923197,-0.497463662691385,-2.0594258395279,0.775664719821969,-1.11890984085809,0.316777392676112,-0.41754682169485,0.495267438966157,-0.365718053623643,2.28940796486926,0.842883512103639,0.315441520052696,2.82380085370829,0.431008924420325,-0.598883707173591,0.682181549460696,-0.304257394173472,0.284277291379145,1174.0,0
79134.0,-0.564522425558234,0.54783922339149,2.78652105931204,0.537955043037352,-0.449958983829733,0.0905364162097617,0.0369552605166959,0.0306292563866372,0.30081321461314,-0.233459870727367,-0.0218801656134488,0.0182772906566833,0.144331756921965,-0.491196731969582,1.6119356595685,0.16736973657491,-0.462705668770452,0.171926222990951,-1.08561345062699,-0.0515509227918441,0.337350007319322,1.20263090303928,-0.104949557092612,0.40351002947209,-0.224389613752107,-0.322778111693101,-0.136896291173873,-0.153083826395183,6.61,0
169724.0,-0.687926748136147,1.55686262909689,-0.980203499572011,-0.581539240493379,0.454730020174689,-0.964399695098876,0.585489991388818,0.34521489394517,0.209720434565274,-0.434045832732449,-0.800060974099829,-0.0780068216033417,-0.229760958110954,-0.779964273815232,-0.21418634609575,0.417982121943359,0.549485154607026,-0.190223906343723,-0.30891879490459,0.135330480052132,-0.364200591256417,-0.910364986455068,0.159804770350909,0.615823548113323,-0.314709923531027,0.12177947981564,0.319361637210099,0.131291019347382,10.99,0
164246.0,-2.48666640385971,-0.987547026767088,0.42107225204047,-2.7792192886319,-1.44421639686859,-0.420617555845391,-0.723534368201812,0.932000600258248,-2.30021286442075,0.52899124651785,-0.126472464207874,-0.490020668588666,0.0451702573824716,0.14653340392543,-1.26461877971012,0.34463701868178,0.205274544695573,0.836531151868212,-0.458394766058357,-0.0669216084939863,-0.0648138236890907,-0.208231312900328,-0.411152427935679,-0.349872137803548,0.724772179762715,-0.124247627639082,0.212814584678195,-0.170463104775511,152.0,0
144998.0,2.01092119729998,-0.201145394990577,-1.13541372489286,0.146219860569189,0.157314708689075,-0.288699188667532,-0.0991413254076688,-0.0379977651112111,0.349127179828334,0.292931011070351,0.255538588709606,0.553672912867275,-0.132427026122031,0.563388777454779,0.23129026874381,0.902547859927945,-1.18458355582901,0.107722621206811,0.567303538619859,-0.143143843520402,-0.446486371666513,-1.39953181425999,0.392111288432047,-1.04233771825999,-0.581790384235656,-0.236937565605616,-0.0569845472827546,-0.0596081355072192,29.0,0
116351.0,2.04785773993731,0.403406919263918,-1.60365261881306,1.23615558770581,0.557477678008505,-1.31771273117955,0.762044305939861,-0.515454291224307,-0.20755884058733,0.320969190197927,-0.535966089199278,0.688365648094341,0.797000370219606,0.578937807748022,0.218110126899528,-0.394555247878778,-0.476328983376351,-0.637122561154887,-0.459582704400779,-0.229586310969403,0.0558122163254832,0.307717742176697,0.060496051033869,-0.0073670964617564,0.343536701595383,-0.594138070158984,-0.0144763544083499,-0.0564766809484173,5.9,0
110280.0,-0.601334626899907,0.934511122720926,2.34391364294923,-0.158863431249767,0.194580666953202,-0.209426747416399,0.545965769122865,-0.308400146038034,1.5234761785527,-1.04669521998179,0.326402034189864,-2.38663594313073,2.09091487457477,1.1310613986635,0.613811939632569,-0.345289163487607,0.297436310510548,0.393563035888477,0.496692329699071,0.0576575518560192,-0.289050397592301,-0.389573331460724,-0.317405002087016,-0.175718819560791,0.259059972773612,-0.734805423532185,-0.209741161345539,-0.143677860159828,2.12,0
74519.0,-0.710760270838772,1.19292215853126,1.08829991119859,0.709549676061105,-0.117044252165467,-0.945174253108409,0.211351453034046,0.278140104101749,-0.941653547177789,-0.702949902943963,-0.208817516454244,0.359032771969929,0.906572704512775,-0.101083227535536,1.30793646126019,0.0818707210988787,0.503686241555794,-0.0275741108088476,0.92224916338081,0.0909374374174902,-0.111213600862525,-0.482333263380954,0.0339106577094587,0.366795778211946,-0.506971685506413,0.174179269845155,0.0005542029810847,0.0571589994019199,1.29,0
137364.0,-1.25629629475755,1.72916008249458,-2.93028890422735,-2.33724359952394,3.11029130422862,2.67236231805631,0.68697099846507,0.994608263392887,-0.0185856071348198,0.458321890055236,-0.211994085289867,0.0654975517617283,-0.407819418497296,0.959332550105207,0.260834108934248,-0.705416563806124,-0.355852566691509,-0.527582749309083,-0.349118555210699,0.240319114548006,0.231497867857116,0.723286310854091,-0.0951204872223422,0.739859775692508,-0.115085256237184,0.0997910384900974,0.333119013436731,0.376118202829021,3.78,0
33166.0,-0.0836619617602903,0.695478868910524,1.09044324264869,-0.391723310291983,0.366501535640916,-1.03878584787618,1.19883986601403,-0.502936165212713,-0.308806490073836,-0.373564804086636,-0.340363793956042,0.654270319457238,1.43479327467443,-0.335013809531294,0.0214913068230592,0.208786091081816,-0.917879356631978,-0.331542596829638,-0.931343254979751,0.0433829713697343,0.217393370516379,0.828412810181334,0.0415063835979259,0.464544756513027,-0.941015244826509,0.0368373351271168,0.0145535173964411,0.0094187111141956,36.29,0
86065.0,-0.700398224134007,1.15723479674631,1.50555956295917,0.492759776714273,0.352197095912147,-0.147469950395692,0.918512908582099,-0.354133478791109,0.0210667432009306,1.08007182970961,0.988680551572918,-0.192761160852106,-0.952027477701378,0.0514193151992427,0.668402734005155,-0.0832061024154654,-0.775492551094021,0.717717079921572,0.822037710420801,0.342975705149961,-0.0703195969654337,0.185466771742403,-0.232914542210253,-0.0353546137000334,-0.221501330922144,-0.471015731847597,-0.107120292387345,-0.165090095235159,11.08,0
150902.0,2.01448263256063,-2.10057147620021,-1.91404273035129,-2.50901251993575,0.691243604704963,3.74185798043126,-1.84470184580211,0.925875464750828,-1.1489797592273,1.47696270308067,-0.163496483554376,-0.620175983237582,0.447195097918775,-0.388412374348057,0.489723104812007,-0.308544315028435,0.293564370918311,-0.279616244680808,-0.306079971989814,-0.104058405021382,-0.331772887389732,-0.867399028178279,0.39795424183857,0.638911134294949,-0.615443494901933,-0.476129582204072,0.0348133418016188,-0.0199062475116049,135.9,0
109843.0,0.95379657946357,-2.27841555391737,-0.688021342227042,0.666364934836687,-0.907479861472764,1.25270606092402,-0.678276669597932,0.220542376175923,2.87043285038913,-0.62705372682479,0.63981982076337,-2.00446177238498,1.60655118247701,1.35710427722776,-0.150864886202654,1.16519343974465,-0.64128689196877,1.8883557096455,-0.141349086303485,0.88517175016218,0.387049650594056,0.279094361307847,-0.364178443075244,-0.387710414158716,-0.463916815223088,-0.350477180731782,-0.0676266199760683,0.0492169018946313,543.39,0
74450.0,1.11965048061974,-0.0282109000376392,1.36276565003753,1.19796754109434,-1.01852921195105,-0.0974396144420702,-0.667783048043244,0.218716578489572,0.529950010652154,0.0314055922976249,1.17176810495331,0.998049870764112,-0.308555826943767,0.0199866083269495,-0.0612057203034766,0.421570991740747,-0.566659618259617,0.535046196456175,-0.147002118036813,-0.155406462507751,0.0513741339362642,0.262010074980747,0.0179577549564727,0.534707072822257,0.326263550400337,-0.428775337738602,0.0651333144739924,0.0291011095486539,1.0,0
15217.0,-0.749612562291417,0.435066040736286,2.69011407960939,1.92207857616993,-0.679905637802405,1.0033389039509,0.664785788650332,0.0258633905090397,1.88329503379803,-0.746894904940054,0.233770141650482,-1.7081568260981,1.7190831356501,0.373699742765038,-2.11603567135506,-1.84660186824229,1.87603093643612,-0.91831765185791,0.938684824727237,0.475127788804077,-0.470307934844332,-0.550853167742785,0.250702194611638,0.333973291755153,-0.0728385399405604,-0.462880370149971,0.210289651362986,-0.0306967165531765,147.69,0
20932.0,1.27820579927311,-0.0646023140844268,0.453339368865485,-0.783785692718543,-0.556625410218856,-0.86675458289555,-0.242580266899358,-0.266796852918159,2.56986776547111,-1.38381782179815,0.472288371226926,-1.7113679179203,2.34568824532596,1.54029271595779,1.10450647808316,-0.20819364912366,0.199428548840321,0.411680977811952,0.468708907780022,-0.0635605042362022,-0.289249370610058,-0.496312248668433,-0.0285795188327145,-0.181332473111987,0.482620392756167,-0.886978213488202,0.0421736615894791,0.0266750259520154,22.74,0
915.0,-0.846061803604951,1.22917181710267,1.1993720953349,-0.15995483379273,-0.100757638849437,-0.133498631033746,0.225047689129757,0.61090854106724,-0.920156650958859,-0.432928982556563,1.47417981049655,1.20411395592094,0.593929575574557,0.563119057242065,0.294539910842083,0.197628001872955,-0.23274251929438,-0.339198935594847,-0.0644527512762966,0.0178122655930846,-0.0962249373298573,-0.330107163504318,0.0560048083234673,0.0136450969977422,-0.249804662829992,0.0838412846307041,0.154696220908036,0.0461246329080389,8.99,0
9327.0,-0.666807968994514,1.17019954072481,1.15434079704761,-0.0062724347224503,0.378856144238311,-0.0113227041647581,0.340706135603901,0.225010312939656,1.01216498395234,-0.415129128077502,2.19533873723485,-2.50461021346726,0.594748359766608,1.36344606280829,-0.126684809124102,0.387080970705408,0.703481829292022,0.41025197618955,-0.261392104328901,0.119346921798142,-0.399704371197943,-0.825097580781116,0.0042574220149146,-0.454353354730507,-0.227066747127418,0.0745178508889024,0.331341388059994,0.13838863917233,9.87,0
45682.0,1.17003378084883,-1.54972357346906,0.778676305435736,-1.17615384584668,-1.95588639816214,-0.480799273274927,-1.14515494459313,-0.0580732349900234,-1.63275337150694,1.32038012031012,-0.0048870882705881,-0.725037589712003,0.501677472426093,-0.412725201465904,1.08808719821068,-0.518506661481543,0.777017750798857,-0.217337547945565,-0.96652519677637,-0.0878281960576361,0.0705046239979415,0.341916031846095,-0.0501229671310858,0.398253176284709,0.172900292046937,-0.108028540652196,0.043013233579243,0.0507053312106952,148.0,0
156126.0,2.01065699706034,-0.640205285572657,-0.471387453782868,0.71565681065328,-0.868857235275963,-0.529999968467661,-0.590509485326377,-0.140514722506967,-0.284773263639515,0.982655991707255,-1.13286895341842,0.122812156803188,0.42352998836587,-0.084874820083774,0.163097364498945,-1.42131638187236,-0.275797291966531,1.20617029898982,-1.34219478724168,-0.60395909084658,-0.291667569788582,-0.252874935161231,0.242109116198834,-0.0811919048713153,-0.190945586590269,-0.672261496649234,0.0661723612379847,-0.0248241418551395,39.0,0
157963.0,1.92586657185659,-0.529199897825763,-0.145934081922038,0.407499013270104,-0.852249746320965,-0.253461272631271,-0.783740706196698,0.121908830054698,1.04034849985091,0.175818146958595,0.796274705305816,0.950495068631654,-0.235514764413005,0.0016555673681376,-0.282653116738965,0.441921138342107,-0.628450030537591,0.405241925340875,-0.0812666600594878,-0.204680555384908,0.222583252125102,0.820361857130425,0.171198417328548,0.0689213514847251,-0.348035094063476,0.549624539782602,-0.0217428139219938,-0.0568157268137682,11.5,0
73910.0,1.00780030092641,-1.05032355969205,0.138727523073451,-0.33481220736223,-1.38481913737034,-1.27766165559982,-0.080798389734046,-0.336678732001467,-0.915063082990926,0.620731771435987,-0.280895125053434,-0.287699963177208,-0.162901207817777,0.303378715553184,0.893043949206376,-1.38092340274967,0.134836008142048,0.857242393933159,-0.941260233736314,-0.12184249994813,-0.253313319630577,-0.704149150849872,-0.0802616903862253,0.739449267753886,0.145782793724117,1.00121447224058,-0.104566317890929,0.0407374080894646,201.66,0
79480.0,-0.928078716410983,-0.0141204353223612,2.11639319813444,-0.539426321749683,-0.668763879809498,0.477853020343027,0.628140125524081,0.250745467444253,0.199115642992135,-1.06149845304671,0.375569083552727,1.0009075131079,0.181271689168244,-0.53745866821493,-1.65182946277253,0.289887096612848,-0.535769546169198,0.193036771241737,0.230882370506362,0.284863034859705,-0.0030729182228255,-0.124405134098967,0.172881251550857,0.0392856622195101,-0.0544756272471029,0.356217514308684,0.0109545913976408,0.105789072836156,162.13,0
11692.0,1.1660024202339,-0.150712587347228,0.749598424385954,0.279626611260705,-0.569825475407261,-0.0456568962278929,-0.476845442374509,0.0662429509477272,1.80852107503415,-0.603062323478069,2.32649979021257,-1.25388880845993,1.31383001291465,1.46704141896084,-1.49010957572328,-0.545811126254343,1.0324572496891,-0.44872877945917,0.111760725036719,-0.170056133662845,-0.175176538080427,-0.0146334026078367,-0.0026055686747234,0.260625088839925,0.285936807930142,1.07354250378243,-0.0812802047570956,-0.0185451707048831,4.9,0
158445.0,2.08517487552541,0.39305057772255,-4.50820053235418,-0.311770683288625,3.51011694221752,2.45329922016311,0.220468581007954,0.543376800596399,-0.10043390489717,-1.01862219976658,0.807038106684271,-0.330547627789277,-0.531418651671348,-2.18144882463674,0.388724083120478,0.23207137768386,2.12502188299054,0.405548673555629,-0.440929511947803,-0.0869893297425326,-0.0672166613423604,-0.0726415994946915,-0.0365842826760227,0.529692767553245,0.41468514197751,0.73586965178554,-0.0582327676516994,-0.0266576195050194,0.76,0
46692.0,-0.744307618636081,1.17216877403983,1.00520206856064,0.483896209855742,0.395963507263585,0.124486575857614,0.642845074643238,0.105524641288973,0.067392782515259,0.998397504778415,0.893424840771282,-0.638498923645268,-2.14738844478877,0.581996550718199,0.885285320131009,-0.361324537371233,-0.283838564538895,0.451703215586004,0.41384257040938,0.307341722555447,0.0272704975336176,0.467966814415532,-0.173493064564287,-0.358516601813924,-0.245410029794193,-0.296602797803339,0.461710364219363,0.113822910069167,4.5,0
149351.0,1.89929592737516,-0.290465322238963,-1.34206833108319,0.0322590819537911,0.74850710833001,0.911224096050124,-0.168297213063431,0.287678138633025,0.295527483607278,0.0953511067300702,1.25474183419848,1.26762342416126,0.0403844869901104,0.528802490714171,0.187258592524427,-0.718267774351311,0.187698078721221,-1.67680174300127,-0.548414578226708,-0.283535787109836,-0.174590210405129,-0.304281442390587,0.357632490569502,-1.50041612951364,-0.502101153797895,0.303385136834305,-0.0228594587123344,-0.0846668896144658,8.99,0
76351.0,-0.810885012640852,1.1647754421816,0.301424477030857,0.508492993850975,0.0212976392985459,1.56309128907582,-2.03973814405183,-4.94921374243547,-0.719187172763524,-1.48090405101758,1.11265115638525,1.89653508150879,-0.516016167526884,1.05781364258404,-1.30898479827974,-0.214789641598622,0.233425383859735,-0.967335456436302,-1.62702931529258,0.991486428543342,-2.49866568551734,0.976897084002964,-0.116941425467913,-0.279026323592743,0.478339020390162,-0.479274772531046,0.152934257423865,0.287464719958474,60.0,0
55452.0,-0.531321005584588,0.372965465617953,1.77125192870841,0.645480877616658,-0.112479232540729,0.996072007992155,0.456165302211632,0.343952506451564,-0.0642639404427885,-0.634075964891367,0.622393596302094,1.26196434800313,0.490459661795596,-0.405052859011778,-1.27211081598911,-0.50426396056139,-0.0819269771279984,-0.0175643138483259,0.186802110254667,0.127647609541149,0.146766555456254,0.565205793223717,-0.0707104315887803,-0.268570853404659,0.242606473640669,-0.289369955311496,0.0694970758251634,0.0238251452416934,95.82,0
74725.0,-2.52679401439011,-0.343770429851826,0.201527358771793,-0.966383681574815,-1.27130294685146,-0.50299951669142,0.363637080367649,0.846123018703585,-0.223224266439488,-0.99119489839923,0.352589512508367,-0.150534934819845,-1.67543479138421,1.12146837811973,0.093586215227873,1.37914931177523,-0.642468981781574,0.579204752504503,-0.282331331477395,-0.289287094492181,-0.0101009245448115,-0.417970631544616,-0.17528574892696,0.0324677584236169,-0.409471522350178,0.719701665479696,0.186486534847666,-0.356999506823749,300.0,0
55050.0,-1.22798885537684,0.0642567167058758,1.99770642184771,0.470484783822747,0.810340085711447,-0.985705594783164,0.33477802989048,0.0250247557191488,-0.145790360874338,-0.82997203881344,-0.851109707425911,0.628168895612007,0.51354154724512,-0.295595480194276,-0.809747969442437,-0.187863334128398,-0.323502685440047,-0.493616871588331,-0.422701246711373,0.146396474726792,-0.0960237935392244,-0.426066193257577,0.0394602376610155,0.359314649883371,0.186539126515391,-0.689947323984566,0.0757366775775273,0.132843020927542,29.99,0
78900.0,1.58210073987126,-1.19767766848277,-1.1474165961909,-2.50429732307251,0.984771817919677,3.2340345591725,-1.49219618145839,0.747692272062732,-1.9844875776055,1.50153562172476,-0.242807330268215,-1.02715225075825,0.498296493743138,-0.176644241913566,0.749327151888366,-0.077728882962753,0.0062051172974092,0.396657093045769,0.128686511743858,-0.208869751442795,-0.269320764933634,-0.522610489931649,0.001929819220473,0.981586296128377,0.549879390876014,-0.190892582381334,0.0332774887110531,0.0137032478393145,10.0,0
52320.0,1.17470358639781,-0.141747977853987,0.880730425582679,0.979505978948951,-0.577941036687422,0.483769800518644,-0.725476932272877,0.302159766230548,0.692492688681652,0.0542046284554606,0.131273524386422,0.365269324535293,-0.610789953336538,0.0422504018171206,0.064963965736127,0.71534654223595,-0.913376314416689,1.06821257916208,0.172863526796658,-0.132983146810883,0.116526658950475,0.435925010988865,-0.201658554496114,-0.500140977967641,0.564763939677272,-0.222201630039782,0.0584276453157128,0.0165075239086817,11.08,0
129973.0,-0.653100553825863,1.73272194920925,-1.20513440440435,-1.36071373531135,1.38371023687291,-1.21443172474439,1.71357518391484,-0.417478382870029,-0.0242245257798435,0.394453022260664,-0.715478113460131,0.493049783537195,0.972393225624177,0.253622533900873,-0.170960961844552,-0.783375792542422,-0.509236420120874,-0.593109660584064,-0.247012870980349,0.414641934559166,0.163791457595102,0.905010745453452,-0.206961034363445,0.676860787374592,-0.0940461380292944,0.0743390533929192,0.716247688800536,0.456272475383226,0.77,0
152399.0,2.01602629195501,-0.166951626484174,-0.432470829509592,0.272522186856357,-0.317137981188826,-0.35240084580306,-0.424286307272709,-0.0726964629817645,1.00296359073519,-0.162549384591486,-0.582950108937317,1.0142395048607,1.31170480305846,-0.198598123441887,0.897620524636756,0.321153559919789,-0.764819668569385,-0.185255735283488,-0.16298607480672,-0.127820252495989,-0.137516957875174,-0.255773149693265,0.392859737120942,0.715728198910136,-0.380267365883862,-0.651713988164096,0.0362561684917666,-0.0219848585290223,1.18,0
42613.0,-1.14844296598426,0.209164480741247,0.695175832690319,-0.335457712354435,0.811444885204982,1.10216469501814,-0.316147143347725,1.02797319138489,-0.688625720850039,-0.729303008100954,1.78028323838961,0.843330475022618,-0.887586114856899,0.923281528609235,0.728271331217694,-1.62551661202786,1.50719197311502,-1.80612705205198,-0.0702409553824526,-0.0852691823274584,0.26772259489221,0.698244264299632,-0.0559888910011411,-0.932858756606267,-0.530905274758697,1.26768696259472,-0.0172774215648979,-0.05851130244595,2.37,0
133416.0,-0.717376329833216,1.24829122193502,-0.0575337419258535,-0.739923580607946,0.429755508661443,-1.09027450909195,0.98151768331194,-0.270477467103725,0.45751964898008,0.42720115165144,-0.953708838474174,0.23018688416936,0.282477753315229,-0.163778371613837,-0.363448143800174,-0.118351506630817,-0.512936907209228,-0.778544836285677,-0.0681367622185692,0.134796060879035,-0.31871385599142,-0.60796011946501,0.177457327407909,-0.119707952874669,-0.354505712517785,0.136797251483182,0.221600944158176,0.195600608773199,1.78,0
72021.0,-0.832715658577973,1.28535701745485,1.71107264653232,0.591047660738291,-0.443767093905619,-0.864349535012776,0.355577746365423,0.310657931971279,-0.79123569755052,-0.761427301855715,-0.194649362685648,0.78794903453249,1.10104124544469,0.267916954334973,0.749003895333568,0.220605773880567,-0.303845815146282,-0.201829182881213,-0.316978055055589,-0.0837325215599771,-0.0017602320811852,-0.15908622953786,0.0661215710563603,0.686878710505097,-0.319585058085375,-0.711605556503203,0.0288285186572571,0.0815660881758972,14.99,0
74552.0,-0.07865202359166,-0.509719689642469,-0.0032325945553785,-2.61038520031788,1.48128384744224,3.52302866129879,-0.747726176010704,0.515093760379339,-2.39375485167559,1.76959569520461,-0.23296076554977,-1.48402995396765,0.487074570298618,-0.479638688685919,1.09599317545687,-0.666420164278051,0.248408927232722,0.654179418116504,1.26463412385366,-0.0334546072332094,-0.183213788746746,-0.129941431737487,-0.0964770096954369,0.991230997744844,-0.358552172575343,-0.179841351643153,-0.23052426199529,-0.0747730980307989,20.0,0
161374.0,1.9283073961464,-0.217410288466739,-1.18432655795127,0.241025144630585,0.478829158846695,0.341554527058418,-0.0803963220065169,0.127239536443612,0.557479975937573,-0.0646258975713052,-0.106800506537026,0.610996731104099,-0.145326371849598,0.394347013524232,0.877944509347041,-1.02741290240366,0.60011513245395,-2.28495692860035,-0.990280657338929,-0.336900731359128,-0.206137386450818,-0.352281173349261,0.430712601727774,-1.03778617050684,-0.531017981774281,0.29665315810825,-0.0182720103147305,-0.0720986111779943,1.0,0
57784.0,-1.54147929536065,1.4300978624835,0.655373942857427,-0.321873026630692,0.102848764370823,1.38333353812655,-0.447525148990051,1.463709486349,-0.85930740800929,-0.561999120647892,1.95854911431163,1.27309194747083,-0.107370474186154,1.04013472961513,1.18470083453035,-0.645982065752491,0.888382344827931,-1.72719447476015,-1.25073262356815,-0.286754834066366,0.0614136202562041,-0.0186092638695235,0.212652922824587,-1.04358023833417,-0.518637311155305,0.161803603795372,-0.189133176339536,-0.0346082220038799,8.99,0
162262.0,1.96895955935004,-0.236547213230109,-1.05586145302137,1.29184435577836,0.321705068737254,0.62489688838241,-0.252163343944379,0.209798476970154,1.01927065329356,0.183798830212185,-0.494762110704462,0.722213681615179,-1.099146722322,0.0701431214836206,-2.27356403945116,-0.395324365233523,-0.291445178912567,-0.0582731157086387,0.843998594790541,-0.304086390945817,-0.34461888529446,-0.70174563505341,0.190227020021859,0.033759433957913,0.104144124910952,-0.830469889231567,0.024255690014464,-0.0548999012323991,6.0,0
156536.0,1.99318076975722,-0.631684294018268,-0.260209084410084,0.887438113187946,-0.770924302094756,-0.0029158523130667,-0.642772032611277,0.0031206823756069,-0.0204739840879212,0.755836959053524,-1.06613431454518,0.906616206644671,0.741393698300409,-0.544708739646402,-1.37864213188461,-2.09692540044182,0.329497118434867,0.206817056980864,-0.752471733113781,-0.612223192386315,-0.845959343262749,-1.70052786335049,0.585205869421846,0.977337939138068,-0.454696467647459,-1.16061424857909,0.081191293046802,-0.0111954380358089,22.98,0
156136.0,-2.06607478004407,2.52875448073192,-1.93819116248946,-0.840087593808947,-0.0103189860287044,-0.930428739319516,0.20742680274747,0.848882246714632,1.02558004615561,0.787244134148467,-1.14432165603429,-0.264706194644115,-0.636809421000301,-0.756876550242088,-0.0939806261518074,0.515549275945953,0.579105233458738,-0.0850151682104196,-0.332139431966065,0.546170119055537,-0.52683820108022,-1.06198306390859,0.192824863945491,0.325605673786537,-0.1001724940908,0.104389928297734,0.154596316873196,-0.198294752042522,10.7,0
144442.0,1.81808106123426,-0.533093579500053,-1.57376983151363,0.279084371961493,-0.206896527473277,-1.39864718345554,0.504184521441326,-0.411538137829511,0.782574928130438,-0.148813851815425,-0.879732736447914,0.0261957495587044,-0.894414645231672,0.634258059470383,0.203434502124035,-0.442356250455606,-0.143983851159755,-0.578781343721366,0.235044993714853,-0.0219615261407785,-0.069464805236517,-0.368073014114712,0.0810620023463604,0.0418789046621488,-0.0498346797080884,-0.0925508494339324,-0.081448947346509,-0.0409401941372848,139.0,0
157948.0,-0.558444816726526,1.02516109411149,0.11585061564408,-0.641842931385032,0.402920192709823,-1.03338293601231,1.0365551230057,-0.314423869004569,0.283755428912727,0.113365296509313,-0.805620334099738,0.16398871231851,0.0857674997778871,-0.107885804488577,-0.308866429747884,-0.226577245095246,-0.419994285110336,-0.883678609482764,-0.133281839548949,-0.0958132770093471,-0.279363621856357,-0.493078638216871,0.153631437270877,-0.0214390210804245,-0.54254505191404,0.0544298113000256,-0.597997409807539,-0.406484082294649,9.99,0
97397.0,1.97821122323009,-0.553045132256761,-0.216517386012587,0.323216160689855,-0.491049541707912,0.351285504814831,-1.03254575145827,0.0937933768974871,2.75231236764927,-0.398523964840696,-0.626628705052107,-2.60791209109065,1.64936119688127,1.12560150728667,0.164058474303584,0.882310715062827,-0.158862312387611,0.607039787640482,-0.247500605450309,-0.128715658282714,-0.154192414214846,-0.158079875526462,0.259409153710769,0.0416095602888648,-0.532123340121989,0.447783245355346,-0.0525258549988775,-0.0396947210454158,39.0,0
78448.0,-2.13040342038686,1.73740363065106,0.161523891127912,0.765752105388664,-0.787223701774076,-0.312844422368615,-0.463838552276959,0.923207619808702,-0.499643362581366,0.26738350304138,0.478832604489484,0.234994257097589,-0.976529851267491,1.14309581504934,0.647503922095992,0.41079691178767,-0.171562451131962,0.843488144947592,0.851618020635052,-0.481464145507925,0.192503342586129,-0.0301708916573379,-0.0331933507385195,-0.0361035907488559,0.10906314062334,-0.460508057798398,-1.48934438868256,-0.352550840453696,5.94,0
28812.0,1.26953994876379,-1.22460332299296,-0.531216148094717,-2.44782358442922,0.856811605598609,3.56926872924247,-1.57913431951718,0.74998374086871,-1.52150526567565,1.82803812485314,-0.268342066565067,-1.22567631325657,0.672883751566912,-0.794037635325759,1.16118099125507,0.0497789292662264,-0.178277496248665,0.898858556397607,0.38508600029162,-0.0963761333439885,-0.134714839665431,0.0634987052683661,0.348858964518641,0.958513619975968,-1.06340524492196,-0.363896477427663,-0.1269436195244,-0.339440914344649,16.61,0
157444.0,1.48108186246509,-0.279192341333959,-0.360705631214407,4.20798243992724,-0.127033268870261,0.355808337312762,0.147557818787267,-0.0633355492845423,-0.403311678191322,1.16313830828385,-1.5028767112718,0.489662739323937,0.758614113360788,-0.446207152031079,-1.97730492394011,0.301725068882565,-0.373904267957196,-0.629231297435025,-1.40891243950025,0.145369585953326,0.224766676549474,0.518948294191245,-0.10603738567233,0.0284352773170016,0.0420411127031719,0.112696270306358,-0.0330794214226323,-0.0096298722096726,208.35,0
27536.0,1.24482556193514,-0.853845232244802,0.696607763532423,-0.765958929357819,-1.22252134473925,-0.0963643915867931,-1.03702113947498,0.208005990443076,-0.649129680696371,0.766947495168263,1.43166079218387,-0.45880369915238,-0.971401404748631,0.129581667525125,0.658141223280588,1.29518981182686,0.220286178572403,-0.838847325889548,0.249003475702326,0.0514550883602733,0.400732561584272,0.977908627703193,-0.0931486903890444,0.0264774964441895,0.324413882225613,-0.0715268567679909,0.0237166982054975,0.0106117897263015,42.0,0
40602.0,1.05373848279235,-1.00065416547953,0.128861131151907,-0.494472125868356,-1.14161847326545,-0.902553070303584,-0.25969444154748,-0.149579826024819,-0.805696922656176,0.566541740194708,0.103353704678083,-1.03208534333254,-1.10720093465206,0.293427972130643,1.03572893347791,0.697805109951692,0.768368551121235,-1.92796072541263,0.0751554142588815,0.268680685810152,0.196233390960214,0.0880876521012414,-0.0746253114005714,0.384714826910586,0.293489707072496,-0.273879646670323,-0.0284046536182979,0.0375696862686805,169.15,0
71809.0,1.19881499028938,-0.20613843983952,0.016377197401661,0.563732078014258,-0.0481285875558652,0.170383706131872,-0.0789378297734792,-0.0065507025640613,0.662661459046359,-0.22817473469671,-1.94958928102854,-0.119411770118857,-0.0560614672904994,-0.129184684404036,0.0031898935556625,0.244057530415337,-0.493183793099378,-0.220221814547246,0.730287702345144,0.0380374756242586,-0.35572700186883,-1.00740819722707,-0.148058313359409,-0.992091817187076,0.491102159659684,0.26135303893812,-0.0309815547834295,0.0134018570419301,69.95,0
60798.0,0.787523297848071,-1.32090584441357,1.84975295687771,0.745373287482573,-2.06599238963152,0.631080356412076,-1.32851768676263,0.482228772302027,1.90812622854903,-0.454754708798453,0.368693405194736,1.05876443538391,-1.02742643663034,-0.906529187322246,-1.95255689990237,-0.112850261350092,0.283254008926523,0.291632197403328,0.630394533172825,0.165515163171181,0.176412791796234,0.612786548201204,-0.205725695624297,0.658298702309333,0.148828174054532,1.20925235121085,-0.0175335512752326,0.0369211623347197,159.54,0
121732.0,-8.93945871967287,-6.50717577014656,-4.56082607286854,2.05079858458203,3.53898313270495,-4.4418666803628,-0.324519190796326,0.434651092399114,0.16745008904148,0.412734463660401,-1.34611503725898,0.425525480937077,0.275802965100614,1.39248375845471,-0.122444277512106,0.396293077644416,-0.0203002131209761,-0.603647015447885,0.696593009058872,-5.56709670148967,-1.24073515909546,2.50290920691516,5.37653626869345,0.200479013052333,0.548298221680478,0.802811779817698,2.34400692117168,-1.41459976225084,0.0,0
130928.0,2.32483402591693,-1.4828315287666,-1.11381970760769,-1.8907374684123,-0.836669557947336,0.278559146365059,-1.37835364901831,0.0308436766694266,-1.2206276248774,1.71372572395828,-0.480206921476872,-0.432531277464581,0.752520838655576,-0.453889272723879,-0.641322885858779,0.0893529327711841,-0.258989599531894,0.844161462193552,0.515177392378051,-0.382319282917796,-0.175671183962036,0.0176053528816616,0.0834774231957139,-1.46145095094183,-0.13989040413321,-0.105546530221856,0.0254191947392365,-0.0689486083546651,14.5,0
63445.0,1.23672905224171,0.640757728097506,-0.369242537760027,1.36287120608236,-0.0200496917522945,-1.27229485428878,0.232727197117497,-0.179037241249833,0.0862357861961504,-0.647200414946796,-0.0748293095113129,-0.737914634714709,-1.22987521678992,-1.10330049101841,1.21778555712154,0.651140573229089,0.961415972273067,0.735987708048446,-0.617689734867547,-0.173012709774289,-0.0811660860834659,-0.217801050677324,-0.109498960691937,0.220099612356232,0.651489888050273,-0.32348635714036,0.0275977672314938,0.0549907074815387,1.0,0
52662.0,1.55051437470177,-1.2498721963299,-1.16575000457633,-2.49101609364694,0.968646686348808,3.23991838315952,-1.47050004416237,0.743448566163923,-1.98641338115452,1.49392038138822,-0.242573081428775,-1.02647881518028,0.501211479980065,-0.17294266706548,0.751383972991886,-0.0755724072518107,0.0066898473177627,0.400006999878649,0.123464481345882,-0.175573625975505,-0.259413795676167,-0.53123982479183,-0.0124810626283215,0.982425255134056,0.543876071831648,-0.192636347277181,0.030188206074104,0.0165500728187022,26.35,0
69389.0,1.43493363163262,-0.993949728422314,0.83905239620066,-1.40607539731707,-1.69895874800582,-0.69514995554836,-1.1166450412945,-0.087798059985298,-2.12821562751668,1.55810425518255,1.58326052435219,0.315962330352984,1.16605036850364,-0.320698422134116,-0.0437226339685443,-0.0869054470410594,0.206303010529048,0.252488395596852,-0.0339298257866877,-0.260236419610628,-0.291691175969374,-0.500618093530664,0.178088404392009,0.498209032513241,0.0973887459562518,-0.442996501151543,0.0434758875012025,0.0242315444131807,18.6,0
171248.0,2.10272716864471,-1.8039746594,-1.08507891893823,-1.75164250563795,-1.06428487191059,0.303987335547043,-1.3274192005413,0.0821952558266733,-1.22472133164759,1.6750958959211,0.0784020639288706,-0.474145479986535,0.20220489669884,-0.312173008753483,-0.58814391996706,-0.0621884978050367,0.0113052918734181,0.717684349526931,0.225015915310396,-0.214368531254,-0.0820954957185013,0.0081240719247998,0.132774009425254,0.0063907490584182,-0.268468522532345,-0.193495497937374,0.0007193502413443,-0.0392010413367285,108.0,0
81912.0,-1.20944922584566,1.78469513119472,0.867050672999258,2.55560627417231,-0.538288819877014,0.673492430238882,-0.66877589444083,1.2121769906282,-1.34027636665169,0.948051516061856,-0.0477971555188266,-0.13538628152864,-0.336601858181626,0.918428161928414,0.821207499073872,0.883065605382499,-0.333781680466339,1.35418923358205,1.10267178877199,0.173689109098417,0.236191086513401,0.561517513822215,-0.108717442394004,-0.511706507433066,-0.358363815096979,0.291475255673714,0.2864698224539,0.134962618601878,12.86,0
16568.0,-0.966797709226374,1.44467732988037,1.9341356391813,0.630253432085815,0.0678201882884065,-0.98684054014393,0.596062392313791,-0.27122482882865,0.632452201822393,-0.624432847335671,1.24513497980196,-2.18802731545352,2.47134022317538,0.869113038790217,0.51805251107357,-0.0907258885505564,1.0951431928513,0.0197897334736777,0.345020714684771,0.187616068334315,-0.371696746666642,-0.788172928899305,-0.0760907290949406,0.63317944659149,0.0446118755369038,0.160020208758786,-0.0128469088321718,0.16194791435723,0.89,0
137015.0,1.98889674905923,-0.270843792361193,-1.00142712623174,1.2885997028546,0.239800441330795,0.609164043312446,-0.362339705643274,0.124858771988395,1.02373727578346,0.221276612374576,-0.695117972912798,0.977047377886541,-0.0082062920728076,-0.205134715520801,-1.99743740804262,-0.307444123086432,-0.556655848647331,0.556249346299887,0.480174217498581,-0.263406036023646,0.237938744931441,1.15595543373464,-0.239266061136786,-1.03537601059909,0.570397984853685,-0.196755021665722,0.0454631371610785,-0.0717353223407112,2.0,0
102127.0,-0.563832437504923,1.01000412061039,-0.818271325212055,-0.262592391782426,0.779160160510171,-0.842687047427804,0.409652892105494,0.280811684573839,1.36515848851725,-1.27488590126854,-0.288956607551327,-3.2220573479244,0.477027609670297,0.932787601453519,-0.828921714089499,0.553128672740242,1.245579696093,0.327724798312665,-0.318765622327445,-0.268410487433081,-0.484346346369818,-1.15050828703418,0.439657044048874,0.266952683965538,-0.375653024380339,0.0928257591925003,-0.0279174149638723,-0.0270218180812804,16.99,0
138613.0,1.93187023975228,-0.458461437492101,-1.76579729231704,0.700339185179725,0.0504794445653518,0.0395546842989139,-0.559365289431705,0.0699584275573489,-0.503554524852723,0.256548678072929,0.225899785641305,-0.158730866611751,-0.0068084601627203,-2.04110869473385,-0.18886793639572,-0.199859852917672,0.806980032428964,3.05141396020933,-1.00220942050807,-0.425887489411576,-0.402870748312203,-0.711328924537427,0.0313363666844806,-1.36004152874588,-0.113834567650154,-0.628571213568821,0.0756129787920324,0.0097728624107165,86.2,0
123807.0,-0.538507475278105,-0.0163252619444531,1.26624730176582,-0.883026571521691,0.593632008111931,-0.262904717833444,-0.0783732800642722,0.174709400978584,0.691426497805158,-0.973645406992903,-1.28746588884901,0.0664522993969303,0.0664395384482332,-0.301463950537641,0.134072925682105,0.065222094489511,-0.572245082193152,0.278469119594919,-0.284265225389643,-0.0081580733978813,0.309400837551708,0.920685551242077,-0.0953480810039488,0.645707859851131,-0.461955749681887,0.0183505446479182,0.175061619304814,0.203057198765059,1.0,0
62066.0,-3.068888028359,-0.43775728446273,-0.768928293826092,-0.499062251561566,-0.0142497856628056,-1.39523467770167,-0.0923205870015878,0.757390508770734,-0.704814109231846,-0.628537298852384,0.626912309066712,0.966053024843394,-0.0626402956019285,1.23236828910067,-0.422082192297732,0.970427313706654,-0.466977963870344,-0.234827739675712,0.133176902657746,-0.555847011429624,-0.212912419664112,-1.13631225479833,-0.60035109358033,0.0787416386771069,-1.18596732142609,0.264915237082221,-0.608963362307639,-0.662814987382564,67.0,0
125949.0,2.23256889877194,-1.75472989692131,-2.05378992421349,-2.57529547736676,0.922255172709348,3.62074645705312,-1.86676113512394,0.888080385492911,-1.20312349249189,1.56095495634965,-0.241921887762413,-0.702749346423657,0.386247659476919,-0.361122036053987,0.33946979479474,-0.51679418094979,0.352871861371108,-0.121982482180174,-0.350931378618221,-0.321015715395536,-0.134984478598651,-0.0054687895457046,0.283987712811638,0.684805877155775,-0.249625410790832,-0.157417788036264,0.0433824161056003,-0.0479184756087119,32.0,0
147003.0,2.2734487624701,-1.47250673123633,-0.750280078236798,-1.46151946807948,-1.55856675199514,-0.910830339575985,-1.20932868355614,-0.192492344299478,-0.947744506237186,1.58379435816598,-1.30153063646594,-1.29330513729243,-0.439335243932493,-0.324270780694307,-0.0165312100279555,-0.417306353078623,0.470964472960486,0.108351409726469,-0.129591784088376,-0.473262265715538,-0.172055873107631,-0.0275672035203545,0.238019345343235,-0.154399389997729,-0.267747150945896,-0.168922045481643,0.0132118648296345,-0.0479984881535251,26.0,0
121119.0,0.566183117888815,0.860593002743356,-2.74765173134958,-0.848411828782431,3.54918003717357,2.88598291790639,-0.384276350999766,-0.0486008604507348,-0.110793896349163,-1.5176969917704,0.845259443368862,-0.394681840961587,-0.424593728563849,-2.17268862579454,1.42331613295053,0.599475636754022,1.79678142986543,1.2240500644631,-0.739930709174745,-0.163344946239661,0.896351029698696,0.0902369230586227,-0.667272711141033,0.510260950017314,0.505094515255427,-0.0297309904685929,0.320081835885284,0.364359175402477,1.0,0
104782.0,1.72724548279983,0.129282010530517,-0.324344662158279,3.58869861725118,0.637384881492569,1.54101814945514,-0.498381253529362,0.198327597733005,0.429347867242731,1.14896697977249,0.643858868986246,-1.8851557326753,3.09111166064281,1.25509457056957,-1.4983450360115,1.86967757766229,-1.08831830471838,1.15819358762652,-1.42580888495201,0.0435559671684907,0.0952843508292497,0.310576615036188,0.0055628605559308,-0.409692159772733,-0.170540378839197,-0.0430777455034509,-0.0401860661101173,-0.0304313348545983,108.2,0
46197.0,1.03535418772997,-1.50955468467342,-1.18308173040367,-1.4633730456874,1.12663645568928,3.58076947886419,-0.945249510285973,0.815598178391355,-0.535730208545827,0.437903697651721,-0.34757542928364,-0.47201223918243,0.0614873589869753,-0.329326474899992,-0.204759281597358,1.02632837465821,0.150787640000548,-1.29482878997111,1.24718522282037,0.598944521191944,-0.014358886497594,-0.589842498912307,-0.189065659676683,1.02644127765013,0.523771823266084,-0.339848839968769,-0.0161710442122364,0.0471725149394167,219.0,0
122678.0,1.84855783783937,-0.47891735120126,-1.00679970789326,0.646238715681475,-0.37573987662462,-0.882943337069439,0.0463048907070876,-0.234385544624508,0.765361174000825,0.0632790253872154,-0.928348128507693,0.113749109208225,-0.35875806527851,0.271045615078674,0.306666818298609,-0.0006706425607284,-0.331964797668374,-0.422246378158211,-0.19266109846321,-0.0622359552524438,0.03650282217202,0.046353906295872,0.114274971889046,-0.0636540163432483,-0.193171345422254,0.259018895769558,-0.0625326368309511,-0.041769738932669,100.0,0
130948.0,2.06865637397,0.0856449399389421,-1.68134806583234,0.45164919794974,0.269406817952361,-0.966276136415712,0.113208161342272,-0.18148422365684,0.650881319330837,-0.346133320288348,-0.660210484779858,-0.394897192937347,-1.0359514189302,-0.623078798618832,0.316292533411384,0.337010544724365,0.572747349419844,-0.208728657085,0.0216341623998267,-0.230401601466175,-0.370818946560333,-1.01384176268925,0.366299214143354,0.60897571479905,-0.308150699044724,0.16898478435512,-0.0694709070768746,-0.0318828642429543,0.89,0
130385.0,-0.313842706174984,1.06267303884287,-0.0874442469513776,-0.544053542601574,0.0722551546906236,-1.09717769677023,0.628876253788056,0.268017141945184,-0.152419743056789,-0.635121697168294,-1.09537656148234,0.0940008461250423,-0.350037877068493,0.517866008192899,-0.348679056082832,-0.0091548898140089,-0.160198629407854,-0.745587519210009,-0.159139009287247,-0.168221354044261,-0.21361585910841,-0.593559370723804,0.15062443307784,-0.0332073178511315,-0.491864595974202,0.147084917911091,0.120263585598624,0.0334409588759945,9.57,0
160503.0,1.98218638834675,-0.43210249981628,-0.474227939351677,0.183239343837614,-0.611469874966574,-0.326045902914439,-0.681142597352136,0.108647872707986,1.29679677889048,-2.95922597205178e-05,0.433994751710967,0.48957938132381,-0.885529406138916,0.389483889314539,0.498785047499544,0.493565449518587,-0.97850839471729,1.09156158031474,0.0866239912845621,-0.284987638556002,0.243401872098429,0.829923513485768,0.0878373410492712,-0.36188617535861,-0.0836063689861,-0.557831090182203,0.0494054922552857,-0.0488372364132524,1.1,0
38600.0,-2.58468141289047,-2.7861124108167,2.57520555392203,0.944437475111281,1.18535320029135,0.0074951840661907,-1.68848471876546,0.755159414874205,-1.2753924773328,0.499435903898858,1.07373157022953,0.441981206036714,-0.116778622164055,0.0279711333726575,0.602662577047949,-1.98517096428652,0.520097795354417,1.42073199879187,-0.722407378216576,0.5669805073805,0.0719183872708765,-0.213510319936945,0.72199220675534,-0.374906166780309,0.0794345465513955,-0.223847170633246,0.0317700082569344,0.140354689396625,172.0,0
79340.0,1.18439875250382,-0.408148556758941,0.779554955008437,-0.974541211068511,-0.74576722846419,0.173771396759757,-0.715152542665445,0.235658816596916,1.47959889892415,-0.974187752563809,1.3014667023568,1.76102147645791,0.578312619224303,-0.0761486040864054,0.77452946375512,-0.474036202018705,-0.274684536669317,0.259537826655843,0.606402384446049,-0.0930922434319618,0.0530546492958157,0.435261738843057,-0.0671830443868209,-0.26598183898035,0.463624112356337,-0.656209137891301,0.11023899917233,0.0198070142755553,1.0,0
61236.0,1.21573095119173,0.291870655285395,0.273191870555505,1.13436392038447,-0.318794295711874,-0.971737595084896,0.212527055459916,-0.215954782316155,0.0374362630780158,0.0191663560991048,-0.456140987724848,-0.0094745368175157,-0.373693490610672,0.466918129576954,0.96236935593381,0.0680727765399742,-0.403960240240361,-0.10324045313076,-0.373152638819421,-0.138126684836015,0.0321081632848952,0.0885035110018497,-0.107298451821713,0.388476162951822,0.669519736614527,-0.328749745561576,0.0085334145677137,0.0221169569105172,19.0,0
37765.0,1.35511567833871,-0.759546079886087,1.35621000903447,-0.622940457525123,-1.76751797474289,-0.522416399194464,-1.32412055948455,0.0380277329997613,-0.177540386910183,0.582668664671131,-0.34047331624149,-0.607672158186903,0.432129676758161,-0.632448976293415,1.31187049439569,1.70310208791794,-0.0536541624212735,-0.639404553772622,0.103840178172104,0.0994563656150248,0.434454982260272,1.22272994333544,-0.0810509055860712,0.437043360076575,0.317051164250445,-0.0425586718688668,0.0582817652811953,0.0330607206581744,9.99,0
72867.0,0.708212280459368,0.228377965978251,-0.242788135661491,2.63651786989494,0.754218372044776,0.985265938128852,0.306012750504195,0.333723000404251,-0.972336419923619,-0.0066107460584395,0.99889746335872,-0.0038880409202092,-0.50678660963346,-0.498521742623423,1.53108802298154,-0.495649682010405,1.70959347571291,-1.92054982605963,-2.80672137382192,0.0055579205900273,0.115729858452193,0.117036817953379,-0.0287546862255472,-0.748222433644788,0.185444643177854,0.101142933688408,0.0281061185904132,0.0545430533834164,151.33,0
31728.0,1.03941705430891,-0.532943257720473,1.48961919814287,1.68931163629729,-1.29017300330148,0.544911376560003,-0.982356021231646,0.365745411825074,1.74496295864915,-0.309786869801629,-1.86876477163759,-0.158435707613424,-1.46019942641107,-0.66461179970958,-0.969171219427669,-0.169914372088507,0.113867312438931,0.149362975552727,0.17924362061313,-0.145158185380456,-0.0592253082446261,0.098499090644077,-0.14839934889184,0.0355326167631798,0.508459761497243,-0.227413616269194,0.0833825012616149,0.0403786298334517,54.36,0
79056.0,1.09966892166204,0.0848930891529679,1.02641064144214,2.34575259553189,-0.182489886326272,1.16256185294465,-0.624478274723625,0.364943160706315,-0.108381129698061,0.641443551857223,-0.260466913924172,0.594531706262492,0.397473933012879,-0.326648756348203,-0.939337474285573,1.15147793178564,-1.10284711597435,0.654448942702938,-0.124825939208975,-0.0303566125020639,-0.0882909889810623,-0.196005081168325,-0.143734360426322,-0.828177194151893,0.418932138377344,0.0069339513746467,0.0326486881143101,0.0201709680763564,34.21,0
108936.0,0.190817053655602,1.20364324986532,-0.496339287427112,-0.500542693787056,1.39868223392373,-0.335290316740686,0.916385868827136,-0.180374036341076,1.13458151960761,-1.2390084506942,-0.077323967263567,-2.30289681350039,2.6952457388075,0.197732430298579,-0.988857133400078,0.37718549986425,0.878867417097068,0.050722170604824,-0.279742155906018,0.0443946506447219,-0.517067314355252,-1.03190938034549,0.0218171349069508,-0.113514983301998,-0.34661636102572,0.113469891118917,0.205009926664322,0.0730045509178634,1.29,0
58163.0,-1.71081653051445,0.184604531093356,0.619014482743594,0.983214035517323,-0.0847166058590903,-0.0845901796628901,0.961897342349356,0.564285263098082,-1.2080221222993,-0.385069989112708,1.28860705343555,0.542616878599735,-0.636886322373906,1.16091956614709,0.569211360759191,-0.289742287824366,0.142557054158988,-0.158427326519379,0.588775132296573,0.670618350440271,-0.0386376644727867,-0.82220131281454,0.587492301827292,-0.0732044953763294,-0.0968570386636537,-0.656085715153999,0.169873958038286,0.025059369791054,236.84,0
66507.0,-0.39906113830011,1.01400200667331,1.18049275116357,-0.117227138267735,0.309388049165845,-0.511234238290354,0.551343712144575,0.102218272916414,-0.623242340779827,-0.334166008792873,1.1851057847746,0.494543547415618,0.0739271217285776,-0.246456494102163,0.221968303167082,0.675137927868281,-0.36109638474845,0.468711349285808,0.325299573719293,0.145366030855691,-0.23056314129797,-0.64320007293784,-0.0618974160269892,-0.0540807889132015,-0.145125705190071,0.0752605543831688,0.239871713259192,0.0857393616061423,0.99,0
125397.0,1.51281552956153,-0.818077730153389,-2.03089393300669,0.510734226509375,-0.0438902529412757,-0.676349376170821,0.277195440996912,-0.110689317921042,0.889993429703046,-0.82227055904656,0.863138433170171,0.415364175548329,-1.04210845430878,-1.17314535612328,-0.616658556797852,0.331618805600055,0.938885632843719,0.748335337444011,0.370509325728375,0.278660720480688,-0.0788450337772682,-0.591069327247206,-0.0690712263321326,-0.535299335767242,-0.186799628954457,-0.105916037465533,-0.0585472436553678,0.0090245309249062,257.0,0
66696.0,-1.76611774287924,1.80394963752769,1.27032123079741,0.875094043451343,-0.42465193174057,-0.297464365478726,0.386986583044698,-0.139994343522651,0.496160082332577,0.734810023655043,-0.790193687560476,0.20086795999457,-0.0238188157969675,-0.41058598469591,0.038163817978137,-0.790691070007819,0.159800481513308,-0.357836150810382,0.907919253863801,-0.136288665261782,-0.0546828234466669,-0.197212566850783,-0.0557408489273917,0.374983645995115,-0.324504332400765,-0.688384070186561,-1.82734755342794,-0.631623297157171,2.66,0
45182.0,0.794234940458065,-2.52582069742671,0.707012850241272,-0.706442754565317,-2.07327778408066,0.725427009237662,-1.15267294786995,0.0243053250340296,-0.62058805077211,0.81392565590903,-1.96753590639395,0.246432224559826,1.82965301263355,-1.76075757951039,-2.23363056627405,-1.09684953316378,1.03572392877284,-0.333655981489816,0.762877272735012,0.458731535925509,-0.292359756943302,-0.722903867741055,-0.370336165404189,-0.391973406594805,0.394229161511406,-0.200888923461672,0.039132740838694,0.0847653963636436,365.0,0
160231.0,2.06187764617523,-0.12531300661055,-1.35169480285436,0.120203624662529,0.308691423382565,-0.382717815353297,0.0560559052680945,-0.118726242675457,0.320890526793539,0.232775359206751,0.362767376788435,0.939135929517584,0.167903609117372,0.420987631102203,-0.566410898361993,0.243613633882271,-0.752785014384745,-0.231640851013342,0.639766530559043,-0.191353383300938,-0.279072288850771,-0.692961773572242,0.242878362023875,-0.799500096579348,-0.243555602384266,0.228860047665382,-0.0719562468998054,-0.0779446451328906,1.98,0
114446.0,1.98943926080629,0.168151282022479,-1.90567174419303,1.25076429008999,0.848977219978673,-0.698587202341637,0.787715230977561,-0.467905839008866,0.0283665500415279,0.195650707168768,-1.35446402972466,0.853666040391827,1.2937855994663,0.218515423314926,-0.618134345806422,-0.596080926014411,-0.461206663097016,-0.597705843824937,0.0157181442207309,-0.0933527834257763,0.0484124225193322,0.337713851961004,-0.146335221606403,-0.667286519635168,0.582709106025885,-0.455789126919569,-0.0150104720754939,-0.0579847669132282,54.96,0
128424.0,-2.31447049333605,-0.787032167649217,0.247367688110974,-3.01204799004839,-0.964871065702005,0.1851968387763,-0.899223776196969,1.08810015312375,-2.30709070080772,0.536676312062646,-0.288643626460889,-0.553077399259567,0.145818131192005,0.10618783745913,-1.17927454854004,0.354875183773497,0.15653234942248,0.842677376691983,-0.428301923714678,-0.0640154140286495,-0.0830333108019049,-0.261235181154154,-0.389869319388298,0.11573454783062,0.763219787740847,-0.138018964201383,0.185976533433972,-0.128024693208648,114.0,0
133783.0,1.95513807525082,-1.4192809866413,-0.755064307281771,-0.886642895091702,-1.08487037142536,-0.228971624053715,-1.02095891696327,-0.0266556839988168,0.20126399798245,0.721891351203686,-1.1195147499944,-0.943211561520087,-0.102624256387347,-0.381050864520965,0.711417065232004,1.53321019870361,-0.124884927737373,-0.733292166161227,0.36930763007885,0.235354937608295,0.440171291787135,0.983559395763739,0.0311674290294904,0.502729110017139,-0.204398907845544,-0.094599049004918,-0.0155840709287227,-0.0202828940295347,134.4,0
3632.0,-0.617785119890007,1.14317137773988,1.6337320411443,-0.0939305282331558,0.37021347812722,-0.315955323545862,0.741067484881709,-0.221987743658027,0.917331742272103,-0.010237631212104,2.1500976716583,-1.79089527394201,2.1250689517771,1.37497098682924,-0.569661610245798,0.340738887951228,-0.175438616777803,0.421500777775491,0.196434951197215,0.310506864089074,-0.425503625649635,-0.687471523209302,-0.0866350303376981,-0.0713931188985135,-0.157544964389379,0.0108167764125042,0.1855236600544,-0.0565250493170979,16.99,0
159334.0,-0.296149166404283,1.00867967901542,-0.333076030589931,-0.608138810852765,1.08334524175263,-0.187558340644475,0.774532088153624,0.187379737157604,0.0552294946279746,-1.04422646584443,0.292265980913285,-0.522633538181819,-1.72961318779089,-1.36775865381546,-1.34003600559674,0.463132200213434,0.819975161989979,1.16558641605132,0.203953558793619,-0.0200457224915938,0.0254165655156194,0.305899857952517,-0.312400805593583,0.24079864276051,-0.198160735442683,0.555744991347752,0.362747935439608,0.252833968802059,0.99,0
36346.0,-0.634011212164573,0.555985010373127,0.829154951674216,-1.74772849824113,0.279130576265089,0.792217975339273,-0.826181308656156,-2.33364605992811,-0.365674870338491,-1.51823015731135,0.24698688070999,0.300809199183279,-1.20920447845944,0.89406586005676,-0.183686818752923,1.47873115548928,-1.1900791270325,-0.218933913051358,-1.45205387456883,0.459370830539592,-1.62198779670052,-0.976576465154714,-0.180051845621977,-1.19992542216211,1.14821146320814,0.411944764926117,-0.120555393349653,0.128903163734664,40.0,0
27366.0,1.21415411555369,-0.0585743801291874,0.711433880643741,-0.035993118430507,-0.750376385432437,-0.736641111271166,-0.267097418055793,-0.0562658320581883,0.347428283620424,-0.262291467970693,0.310675034653642,0.491802453330653,0.195628135029886,0.149681894058326,1.46445279692517,0.012139110670482,0.0248571120243917,-0.991299668173892,-0.454227380219947,-0.0951486727351286,-0.0823203765462218,-0.187922862583255,0.163899179716348,0.466856463481629,0.0055252401367562,0.913219395140245,-0.0532104706154305,0.0099401910638936,3.84,0
118829.0,-1.8362750254491,-0.305666976584817,0.745030310483323,-0.831230213050192,1.31518613207307,1.77156968327547,-0.180490329201159,0.89613144629521,-0.0072045181241583,-0.441877701649116,0.685298799241334,0.680345251030488,0.375631088107953,0.0574649555213536,0.716639654249048,0.0694293322736505,-0.392097106384716,-0.28837892628865,-0.959311198744143,-0.0503066665697082,0.25383026056694,1.07858415330979,0.362593530060854,-0.910256269737064,-0.0496269453062806,0.460832265773471,0.0606442017238585,-0.196918466707128,61.76,0
126682.0,1.99281887688879,0.133886477826802,-1.72636144910056,0.561500185779473,0.148101143590035,-1.51138701774825,0.341750826284911,-0.424798202253967,0.535386842813261,-0.497199608860742,-0.283132503769682,0.248072511027564,0.339231976707732,-0.787946008073892,0.864135447285343,0.188373616169909,0.381487693106462,0.461974003797629,-0.44879789543418,-0.11755757732962,0.22015911849013,0.753324323432709,-0.0526264279174655,-0.0064414331492862,0.251358164269361,-0.108683397667714,-0.0064018671718581,-0.0245214170745301,36.63,0
50881.0,-1.8717756142551,-2.19367328847172,1.69227523653262,-1.20302645687046,1.45504928742705,-1.27007850325475,-0.443244197261599,-0.386407993405245,-0.662071411552631,0.730537391125148,0.771212984563071,-0.0792715276195172,-0.0320542968158953,-0.849087381062164,-1.60806578808299,0.867075845361593,-0.147219723029124,-1.12475283292018,0.934524399227773,0.153651314049921,-0.0032586136210607,0.264747353732017,-0.253760313186806,0.050039280978163,-0.0349316368548176,-0.475677033756455,-0.246355774963804,-0.233157298010288,100.5,0
73018.0,1.15502005513589,-0.0877870787284635,1.11301603621955,1.20757357126568,-0.808010637491987,0.228281754815165,-0.7406305798189,0.292215926330634,0.626402401216987,0.120185048694123,0.52774095893673,0.396319169075495,-0.901527713504254,0.106503738745355,0.0113214719334952,0.620806384528372,-0.736156072669436,0.921347980168452,-0.064205340784806,-0.183562323652135,0.139802685447913,0.507070703700609,-0.125359236629799,0.0053506702899949,0.488751416894826,-0.236148889833666,0.0580874893521875,0.0196268764205685,1.0,0
68969.0,-0.692762895043067,0.978855920940994,1.86331996464657,-0.058553701047418,0.0404818992081199,-1.08443867764465,1.05744125444123,-0.5394316696483,0.187943466670818,0.546559449770883,0.0600213274453923,-0.262256218146422,-0.349379956814053,-0.312101528487314,0.947728063917639,-0.0745801207627777,-0.486416373334141,-0.502751879288837,-0.111756859322878,0.270073961680425,-0.346080394615072,-0.512448004049076,0.0668275033947266,0.679963954871911,-0.231238531349264,-0.0068291057074107,-0.0624648343305434,-0.284895755316926,2.69,0
33365.0,-0.651263279955987,-0.336935067565464,1.5928115235583,0.98736640992884,1.05664088448347,5.54053663429218,-0.280091191446387,1.14129459084369,0.711948330295793,-0.384975360056476,-1.1282947695316,0.0207136951844617,-0.193463988951378,-1.13089028884795,-0.577441369355252,-0.990376368820544,0.363585282169336,0.645915836773382,2.36375967036544,0.727628865781821,-0.0046257738405019,0.227632131715352,0.0015663217272867,1.04187894228107,0.464888560924417,0.0411221372059375,-0.0275891314286544,-0.115065987524322,188.79,0
81562.0,-1.67182889494191,1.9876862635581,0.383465962420382,-0.0310372274240345,-0.57937648762408,-1.10697287056861,0.198158341531922,0.573795824978527,-0.0392662418536882,0.168259071173129,-0.314371458869937,0.290352464311939,0.429232713194722,-0.256848894197071,0.877550193055964,0.483046340956511,0.199904045381262,-0.163431459021043,-0.186317105292768,0.34854560756709,-0.326135467842505,-0.742704079607842,0.0558897169752789,0.325635767984929,0.0170076451510041,0.0611149833080384,0.169095552811431,-0.0918299435633589,11.99,0
7069.0,-2.79830886946428,2.66202703124139,0.158399242804539,-0.0879791112167029,-1.01617735089091,-0.405807116840417,-0.728882670763391,1.35095047230449,1.10342695063124,0.341612994861637,2.29094847430112,-1.29212587270565,1.54327282124153,2.41034952618483,-0.366224160936913,0.267708933748895,0.901250745989263,-0.0520276172363824,-0.459362898888807,0.146147658484737,-0.230050059500889,-0.657674500765213,0.248251434260588,0.119985945101614,-0.113344121598945,0.0191228370929439,-0.110947925038271,0.150003031479896,1.98,0
146546.0,2.17918919134211,0.123898016797361,-2.66494316755128,0.361496346314248,0.946720611800271,-1.2803414565565,0.853208788000118,-0.473283137172329,0.110385409316638,0.318599701474473,-1.38112175046956,-0.92844213485124,-1.84971547300012,1.15282040721795,-0.0169615234254502,-0.612620564336591,-0.141345171377543,-0.343597907875411,0.141980581795863,-0.334523497378122,0.219450957879311,0.718030235389699,-0.161244281158229,0.527938986659719,0.685891423665204,0.711880436514475,-0.139623955694408,-0.0932395371215165,0.0,0
149049.0,-1.23951908346167,1.69984043618512,-0.693127186064363,-0.779936992128457,0.682900626286918,-1.32677224444525,0.981631102011628,0.106865506151157,-0.151185281760574,-0.745161574666954,-0.521520456446559,-0.182720942715872,-0.53484597123581,-0.754261244909985,-0.538232131743252,0.176737962302431,0.697619533525937,-0.244870877607753,-0.655726705428577,-0.160371334829612,-0.125740418018224,-0.305698563320203,-0.0646411923819234,1.05636161940851,-0.402407087797529,0.0998158461174255,-0.646713590703324,-0.329797454310846,2.55,0
137083.0,1.94203514830815,0.446380162307295,-1.03368496191167,3.80534876559546,0.978115251755301,0.830078327379921,0.21290247768981,-0.0407731502947791,-0.615137058030891,1.25455900677479,-2.17170481736514,0.424355068258945,1.16669647669518,-0.47975792931744,-2.44141970205399,0.17314708420889,-0.540303896323625,-0.625784765665207,-0.822608200236009,-0.170231950543537,0.0301398970586887,0.397268904421487,-0.06807869332394,0.138771628330358,0.459752267669066,0.191618132356111,-0.0267863979224721,-0.0519461255395947,18.92,0
28852.0,1.41438131451776,-0.703942951578515,1.03254048927747,-0.82697430116776,-1.27056632829838,-0.0278507639623502,-1.26807045198492,0.0286702711700828,-0.282622251014481,0.552522254346429,-0.902379875989613,-0.311369314912854,1.65030843967268,-0.895622162982325,1.25427991798098,1.895246392109,-0.417372741235241,-0.499862404991109,0.410383067353338,0.194609614431971,0.392118602148302,1.15820631388176,-0.197580512247767,-0.381811918775349,0.464182898308556,0.0061464525589773,0.0642944646557479,0.0267846562796496,9.99,0
44296.0,1.15944678911673,0.316383394781261,0.65309676082838,1.03749214562176,-0.41194873337441,-0.677034556632965,0.0447571807621045,-0.0611313365195086,-0.282996069090923,0.13486016827883,1.62423921347406,1.21729584648843,0.279158123108063,0.478557590754442,0.285573037634469,0.351253260495367,-0.67826161475029,0.0496288860772416,-0.0805464320771766,-0.100511730949342,-0.157151411403401,-0.493764982420922,0.105500082829973,0.495254512402314,0.320895422087381,-0.662319357490432,0.0221309468881927,0.0234706127810885,9.99,0
17756.0,0.89868701238747,-0.319026889882258,1.40492725395781,2.07170139516442,-0.892013814724609,0.485900424581535,-0.522999649024473,0.173441133427229,2.53568783443326,-0.820479549266884,0.0973710798965522,-1.52440646467556,1.122651422944,0.771909636220644,-2.43167406974909,-1.25010620858433,1.63949650483191,-1.14410568233585,-0.176710749179781,-0.106348133987873,-0.49651362352723,-0.906774157358227,0.0656457093726748,0.345254226955234,0.321609609263184,-0.576706816105226,0.0478910481823073,0.0397162842710194,94.0,0
131481.0,1.97902830505153,-0.546440499927247,-0.249837413371125,0.495683823596717,-0.913412277603141,-0.510713160040942,-0.743818351736188,0.0347360932415717,1.44398270881315,0.0330500180044686,-1.19099391463399,-0.25759140639109,-1.00437150265488,-0.0289606973418358,0.525739874145057,0.331943901572629,-0.38363940596487,0.068400449840853,-0.306512895153938,-0.267169165298719,0.150582194758337,0.607271021202,0.175080117986944,-0.0569062781528648,-0.327067267231489,0.579634437440731,-0.023884417612066,-0.0500987969740254,11.5,0
120374.0,-0.151893131672895,-4.24361769781762,-3.8354519104503,0.367865868302724,-0.669009619337988,-0.567414643064004,2.10269678284885,-0.805636463272875,-1.69785766039662,0.602037198685429,0.90147512178098,0.934428605830547,0.957538987831933,0.997756875556371,-0.934010834595429,-2.01096685960109,-0.0238255083312932,1.1818884364391,-0.844363910927124,1.93545135371848,0.700337405100241,-0.146102900704771,-1.14580344732806,0.862268223229305,0.0513481744090403,0.836171558603871,-0.353406106354056,0.119492146109691,1233.2,0
153721.0,-0.674887209977405,-1.88881537723573,0.779107845974293,-3.0906877381914,-0.0754125050946282,-0.845232952277728,-0.77806794021884,0.170471751150938,-1.6354960502054,0.722921673907421,-0.0195095742626516,-0.605009791519477,-0.241244081165041,-0.397241873466779,-1.74158821957697,0.43074592246944,-0.490087674381337,0.499535962912054,-1.1866960848613,-0.16610592575599,-0.0874123064442131,-0.338456612005178,0.654538712070681,-0.511708017228418,-1.44747366700019,-0.870660540526,0.205800239337887,0.27661305022946,94.5,0
78007.0,0.94634878315265,-0.264526532386824,0.68966540061087,1.09659833883793,-0.368041043748002,0.581925276966757,-0.336186814166699,0.215991666582741,0.236851353897803,-0.0529244287393954,1.06700229318103,1.40946070147475,0.754509083729587,-0.0448164138575089,-0.0381090676204145,0.0282844765871612,-0.453492657222061,0.15124080267838,-0.332627637952885,0.0895068020402185,0.241431858729675,0.702005575687684,-0.247661125733903,-0.246103681272652,0.570226049348847,-0.204210833175032,0.0522648936396462,0.0302035456342044,99.71,0
55155.0,-1.13343205269464,0.858142735011553,1.51666699491224,-1.28804092921919,-0.17650843087972,-1.06705028690695,0.743313683601984,-0.152736806974835,0.109758985487777,-0.344642956387061,-0.287586443407366,0.465371120584984,0.967454517418484,-0.354924560983374,0.445809761747708,0.544699442224197,-0.756098547545933,-0.482606257923748,-0.706092084684173,0.163590536752213,-0.106558094189565,-0.123656253342124,0.0494118836617186,0.436232981555995,-0.235720260063829,0.713567074999981,0.25250579723407,0.262031187261883,33.34,0
133060.0,-0.709582483349351,1.69261604052892,-1.65331357754789,-0.746919206028328,0.770918346599087,-0.380152202945084,0.267804537638342,0.784679880190106,-0.203190049902178,-0.98781980031454,-1.76818358489568,0.165349746937986,0.838927233083228,-0.621014134899259,-0.28443746696234,0.825515660926008,0.299020171961154,0.105298449154877,0.10588608528328,-0.0110322818392932,-0.349333884247182,-1.02289188130721,0.0733754231477946,-0.409640499893342,-0.172577332053595,0.182085984434383,0.0904921388735065,-0.0022189688359573,9.72,0
104994.0,-0.215924634027146,0.320476027079799,0.855558069431901,-2.98047362594898,-0.1926742617686,-0.275222279117536,-0.480028319982595,-1.62699187987892,3.07444793502215,-2.3149683804539,-0.0280077512133551,-2.10325397003865,0.895527550743596,1.54032444891613,-0.310432204674255,0.188316606976864,0.0420440725484111,0.0602682455565423,-0.962898226352139,-0.63086163173128,1.13005181622393,-1.41898816543234,-0.0048566123853157,0.487724110034727,0.967983197981418,-0.638914300760375,0.136494287133281,0.204486185310766,6.95,0
89261.0,-4.22782216452717,-5.03380390361186,1.99318607635688,1.28208505402521,5.09241669885107,-2.63333244635236,-2.89740135674046,0.477110028093472,0.425555222749612,-0.0883698245764021,0.634945328762555,1.02738336189947,0.106141377352061,-0.0160401460336829,-0.168136495282786,-0.869828358636433,-0.0446378748255842,0.849292195111823,1.3704148466587,1.67674637559469,0.673735481381494,0.649339272554304,0.572079721380162,0.743923378938585,0.977053244521073,0.112504103895797,-0.291113444231371,-0.0512292136673661,70.73,0
124826.0,1.03513413830934,-0.461660794782598,-1.69880090016199,4.42773056831594,0.211999692319578,0.30596420919639,0.178762348870223,0.136097957225926,-0.743303538007843,0.134852961146239,0.938522194801718,-0.570218906756735,-0.647105620412711,-2.88686470331476,-0.656511738550075,2.46717691994251,1.21223701091925,2.18290980398679,-2.08553611092215,0.624914668132733,0.424289866718117,0.373518782113717,-0.37094690541396,-0.659212485234166,-0.230299429283873,0.14820148178607,-0.0410012900634826,0.0880569661779678,417.22,0
157500.0,-0.587472661943109,-0.401135162873401,1.89913475207779,-1.74727007491635,-0.108174117292681,-0.787509487151351,-0.422217103444044,0.0326695936128322,-0.90879886152816,-0.176129541464693,-0.888290259676055,-0.522596187471928,0.747793917040704,-0.742509242390105,-0.028774700860412,1.2742074073232,0.0301768631351022,-1.31375573991329,0.629491725773836,0.25225556204892,0.0097856486886027,-0.171046036798303,-0.163218936544076,-0.116962896023872,0.459501824140724,-0.29793792037487,-0.0566971509330945,-0.0475556541041046,1.0,0
17835.0,1.01259468366088,0.185411102837171,1.85700244402965,2.62567535867554,-0.813686024523601,0.741197688840922,-1.0505095089944,0.411448710796633,1.07822938004678,0.410744187576532,2.23791236372468,-2.31050557828637,0.771151506062043,1.64748764838662,0.0059183092878106,1.16825626869422,-0.0447219186076227,0.838388886391218,-1.76632441969054,-0.240469290102206,0.167722000049086,0.665252615994881,0.0342269055081351,0.14937667395634,0.0614517557570649,0.0737251745441229,0.0246227812638981,0.0233645967025548,12.16,0
54796.0,0.646870113550611,-1.64657248078084,-0.814021945806971,-0.66761118493638,1.00997805125322,3.98776638214652,-0.808062385146792,0.970958295825492,1.03786162872178,-0.540685914442965,-0.56513538670017,0.407873696595064,-0.0289129221066637,-0.338870931105479,-0.0733343675628879,0.248991260448433,-0.344715996446978,-0.126888842180909,0.735653489979149,0.69889822032993,-0.0928407737394,-0.887902176543779,-0.238084404835769,1.09379490304627,0.177398647354103,0.923622577956923,-0.0920897132851208,0.0634155133344786,329.46,0
75430.0,0.957147232185126,-1.03755507401885,0.626841303126239,-0.733380745820439,-0.853930334663967,0.727693712677998,-0.685439184880414,0.217677335217244,2.04049439242605,-1.2152291377693,-0.0467231656974336,2.10371437742154,1.35230088137985,-0.811525750613795,-0.95186431044793,-0.529944045404957,-0.398835811694567,0.678260871469059,1.64577709086193,0.290339606398359,0.0022160796050898,0.197626846198469,-0.392514501633317,-0.750393344316031,0.730645688539019,-0.568624060451913,0.0946908254327637,0.0413874357682252,150.0,0
149105.0,-0.894766773488783,1.24639225805399,-0.746215515241492,-0.937647811877859,1.12265159869084,-1.43827828995196,1.57576523751699,-0.838383706405017,0.540027043326159,-0.250768884578555,-0.46846094727642,0.160643754516197,0.9218989417205,-1.63014366624297,-0.0038045565032022,0.290112699168742,-0.174845175214332,0.47782994505206,-1.1430345145166,-0.265357198949795,0.295037978794016,1.24671441285446,-0.0732257250776756,-0.161169354531854,-0.725260361222058,-0.481465725992747,-0.413729180144689,0.165406730997075,29.49,0
114182.0,1.88629254411309,-0.419573887332781,-0.707978871127734,1.0203630206213,-0.0845903434540448,0.566328696338008,-0.621231654671732,0.356909072610063,0.961192882095213,0.367736128023339,-0.124278714746634,-0.317870462692969,-2.12484905472918,0.628630703030458,0.101919040922929,0.801079926393148,-0.970081489135926,0.715094764819249,0.0567640606196115,-0.272927643490672,-0.210723382284847,-0.743984285155455,0.33401957837991,-0.109709844071092,-0.414053186391607,-0.985666845645696,0.025541040397268,-0.0337566914811375,42.4,0
87943.0,1.94909941637526,0.599738306067542,-0.67740659676778,3.7916823163218,0.421427197196072,-0.24192167743322,0.244490779555609,-0.178613573582441,-0.925430341355331,1.46159292261359,-1.3625191155173,-0.138513671663022,0.291650542040869,0.142904007523222,-0.894302680498678,0.735784225476253,-0.803699829972496,-0.36361681645209,-1.49880905646112,-0.285398811041132,0.132031539826751,0.496135576595553,0.0673878117631678,-0.113375297495078,0.137078354034388,0.102442166324612,-0.0332483268297753,-0.0521955672943763,1.0,0
52382.0,-0.674228503970827,1.03889849444742,0.347400854348966,0.591090284354105,0.21555455080108,0.371269655485442,0.785772752036618,0.381034394903928,-1.21377889767468,-0.401968423301072,0.159056019520847,0.863306080592258,1.27068971505564,0.589808006332295,0.247140848275979,0.305497308771047,-0.762563424476574,0.938928704632955,1.12172176437117,0.239067760348604,0.251399148885902,0.477340706368683,-0.0247440737007232,-0.818391099357069,-0.0281093469054242,-0.284169753895752,0.0120537168967685,0.0900839199478272,117.69,0
96437.0,0.103022624177841,1.23396615730474,-2.35135077295374,-0.377879880552892,1.9533270950147,0.158387578586902,0.997254674617669,0.318431019807367,0.960981355412379,-0.749612399231205,-0.189571150496325,-2.87576885186891,0.346193281133242,2.86997106914112,-0.381906096412411,-1.85569917519706,1.49566034842042,-1.04236202366807,-0.85457623303376,-0.403774214993886,0.421818919119062,1.73873385140051,0.0312580023459524,-0.575243933350414,-1.26659494870763,-0.0966892686574608,0.452407095851933,0.315382741917277,0.76,0
28997.0,-1.05166676186623,0.386944478652581,2.36194710313961,-1.02722618959484,-0.506954506852006,-0.551242693111282,0.0860675118858585,0.117761494768079,0.682342694468592,-0.83139679791355,-0.84407487637041,0.264834693937689,0.107226479050988,-0.704069056230413,-0.398848753968483,0.34271734174619,-0.382578514056501,-0.351543389797543,-0.441786045493858,0.0084163229494667,-0.0850010501336979,-0.0353008570747505,-0.184825695620634,0.46923133383409,-0.106516247494854,0.838362089238782,0.163957510741764,0.138773914912451,24.0,0
126084.0,-0.27241183713502,-0.074512553422579,2.3916788590834,1.16444580786825,-0.120670806955579,1.76369321659189,-1.6546251870754,-0.180486001387567,0.741213080254714,-0.344689789115333,0.0101243555880401,1.30102825858118,0.72415453199586,-0.707113176209704,-0.674423886399541,0.0866698089586904,-0.341987574580456,0.980623770762235,0.791523110682763,0.0645269585545863,0.922044719758932,0.222239820271141,-1.37239956081179,0.310006228866916,1.33667167502043,-0.147846216282535,0.229381072551392,0.20053658288931,76.6,0
134999.0,-0.365434880020407,0.628590986194748,0.0183952879644249,-0.634062000827667,1.32386560789815,-0.87601756581725,1.06794581720038,-0.300219650070058,0.164161739818749,-0.755123676703606,-1.06955913798341,-1.26095024324451,-1.80487296941796,-0.820104837743919,-0.0401812139256574,0.297785815380572,0.328218046502118,0.0594222261608353,-0.051913474163278,-0.134795815102965,-0.309124720911458,-0.824650487776282,0.106660752790872,0.433321464661765,-0.734958512505568,0.0449512103185752,-0.193647201561981,0.0104542872767795,0.89,0
61527.0,-0.79699436598063,1.03866146621702,1.92762101030903,-0.346892922848274,0.0865810824542391,-1.24846171659043,0.853880636948382,-0.0878964277998086,-0.56835743401766,-1.04461739599441,-0.106513960751814,-0.340075323155556,-0.632722843214944,-0.281550363541613,0.562927036080951,0.561123132399535,-0.0625212374997437,-0.229523981944569,-0.80862347786541,-0.104618837889794,-0.217648301912344,-0.788309437382902,-0.13626731124993,0.643204571747293,0.159632376012724,-0.0083744686544283,-0.0125071309344365,0.0755069144990916,1.98,0
59602.0,1.22244688652156,0.219234099637116,0.163805613573096,0.51198496257206,-0.222959957072594,-0.571982593339422,-0.0630464086125864,0.0040489494746441,-0.095193190641051,-0.0953462369900758,1.21019312754379,0.427497464655649,-0.525249968418847,0.0352208816213367,0.498494249550999,0.807334646376688,-0.335679396932533,0.395693334582788,0.219552197379566,-0.090716752125684,-0.26184141915599,-0.842217904508095,0.0780055321976281,-0.0620001905701854,0.203324834767915,0.0993223719987316,-0.0334375159515209,0.0169538631805951,8.99,0
56951.0,-1.11945844685677,1.01546104213071,0.824480010202667,-1.26410959327358,-1.04496376309269,-0.813103470576934,1.35864637107983,-0.0513941208164484,0.0841687941110043,-0.58303462589555,-0.720001467338678,-0.762967777341099,-1.40909373917468,0.386658370948254,0.485976781419126,0.561692666945707,-0.474829097817122,-0.414645730591507,-0.548267247344206,-0.21363742336167,-0.21179593764732,-0.559784525511965,0.037064533959178,0.393938247571139,-0.380547592265732,0.613594132635864,-0.219833186327805,-0.176202726886597,167.95,0
75861.0,-1.16677842543733,1.41649154270742,1.05609008428472,1.14296180810825,-0.812099355665463,-0.458316915789441,-0.205365362433767,0.846097180804722,-0.369718134403757,-0.759596932298309,-1.2482819623128,0.0841516148418514,-0.700672031578904,0.648774205546114,-0.0220493062421389,-0.396654321890313,0.565581297761273,-0.123842783407951,0.879813091860002,-0.299973041614644,-0.059445151279718,-0.335335002325785,-0.0086768303354896,0.364463725295152,-0.183084442733768,-0.495665693348595,-0.208896681712761,-0.003882203654378,11.39,0
1398.0,-0.627588668201643,1.34816957621606,2.32934806207528,2.15540465848226,0.180681730017408,-0.100331802069398,0.773564662510485,-0.2769516347919,-1.10424218817759,0.762644071582285,-0.478249331471862,-0.380348741820571,0.351297738870594,-0.219652324319172,0.846850910487342,0.368813457440432,-0.558734295891147,-0.0439386736056966,-0.182329395108272,0.0714045467840726,-0.0273123451803194,-0.0482665341771003,-0.17309577151711,0.376041347078885,-0.217832363310956,-0.106502617894674,-0.328117035166425,-0.098808579745106,11.72,0
52834.0,-0.67701972970484,1.17792444782635,1.74098607697543,3.59880295188962,-0.307167384047409,0.477159063323934,-0.212999419159893,0.6114169148658,-1.28744515218415,0.441712559854909,-0.567045483333045,0.237729546413529,0.242009496268283,0.207043000465395,0.356727505460166,-1.17851242153115,1.27505858190849,-0.600549189202637,1.34247598682443,0.113203516249585,0.153257808876012,0.547358424543132,-0.0461146694757636,0.458824957762883,-0.396965528624284,0.374870774329398,0.0843238870354053,0.0579642732321851,9.73,0
37360.0,0.611273320127041,-1.0272916049585,1.22158943847452,1.73408850754887,-0.926396845466148,1.59823234480889,-0.75822017952346,0.644521261745818,1.28436661974381,-0.362093813292111,0.618963761552068,1.2558869964149,-1.19322598772545,-0.432905078491348,-1.88176406578538,-1.04412353907862,0.788622756745227,-0.885771970994195,-0.104399572621542,0.104320932090481,-0.0748066445610384,-0.185753488700604,-0.116611745380098,-0.274035638069935,0.246136054385092,-0.384527946793537,0.0767467148046785,0.049185680014187,200.0,0
45017.0,0.936181621320816,-0.306992144191079,0.284804896434482,1.08437442828094,-0.0999397657524996,0.490927032262395,-0.109810269636634,0.0645143588632748,0.230956179665683,-0.0982279953960648,-1.01488425588642,0.249957437839826,0.904467629833976,-0.0044538686037555,1.49673766653345,0.448490721214362,-0.730866457916761,0.029779451067736,-0.65642441132809,0.219845214711698,0.176249965239266,0.281140942510898,-0.301230698365978,-0.911571268341004,0.525720642123364,-0.226497857173523,0.0345381291573679,0.0464332371833872,156.9,0
132468.0,-2.72583785826934,3.09198722263019,-1.88163857018177,-0.465792329665621,-1.16924937809663,-0.946594169407255,-1.31142198492642,-0.785275534643974,-0.266433212409117,0.113205071189609,0.818480092770219,1.87742705888465,0.324708680795409,1.7285216938661,-0.441963334120016,-0.0476135171827871,0.354898129887275,0.490941415301657,-0.114145085893024,-0.545242134090514,2.84330553595442,0.716548748238812,0.531856199453914,0.47771428601404,-0.58877480119367,-0.228123037770409,0.423946984002463,0.276568476295081,0.89,0
163020.0,0.0305161302277481,0.689168904822191,0.936250750403168,-0.400961017544476,-0.0579387995150111,-0.663176780908717,0.387073314973096,-0.105624590132475,0.609924177192125,-0.618472525289278,-0.962981257302369,0.308566962399165,0.376172249852066,-0.0611082029529143,0.746125596675727,-0.0101978053424335,-0.672602115716275,0.214152072352664,0.179445127750377,-0.156717920328454,0.0722499639035809,0.301203539954215,0.198353450787284,-0.0683643540941607,-1.4842356385979,-1.06584439413958,0.212598114731939,0.289948195649591,1.0,0
122531.0,-4.52281741376434,-4.62696176908125,1.30103020853203,0.271190050790213,5.89245649078703,-4.56850896909473,-2.44512838957086,0.20093515898432,-0.0482407370723322,-0.669856207713023,-1.03681528764203,0.404462393163128,0.448898311258759,0.476567404428712,0.358416900653679,-0.118303591469783,-0.703377293736901,0.233427817165982,-0.699630049539626,1.30002594994214,0.702680617649304,0.419218442180916,0.359522852608326,-0.0848877449949443,1.39384022037912,-0.0556829279014162,-0.201624933092739,0.147557249896683,1.0,0
125946.0,1.89484505545038,0.400502579145417,-0.623102010723236,3.76054221691424,0.418072385223108,0.362403846730365,0.0031713126900796,0.0733371032793418,-0.824997827135728,1.56064276588815,-0.134404237155373,0.306942325554134,-0.45556508045355,0.230368598017933,-2.17496542836023,0.749109088926523,-0.85567160076894,0.108455769535702,-0.932176804902817,-0.314403500042487,0.101454981352212,0.434630144929293,0.0360944608580155,-0.348241690882284,0.135873627660132,0.0988466725256467,-0.032163736390801,-0.0651271608975504,3.94,0
2270.0,-2.18770720508306,1.49528644226694,0.709591427720395,1.4873504398458,-1.0377849775869,1.07904702368983,-1.16845936435779,1.82419276397859,0.680840078128446,-0.479944314083859,-2.47273527649317,0.331080097012713,-0.875462901685344,0.15464474881741,-1.25313268978059,-1.02116385588558,1.40198365462766,-0.588936744989351,1.53899248909394,0.0595227816310655,-0.367229255536005,-0.815584087516408,-0.0725175526627234,-0.795055003964648,0.185573307314442,-0.304250231956777,0.275004034920428,0.0765753227806964,8.79,0
2200.0,-1.62226063386305,-0.576435974727869,1.11979443908806,0.540977418558197,1.43711113944533,1.17552437434577,1.67780128214001,-0.242019341093705,-0.525636378619466,-0.227620870459971,0.744113741242001,0.430456564769879,0.602022328637163,-0.111596624530078,1.73021228230642,-1.57948415253524,0.567715777202299,-2.1556831842095,-1.58627201345713,-0.0040823772642382,0.0713459597701947,0.830513327545549,0.554970763698264,-0.959638855305345,0.0383668089888085,-0.321674185922643,-0.164462253251176,-0.355377385344764,227.35,0
141342.0,2.11270822747223,0.0078510399247966,-1.3320600416914,0.243680876981726,0.285563097415917,-0.794060543423164,0.239372706661113,-0.349315515687406,0.432529312072038,0.044203538181852,-1.18303308281877,0.759964497675136,1.21806986659914,0.0282539701405766,-0.0228697010175381,0.0478108963736516,-0.598342149690775,-0.771025059428537,0.399768922386619,-0.1368549731647,-0.323131220894128,-0.741480786934099,0.242835396089913,-0.626476334150709,-0.171018092682234,0.235381335367987,-0.0647899050675172,-0.0648142813390123,1.29,0
91282.0,-1.42924422821579,0.0084536000620644,1.14551536164763,1.16865711336913,0.570594329855633,-0.157320301435502,-0.27128166229984,0.535367229767503,0.648887686695039,-0.880423769496319,1.28466434156185,-1.38114122088066,2.42028848738175,1.86225493458692,-0.977773489734043,0.333305597876757,0.11447951820565,0.936173288856328,0.528495140602525,0.30360142424113,-0.0634437415995797,-0.474840742225964,0.174678094201051,-0.446023899039889,-0.557405821206919,-0.932155936771661,0.0683175088302644,-0.0480008535360465,77.0,0
10134.0,-0.730979412829847,0.639137759256042,1.69050323282221,-1.21299924124342,0.0807316981725922,-0.565553847174157,0.371464347322985,0.0784277653455171,1.13162872500536,-0.919314594167386,1.75052195423905,-2.31732894241101,0.961119630524311,1.69760329441039,-0.829133492326619,0.895938683414449,-0.275673837065354,0.6210402477281,-0.474163126138197,0.0405753011781026,-0.189999786901738,-0.383635338420505,-0.0402309534122063,-0.0502767730159146,-0.361298047454407,0.685244885453558,0.212257028028796,0.156649806189757,22.81,0
162034.0,2.00504741888452,0.221238181424687,-1.5197568944132,0.750901020000409,0.173584243760358,-1.36041806675617,0.342667329035406,-0.380211163610629,0.362946968901058,-0.432685479779849,-0.270803797097928,0.565981811531824,0.658169850619465,-1.07476077596587,0.0792062676026572,0.24823246480673,0.606313523363462,-0.368249619090162,-0.109304742062766,-0.11358126171472,-0.328827332118644,-0.813688670103816,0.287460544350969,-0.0500509571326231,-0.244615371862409,0.0103575408139803,-0.0415877049930129,-0.0249810477132223,22.23,0
141586.0,-0.235589944804785,-1.14970451968429,0.422177193414121,-2.17190912925925,1.7790573666931,4.15435341176442,-1.12029928129731,0.989438991131165,-0.551453814087192,0.445991274162116,-0.0851161563665593,-0.919381046426377,0.188896084749648,-0.717408475233248,1.15520760484438,0.90136517690814,0.109080693496315,-0.784682610522695,1.20771378157649,0.602218864516949,0.393600398802995,1.00992467099263,0.211618112659984,0.720272722587518,-0.88630677700996,-0.144325213355654,0.0691178038902814,-0.007126734513821,77.96,0
48624.0,1.14152009549935,0.0471176311922914,1.44084393990142,1.14777335444609,-1.01039017992771,-0.27921964604207,-0.63076103692262,0.0161487188517261,0.506051022188867,-0.104965665059991,-0.261291203925794,0.88562957831735,1.55267540014955,-0.424930791381768,1.43753301081796,0.703907999632034,-0.843859770405657,0.443603168168973,-0.800096670867388,0.0034160519977501,0.274747323826638,0.89536045897432,-0.0966761011138825,0.437704629282533,0.410332468319815,-0.260133962129883,0.0831844748089095,0.0484999675401255,19.99,0
56041.0,1.26869852953327,-0.920565663085156,0.877254483688194,-0.80443693794346,-1.09665540184486,0.60891023241936,-1.23479532107281,0.165809035681688,-0.31903785859561,0.523664052469223,-1.09851566821035,0.191304058101934,1.85478449050347,-0.660499459455762,1.69587204785976,-0.664001145913583,-0.511906229003819,1.37554675845336,-1.16478396248595,-0.273625442783567,-0.162889474639479,0.0374283163886097,-0.0772558525324772,-0.88699243498758,0.0459792373928458,1.20009823212018,0.0121297379602172,0.0242199870070758,55.9,0
54201.0,-5.47595783913365,4.66405421828981,-4.45512519959181,0.757849033111257,-2.67957568243437,-0.825482600497883,-2.77908706543543,4.22316299835643,-0.955460749366705,0.571651086732845,-0.112506676252408,2.54238769393523,1.02788275450562,3.16345301580262,-0.0364988011760434,0.498733702555526,1.32686557609285,0.212732378771523,0.205212651935746,-0.320809952531938,0.406426453674923,0.546722497677834,0.646916096316664,-0.305001865115203,-0.173837523057526,-0.361645677884062,-0.381091096354202,-0.095864834818743,0.89,0
79417.0,1.20201682691896,-0.561743630257806,0.835250349575304,-0.752811305707965,-1.22637117179113,-0.409111677845159,-0.804703388869082,0.234587924830961,2.16209996384569,-1.05714465172263,-0.604946210327645,-0.383417606976423,-2.33566668447606,0.332286637793391,1.77365430061788,-0.62830062733212,0.263558286070661,0.0178208281613896,0.212923032867266,-0.30325727915509,-0.0108624584843298,0.142421295028544,0.0211708132529055,0.0357928402714336,0.350378501048201,-0.649263332997449,0.0952609474225154,0.0269996662544182,1.0,0
150746.0,1.95490515976066,-0.336229487169443,0.126221294314882,0.457554315843515,-0.857747763074511,-0.43114732438107,-0.699665029516441,-0.0771709022230666,1.30022777674984,-0.227591819687005,-0.634424117008869,1.41117681707648,1.99013021877465,-0.615835393279075,0.721151558062252,0.360508388597338,-0.801468527854457,0.0686105215009314,-0.317470770208958,-0.0873151961215892,0.097917981964471,0.553834892259603,0.235004104422881,0.0137035480363497,-0.321877640406649,-0.414422686060808,0.0688079299095543,-0.0215381574399138,12.86,0
124193.0,-0.715760597469549,0.0862850031305564,0.0747727007010258,-0.297841254568686,1.15014316738498,-0.653251184751467,0.58120740058926,-0.28811636149202,0.15098779245785,-0.336373469417614,0.759276532651207,-0.0482627291730569,-0.621741470145725,-1.16912979753641,-0.280452274072319,0.482374380765275,0.194111339743898,0.843439887974822,0.53492839398987,-0.218615949982881,-0.036207933886364,0.229702301709709,-0.191010250949632,-0.516430659989655,-1.09603065451244,0.424904535116427,-0.145050215624193,0.0457673553433749,63.99,0
55704.0,-2.27503392861035,1.49590575685097,1.75643283038628,0.147785025038131,-1.4120079315176,0.0004827207892975,-0.805221736645702,1.1232275847592,0.592376360305177,-0.311747968939292,-0.80661939756821,-0.0902584657611031,-1.27407035865603,0.179163429471771,0.403516587789515,-0.132458037547678,0.65673632497094,-0.429287407647272,-0.314576523083823,-0.155936513240185,0.0629209389108386,0.0273415569349401,0.0054194391004684,0.399629231268085,0.134539264772453,0.338975541522381,-0.406975945564671,0.122284672343204,4.78,0
25415.0,-0.591087478319005,1.51659981325607,0.732250759892827,2.86569618225701,-0.165617420978146,0.170427381007018,0.0324112682512758,0.386203391820222,-1.1753830197444,0.954807706918368,-0.61142581683442,-0.3409689535827,-0.0912525595859234,0.586792269269026,1.33909746152538,-0.216241199713226,0.334775046384602,-0.217097941881136,0.279515605868582,-0.183537058574583,0.324782291442409,0.783251366836404,0.246676102581904,0.0804747493053885,-1.39907461506621,0.0274243075262951,-0.228338027929141,0.193486561128805,15.18,0
20120.0,-0.936086823841736,1.02441889411415,1.57570868135331,1.8308867103098,1.12847365574254,-1.27545568070078,1.00145966082437,-0.269891661864907,-0.302703599170812,-0.276742023563172,0.42930686174895,-2.82635666584913,1.34473787547454,1.88167428620145,-1.17964127504307,0.341991194057669,0.141126340097581,-0.202144991750984,-1.73466333394455,-0.0780295487582148,0.0043569471501037,-0.0210920174242984,-0.0939168253406711,0.631621410932276,0.17549714481467,-0.163491083002055,-0.0045929068237544,0.119290335157248,20.85,0
168575.0,-3.04355559865737,3.81007793352179,-3.87253165244773,3.80588200061125,3.90028042058624,4.85537541416859,-1.1509645201516,-4.54150236836842,-1.61592675866942,1.07539444088553,0.91666077187948,-1.21043831976192,-0.72060083181052,-3.97673608064424,0.733262680804412,0.585360431963435,4.01752215416629,1.51990108284849,0.518518924324647,0.0085200710486527,0.83408833622049,-0.570417268157818,0.611128390781626,0.264481264139554,-0.646115427567264,0.165786398153461,-2.02298308501814,-0.492771183383488,13.91,0
11663.0,-1.54071048256611,0.865408538674093,1.19808664890215,0.198220787688009,-0.253909197010024,0.323250856280127,0.257908779293018,0.205313282681657,1.88994754166548,-0.302144075526938,-0.672078789711924,-2.09512786181875,2.89250305460878,0.683192024063516,-0.880260220220599,0.105997185449165,0.249091176829341,0.446319291249791,0.180265115621821,0.361569794305475,-0.174605065670527,0.324624762049112,-0.322838130876253,-0.537973081295005,0.136983874876293,0.455185720128884,0.293766225370427,0.0537129876148578,99.99,0
154020.0,-0.137172265151748,0.444337558483597,-0.50380467033181,-0.238774806287178,0.225153408400264,0.919616106541005,-0.180114487483472,0.78795342232697,0.616130450467673,-1.29130255715872,-0.530134186025207,0.525476616367489,-0.0960489130909028,-1.46646504232781,-1.9520452421971,0.665384493715866,0.371104087932759,1.32673818766996,0.111833628402551,-0.113682610675896,0.341968507782315,1.09514295540091,0.0036973484020122,-0.237420322038195,-0.606677012454425,0.428592427909701,0.0057564862455801,0.0582119095320435,69.24,0
36590.0,-2.66586950694342,1.91538421537018,0.763299823797384,0.120294475101614,-1.70235741229696,-0.0549798537775334,-1.33755060649497,1.89415267823926,-0.0037378191933137,-0.982567144132602,-1.9037013849958,0.509808263378752,0.234675327291903,0.568312046875075,-0.0055718116643423,0.63388614849104,0.34673996965228,0.245233954236374,0.34096506813692,-0.196369923967904,0.0441746355443796,-0.178881402733112,-0.093616325992351,-0.115586043413167,0.421047597460137,0.387800486290858,-0.351156903805778,-0.104022115911957,7.94,0
48665.0,-1.28208930528041,0.585567368797189,1.83353538789363,-0.970188153984635,1.09339277760155,1.32969441409799,0.462057020446175,0.604490644768744,-0.77239572728856,-0.83254122508036,2.16826306477817,1.00119792782646,-0.20968103862093,0.400135282203958,0.725292816555452,-0.508083640739791,0.21642839378615,-1.90700277208592,-2.1370433097027,-0.246565604194374,-0.0184337081744636,-0.144536443924988,-0.0383840734355473,-1.04181058982612,-0.0932600240314736,0.0667920814916773,-0.0925452949151113,0.0586244400366206,24.99,0
147530.0,-3.36369557993118,3.59729167675292,-1.46101655268,0.0735881189623899,-1.78836057506619,3.20829322285627,-8.22570476333009,-18.7176192680069,-0.503625544980923,-3.26761015220626,-1.50248804743794,2.07913612799232,-1.16206438841437,2.48591672880668,0.0738525070049555,0.965841504510628,0.604881723474319,0.559454269388196,-1.34262330688667,3.02343459378333,-4.15115507373607,2.47198374531013,1.33543903953236,-0.125957352034883,-0.0538406300395508,-0.150836805754123,0.19302875188848,0.549483376195103,19.99,0
143343.0,-0.268234150635095,1.15228658424723,-0.724798921580362,-0.570610633330335,0.489942154262203,-0.639408879235844,0.514281693286046,0.49141136198367,-0.38153119415262,-0.879828961697351,0.855205161850957,0.391775461447508,-0.749888650949521,-0.353588331518046,-0.909226066776734,0.648200852158828,0.370974595081167,0.367971972483428,0.0082826377852207,-0.0987947496066465,-0.239038577759203,-0.768778770859501,0.195764338542844,0.638640850569796,-0.462663393774588,0.0910472540134676,0.0839108712523363,0.0120501827029204,17.57,0
169615.0,2.10075281044132,-0.517882029045796,-2.41625294900926,-0.342170667898857,0.157991681571385,-1.71112400647248,0.740315337721409,-0.750464253456389,-1.29143637742007,0.974962607864212,-0.815729466997174,0.242206542039165,0.840483707755293,0.55062352984472,-0.422609451666987,-2.37981557368811,0.206731494508888,0.421020304802336,-0.769497362637225,-0.442519854062694,-0.0427505641385661,0.401274409154606,-0.160632206226714,0.0873440758498136,0.488342304507953,1.01184370056058,-0.127560321379573,-0.0775207905640674,84.99,0
38184.0,0.71473837533671,1.3954910701455,-1.50869880161005,1.7841742721981,1.10944592509161,-2.11910671593609,1.12080919414111,-0.536209357802669,-0.275548557921327,-0.987872883612929,1.16904733548101,-0.403764448601604,0.14071241797331,-3.78492603948573,1.05356665410597,0.639489682452189,2.81947150479605,1.34282598397607,-0.537039641896513,0.270789304593665,-0.146870953291478,-0.0596168412653551,0.155261718184646,0.373499675206983,-0.501675180209214,-0.451649443299477,0.084120145203319,-0.1989461975401,18.99,0
167826.0,-6.62947038719607,2.8725878702777,-4.81794651246083,0.799106043362674,-2.84253834233179,-1.94135055936202,-4.60983719955174,2.13061145293726,-1.58257646275685,-3.41996778917786,1.68868816915034,-2.81556289916859,-1.50954532554824,-1.02644937916837,-0.279815482631857,-2.54279899264442,-5.78119944545681,-1.42027183623963,0.731522099229579,-1.62264666870688,1.90335848687113,0.551154392970031,-0.621413962107273,0.0868360861915362,0.233893815851082,-0.256196059593985,-1.86176446733169,0.261256476201626,1.0,0
114022.0,0.116697880186494,0.86865976267651,-0.526617465135823,-0.707972806786714,0.997959241937474,-0.398926468712233,0.75321359319487,0.136480231369109,-0.0713050812360864,-0.620071831788162,0.513316903492004,-0.275109254966893,-1.4469841185919,-0.554937061890216,-0.763113359563927,0.676153427022602,0.094207428712254,0.545096783225523,0.177449880249306,-0.053173965875631,-0.325083462728452,-0.891154879761501,0.0624384064939935,0.208673069839747,-0.461698950772534,0.117077196002047,0.209198260008034,0.068388944107753,0.89,0
61197.0,1.1332424727837,-0.256022790353275,0.625855816328539,0.999913273974419,-0.175626379767646,1.07175998765229,-0.630901086778434,0.320458958803673,1.01379888090442,-0.255042373852344,-1.8579583739201,-0.0126830308917688,0.0382031042044504,-0.36107058903933,0.561521820083143,0.208716838494301,-0.463725806323337,-0.019926847541523,-0.0535336900711123,-0.0568584690477814,-0.105871769971107,-0.154516275941712,-0.179622374698929,-1.33476255758739,0.506652586289547,-0.295508916874444,0.0784315054288598,0.0268484536316096,48.0,0
137832.0,2.21428672556161,-0.812984894293929,-1.96503076235498,-1.29880051813861,0.131215802407205,-0.337411382597732,-0.336009883275298,-0.11121350167168,-0.732759364894555,1.0487255779043,0.182856120247034,-0.798236073849982,-0.932410271588903,0.527175275667335,-0.226877270351949,1.38726211407421,-0.321704624066775,-0.811060329622509,1.29905264522072,0.0013205607821421,0.0394225869682215,-0.116305597680486,0.123296222953065,-0.182198788272404,-0.0086181123506883,-0.312538419366168,-0.0700952915982435,-0.0724927183440438,37.0,0
132943.0,-0.888410917384425,0.129374417954795,0.0333399045410625,-1.4780963888348,3.56028665404873,3.62716942469315,0.843465618787672,0.44829733191618,-0.128197566092251,-0.413492332543016,0.0011904987440122,-0.179298444440473,-0.473740342391538,-0.0152148825197428,0.493907190504882,-0.930278037894644,-0.333229358282802,-0.624296256774068,0.680232266958743,0.109616179226935,-0.353893648730934,-0.653074741614146,-0.0600492321160922,0.677666717169459,0.730811842081825,-0.368037181731555,-0.364858000686732,-0.427419976627192,15.43,0
55055.0,0.161514184837991,-3.43235377240268,-0.0391326497607638,-0.99581631177937,-2.28545850283382,0.426848224430273,-0.746793500925914,0.109911625311615,-1.5978178399205,1.28939719521568,0.802672184653139,-1.10329563875272,-1.0001103166882,0.135948251296659,0.66679966544622,0.0222802038180866,0.394446947436997,0.878464512326292,-0.617324827021469,0.902284557105157,0.431944744919752,0.103872607611565,-0.6137773332029,-0.305820004876694,0.0143244970837371,-0.0791394106292851,-0.0669219518708823,0.121395427658833,669.0,0
161802.0,-2.37689561489401,1.8949469766811,-0.668918214067442,-1.27597273542917,0.329645751983651,-0.596120824976617,1.36555686141687,-0.527622599092612,2.06553412982236,3.21857610920499,0.692221488046689,-0.004959302224733,-1.06042770249363,-0.735266504708488,-0.687139408480518,-0.0847814656319253,-1.10990495968564,-0.240242513944591,0.189800803499183,0.725653485675716,-0.728002225004453,-0.652314063857983,0.191379951555779,-0.4620323760775,-0.14040039476273,0.056815154740676,0.0264641619919104,-0.397509462992542,44.99,0
40289.0,-4.33817861625781,2.51904721888368,-2.06055121684059,2.71173483091496,-1.68174831856367,0.767344358928444,-1.23997941027845,2.77457999357556,-1.25377930191525,0.948328223535792,-2.44964370016991,-0.413067007804595,-0.350261057729315,2.06089032193356,1.66170146969503,0.890659085957934,0.786658653036137,0.198626636435448,0.804310799612753,0.188786121333795,-0.154168307529083,-0.875750654745011,-0.343477328929822,-1.36001533562895,0.0168945897941172,0.151596239468626,0.238764930843405,-0.0430000677820864,90.24,0
31829.0,1.2586737096853,-0.0545768882429848,0.315394640674677,-0.111671236660735,-0.496936329308078,-0.702420607222866,-0.151692648189815,-0.0554786107223561,0.358850466503317,-0.212236721367163,-0.122095779872443,-0.094402973998046,-0.65115564620855,0.409561987939414,1.4683926407683,-0.0022587640690707,0.0164937708626463,-0.857264454805852,-0.281774127798097,-0.151480250289958,-0.0918893927190155,-0.243895466321349,0.0860361849359744,0.12673801712058,0.143730410999376,0.992453997155992,-0.0718202470029088,-0.0015806188677934,0.85,0
125193.0,2.01651017012038,-0.452013100876304,-1.23927674836026,-0.143888373730604,-0.355614401115505,-1.20168512612803,0.0623091429362824,-0.262285763140548,0.899794647904791,-0.035128174038515,-0.971318174072672,-0.2164777156786,-1.20309439413294,0.434130313785541,0.0577455573718035,-0.156654536116486,-0.006812284341008,-0.978504305017813,0.391216678162722,-0.201241855856771,-0.295461136176382,-0.824072074010766,0.32343888760333,-0.0658240858590586,-0.458926530989697,0.983732349235337,-0.138299436188388,-0.0706692484274759,39.0,0
69906.0,-0.0530896564816097,-0.543236907640728,0.894979813466645,-2.20612369278355,-1.48638861057667,-0.0769920126150196,-1.85770226095972,-2.69077127827454,-2.10971621609465,0.35957816637637,-1.35848589187334,-1.4221110811957,-0.549558245320456,0.115308694881572,0.301825666310205,0.378554483892361,0.124039478839092,0.558072880983933,-1.18570466719307,0.357967682854443,-1.28411012865996,0.486639974904351,-0.254950640161905,-0.175023171489823,1.01828893524737,-0.0623015036181156,0.0552294079062584,0.220650320234359,68.0,0
154433.0,-1.07691235521654,0.770611187742338,-0.513342395307187,-0.968896752030815,0.359372722849468,-0.126932603380902,-0.0513163108674855,0.877641746920726,-0.159016578813594,-1.16806066449869,-0.56442373212634,0.952447976149265,0.0830920555363093,0.699282823888605,-1.30985668495976,0.212816752627545,-0.435787759490595,0.270018073089518,0.744044177532394,-0.334119874469171,-0.0372796006691339,-0.344473761736686,-0.286971732493935,-1.0774713255242,0.303509700988483,-0.0455745259878888,-0.382873280592127,-0.247941312463382,14.99,0
74901.0,-0.312271904098592,1.09722591515236,1.13824139972065,-0.0192431077742663,0.170756817566132,-0.792440920667977,0.667107681672956,-0.0248875183582762,-0.303778204419314,-0.496211479049306,-0.606775330522385,-0.428250889385245,-0.254307247601349,-0.364588066727259,0.967606834826455,0.507127641978514,-0.0970688729711612,0.0308822580525324,0.0477900494427642,0.0924127855519903,-0.293766013864135,-0.79076348226972,-0.059559212344439,-0.0376547637045461,-0.128341624446089,0.0956915044065531,0.243154464017273,0.093542547838777,0.89,0
133614.0,1.86991348582133,-0.573923176778134,-0.413812605731337,1.2680832480094,-0.659919077687365,0.135353191048917,-0.813531153681208,0.330625729896103,1.32183990331998,0.406955902812747,-0.253453147198211,-0.749937667062829,-3.10052117302936,0.653012923712639,-0.0532328225427949,0.60786561605582,-0.755401227802345,1.18911222274049,-0.23614285437229,-0.387966266154683,0.24805005758135,0.722121993212002,0.0437553982444772,-0.547639673030545,-0.0932211145912282,-0.467629137285819,0.0346096029765171,-0.0491373635194974,33.95,0
144224.0,-0.417731491241361,-0.319264389591675,1.99955068551708,0.907896125388434,-0.50311262780247,1.7605660071952,-0.621880182336545,0.714129956801537,1.83782230262567,-0.806884031390726,-3.01416266570016,-0.860269843742755,-1.8976137638915,-0.963887318486058,-1.43968939823387,-0.17598575635196,-0.0811228683207482,0.850717422967914,0.420871581864167,-0.0310125546369053,0.224776087940664,0.90746617487875,0.0238188222019374,-0.0046397999769697,-0.600103265967587,-0.481910213034812,0.298508816052236,0.238012729472471,83.5,0
137671.0,0.150005855518073,-0.274765541477642,1.18385840896916,-1.10818400587053,-0.722022935448619,0.348850091388664,-0.694519186657663,-0.616366564707592,-0.837403932581633,0.311271932833698,0.171035490904151,0.192315188433643,-0.331868546628741,0.132067902352848,-0.405943111583092,-0.728581570512942,-0.602697167890321,1.62574710480743,-0.827910898098607,-0.601810377988354,0.204687276152556,-1.54139439234894,-0.0719451552141339,-0.543278218354748,0.50104252563748,0.128238235351699,0.137702889533077,0.207337970358098,49.99,0
72003.0,-1.60019943174178,0.390107590653722,2.25269317847424,1.83956663331166,-1.06560049968045,0.533475084303445,1.02085301554482,-0.0108384690063555,0.207496691012102,-0.0733847926501553,-1.29350965132175,0.0444843865172899,-0.382612391224627,-1.01914034528836,-2.24878291232798,0.275434301901452,-0.340601235348911,-0.379396395106661,-1.55952261509273,-0.446386828373312,0.0317400582370129,0.675484969461038,-0.463538728972729,0.775580048595564,-0.0536504757061713,-0.121285224612481,-0.345081267254956,-0.582698805754307,220.22,0
122070.0,-0.675641844042085,1.03121149295637,0.272554554032625,-0.119074076433786,0.506263850070361,-0.969326195187069,1.0498086236627,-0.661561385353966,0.403955677646268,0.482116947763658,-0.882906868047405,-0.994174365631306,-1.42670218377875,0.353317346171088,1.22705526625079,-0.826601228753036,-0.18494383109312,0.251570077357424,0.747462336998461,-0.195050467857195,0.38482512197148,1.11268431654325,-0.267077487560211,-0.0024382901748753,-0.382516971439611,-0.108367336420895,-0.805019887570511,0.0022099145854216,1.49,0
74677.0,-1.1405907518021,-1.11279980864948,2.5355776405743,-2.10419746595463,-0.139827205761099,-0.737703482980808,-0.117170477364386,-0.305665978237091,-0.404557240975564,0.307261170951045,1.22108636605534,0.166049019919741,0.356700015675853,-1.23793878330923,-1.57700523874827,1.69125821301935,-0.76239953551238,-0.731617981974887,-0.883752242482569,0.0930355218889698,0.396439062088953,1.36009160902619,-0.231329163690655,0.586613540748608,-0.185782056317675,-0.513454743776966,-0.305912519470331,-0.248174880665548,74.0,0
42264.0,-1.70179750336161,1.00268432034313,1.07339044420291,1.4326728397763,-0.12327845672329,-0.202686751998372,0.469086303592858,0.0671270993597928,0.0744899212159611,0.469087834592713,-0.345257359100273,0.262110185625621,-0.255987043735848,-0.0410278967078376,0.290999710614125,-1.27886928124061,0.76072704613191,-0.809945048800298,0.662609017571855,-0.246799614898411,-0.0358809432375488,0.358154825580669,0.112542042995763,0.42693155998331,-0.129476941952552,-0.319600226270016,-0.506356214136274,0.0419453626834747,29.57,0
45554.0,1.06962108857555,0.242938477995933,-0.445068485642026,1.36133681909108,-0.137759658529999,-1.25693203694202,0.453607057942128,-0.2247606861916,0.0580254660234764,-0.42673463247913,-0.32453034990055,-0.870387368309221,-1.71315523945768,-0.299444110738203,1.08119051025823,0.365357098679128,0.59987954252055,0.402253829738467,-0.466862492450004,-0.0349603909980587,-0.0539556332419215,-0.387769746974496,-0.172430432173193,0.258691836576965,0.640285261472161,-0.362118922801854,-0.0111006026254687,0.0537744755644264,95.68,0
37694.0,-0.704673760413405,0.894510100737672,1.55440306250923,-1.47694797786958,0.16579585103186,-0.76513076822578,0.832102138955262,-0.24580458834008,0.306456293394133,-0.218723363509224,-0.762370613021003,-0.11899371362712,0.377989991978401,-0.42369285969979,0.554117541216671,0.626478090919182,-0.986385823622712,-0.268194639356051,-0.52703361606283,0.267026952276924,-0.193751076943287,-0.24832205768221,-0.167158196600545,-0.0756679379711672,-0.240538232806302,0.725072768544851,0.201864734755033,0.0103437933393631,5.3,0
125352.0,-0.185257494220825,1.10221545967081,-0.206768287758753,-0.188476713241,0.970139456090856,-1.40609950267228,1.08761140515752,-0.423316365740975,-0.314375750380214,-0.943015363113365,-0.374627719698564,0.247151038163293,0.982136559898641,-1.0074879179643,0.572995782156492,-0.0833668307287508,0.3980270004447,0.587593789923613,-0.0858493285772527,-0.0650649889927335,0.356997953635987,1.18635585959597,-0.288997930718005,0.0222273789456363,-0.466527499657792,-0.178979712691675,0.123195896784383,0.240803625313381,5.66,0
128099.0,-0.734372177921389,1.65453459320068,-1.35211618866577,-0.633473106063673,0.612957455680364,-0.476737662241677,0.350719245109509,0.551133670225047,-0.356934062356497,-0.547619166707446,-1.69994281425325,0.609508882638896,1.46117313832917,0.68935444885879,0.360917550678856,-0.035657700851407,-0.514230775152926,0.3556374043701,0.322467577957407,-0.148150315070228,0.446183354130529,1.2229133588671,-0.0712867817674965,0.0996851848569159,-0.604172718773333,-0.234136755664012,-0.0086807398834179,0.193206542771187,2.55,0
46078.0,-1.37087451481113,1.73666217909277,0.479430464312125,0.92768865439227,-0.539630193756097,-0.598970598211521,0.115023395224779,0.813172892040157,-0.799960743972763,-0.236820673830896,-0.170474823424871,0.709746227876506,0.653516213152335,0.807814052770678,1.12978236018824,-0.512708658533202,0.49920869905898,-0.460487069942916,-0.129207763948747,0.053786263277296,0.220267409122622,0.657772145824869,0.0162478407984663,0.428196084157346,-0.19272899347421,-0.301420248482443,0.309625924658815,0.135393940746464,28.86,0
48615.0,-2.09049183109968,1.94138977949208,-2.25959091372155,-1.05852451938123,1.23897854259094,3.07865841179694,-0.824370922750534,2.35048932239936,-1.13813916210914,-0.76305419296496,-0.845325681589077,0.325812100316645,0.131913894480685,1.60398360222289,0.592075239927175,0.677767041025173,-0.146058195943276,0.26993582286321,0.376606509992304,-0.360407393817795,0.159220045815984,-0.169638669755096,-0.0133646096301557,1.03815217024959,-0.0625974806679501,0.259506822384073,-0.497176767530089,-0.114574491049741,62.66,0
39858.0,-0.780363565405784,0.776472653114941,2.10597386224674,0.97803763227647,-0.0682314488891664,0.450526159245802,0.466965320272268,-0.122833002288692,0.304473161109461,0.102326553660569,-0.365916638802364,0.803798200509708,1.31088973295037,-0.883469683960843,0.356904462646226,-0.922900313582083,0.142454332269535,-0.409945734484543,0.207933971520936,0.176216649389142,0.151685935680013,1.04581165736069,-0.29330762076412,0.163488851269223,-0.117130954054297,-0.196103701016066,0.0707348965382584,-0.0103741522527905,49.23,0
146350.0,1.84052509781044,0.45287558770933,-0.953906049388088,3.53238000190256,0.693677087884462,0.300212619603128,0.187124051976327,0.0434661069400954,-1.35576982358366,1.69711726649693,0.589751721138435,0.105906933322044,-0.39328834839539,0.685665942022065,-0.883784319664821,1.08514186644811,-1.10789796787227,0.261810324471342,-1.53099262942401,-0.21129120583249,0.298179916572625,0.707095912999745,0.0698806103935863,0.68410683737535,0.0712357504940555,0.0797225307814671,-0.0605229312649935,-0.0502840907399965,38.52,0
39822.0,0.34261818333076,-1.78384854339626,0.586658542768793,-0.194643416861208,-1.57095263325746,-0.194152527987801,-0.0469503951008963,-0.0157072176743241,1.92718112669957,-1.45535756367206,-0.107697570194485,1.44963627317099,0.354536958519208,-0.350756668081329,0.463526972675977,-1.26217837734621,0.602883740910698,-0.703102148241373,0.305209817996104,0.711562098272628,0.145212646354998,-0.108936012169263,-0.334178558026932,0.451909062089249,0.297287827016535,-0.766329578251276,0.0391737813387307,0.107754273370682,426.87,0
127047.0,1.94476792481242,0.142823225177951,-1.42796867394104,1.66745615355482,0.12581523557583,-0.879679827631183,0.129552226106958,-0.182982322510242,0.797122182605122,-0.328053973699822,-0.92774982037344,-0.168374359338409,-0.914237260707472,-1.00420117668548,-0.433072536810797,-0.117563114379626,0.833620271290654,0.240566860151506,-0.46385894933567,-0.272136314547618,0.0430604024699876,0.384189545546913,-0.0084118427994776,-0.147620044611495,0.285231485876404,-0.455664164009115,0.0326397746680613,-0.0226982697200568,21.97,0
71337.0,1.38463389962617,-0.66914236047163,0.78649883349755,-0.73901386260465,-1.23438586222233,-0.433896641852028,-0.978065857303456,-0.0703971427601004,-0.452962986211785,0.586006345193994,-0.664420254171301,-0.488748128553502,0.983224729618986,-0.590973358476932,1.08794363538794,1.5980712614617,-0.157316393823649,-0.76064588692383,0.402260161202664,0.170088363605163,0.363381210162805,1.00703143276196,-0.182730100821288,-0.0549170881505113,0.508248607459683,-0.0215307514398709,0.0382879492002101,0.0242845223989851,24.99,0
94029.0,2.07445900719475,0.494396359948304,-2.08907351166447,1.29512184724753,1.15545962390204,-1.03422489987039,0.921990209389416,-0.685981719134223,0.927898526915228,-0.0349313834665414,-0.264957346508148,-1.89542763474053,2.98013826166352,1.98003523917706,-0.700270066864261,-0.357023028257268,-0.0272952595363654,-0.052771021246925,-0.324879451818136,-0.158410612931141,0.007413895808171,0.396624988933678,-0.188099884488005,-0.727024063251695,0.675233723083319,-0.417403351312387,-0.0624235949898474,-0.0723813151550656,36.0,0
140191.0,0.0240375972226655,0.804277186099555,0.291976924976519,-0.571062905070847,0.396681246604944,-1.16710987654523,0.949737293158346,-0.177602033137883,0.0304595964631514,-0.391943382229577,-0.999959825793324,-0.108627486148784,-0.465213750075064,0.208492315333773,-0.350815160289875,-0.074866285056195,-0.377439379060927,-0.693095451487361,-0.0832348289074515,-0.0657665680785117,-0.264036535655265,-0.610406748041866,0.0774708314845202,0.0265587491860733,-0.505992925923862,0.139409956281938,0.243692937611517,0.0969832486967726,0.89,0
67727.0,-0.0261181353851118,-0.744470562279372,1.11319360860571,-2.26377521107412,0.82228607248761,4.5925326835992,-1.96196139553283,0.474100714164929,0.207292186199709,-0.285997415621565,-1.02562468574261,-0.35465161002902,-0.203025300991717,-1.24467758215742,-1.63085460693268,1.16052899129601,0.205135689699975,-0.975971068883591,0.613719490382151,-0.0124798712932051,0.796732681400128,-0.0635423921785481,-0.462556920430067,1.06224998129664,1.69856612097075,0.0041648774852383,0.132019905844186,0.136885988045171,1.0,0
44091.0,0.580743289549982,-1.167907436774,0.386945510268664,0.189117481679338,-0.984055144228833,-0.0351409764250514,-0.112806465639027,0.132249214099055,0.213774837232267,-0.160694422982688,1.54747203428426,0.56135725385685,-0.737957652383474,0.544989023707816,0.958924205161753,0.521615329993329,-0.334147073431438,-0.213350095643378,-0.199989795549676,0.492440074750395,0.0618942434911283,-0.577550708031825,-0.0889819654536281,0.0553252503104495,-0.234369031897325,0.770651816584821,-0.113441085452023,0.0530913223641033,313.12,0
11551.0,1.21889767717431,0.226993025404908,0.54047553559266,0.768005210307101,-0.439874961717683,-0.95435724471989,-0.0111732902938809,-0.306386061908974,1.36287813255702,-0.443943173716292,0.681647612713665,-2.2278495350903,1.88519572822356,1.68010733586456,0.297349659456063,0.230262577945837,0.333638895023479,-0.108731923454063,-0.380975359675076,-0.0783263926163745,-0.220016754337596,-0.423039318871999,0.0078804124096689,0.368894881382448,0.332356779237777,0.350288844125385,-0.0717113866486688,0.0115966834861941,29.99,0
57836.0,-2.44338930147387,-1.95278133332761,1.76323907249836,0.0581203459722927,0.121662236278758,-1.14534331624579,-1.13615408032691,0.741445065793816,0.879644668473051,-1.35856457827618,-1.51987146225134,0.456342367567198,-0.379961098091382,-0.448498857297822,-1.50077225622326,0.0645729938635228,0.221211007522938,-0.274506844862783,-0.325324406111226,0.516650437578017,0.284396555309095,0.0905252192812876,-0.030846491879131,0.479451557575798,0.174369615136516,0.987191030433478,-0.152366322492441,-0.383489969248956,89.79,0
78922.0,-1.66226389680897,-1.12016934741391,0.199324812878513,-1.0296110471241,-0.301685522302535,-1.56431849962037,0.0923043541763895,0.270446501830929,-1.20386209985271,-0.0323827212205326,-1.23798493659827,-0.225606120358762,-0.136263326486621,0.331141483800704,-0.712267679353693,-1.49883445764505,0.226910152095991,0.865298018538811,-1.10749417445069,0.12894039598386,-0.112120611616861,-0.470341728192352,0.397058293589962,0.412273122720232,-0.544452288571785,0.821624047777644,0.181255986747725,-0.0112046781393928,158.0,0
58254.0,1.25284279467709,-0.510727564870608,0.958723070871975,-1.79969795565708,-1.54785671114017,-1.38005074068177,-0.54643588057632,-0.19643943492452,2.26044743880971,-1.65859939287579,0.349278073707906,1.77332978377525,1.10684756688834,-0.363017645647289,1.49266106363486,-1.07789477298992,0.118032201471211,0.092815112001613,0.802695053382146,-0.0455491355064385,0.193259506813229,0.947222665415253,-0.104541982807628,1.01716876049299,0.65055924806504,-0.677040146813797,0.114501115618034,0.0390476986873017,1.17,0
71987.0,-1.23557287581267,0.319310555079669,0.626447248234155,0.218039838948166,-0.535892797669799,-0.0359133088595606,0.212016948838613,0.291472078136903,-1.71079558390216,0.464799100609802,-1.0169702605681,-0.662952630522822,-0.249933909270236,0.61752229941113,1.2912371670252,-1.80289984024559,0.420908604834504,1.06509316556715,-0.436788844443344,-0.661907094738189,-0.340107337539119,-0.662364638991124,-0.114159352787034,-0.333853543859651,-0.29982368044899,-0.41069912874325,-0.124625626052631,0.0123602718959066,110.39,0
37748.0,1.21916437451518,-0.0729346614915055,0.291409241630911,0.667674693755777,-0.266590186576874,-0.15503567906417,-0.0894639207207315,-0.0498967554515675,0.586696320257345,-0.222610788930748,-1.4023633857429,0.208955502929546,0.112305504254214,-0.156688030675508,-0.0715206844823021,0.0637769311842705,-0.305896970947233,-0.442773170263222,0.527072116464829,-0.0255401592936517,-0.334449103060214,-0.865628816183916,-0.0548419249294591,-0.42490761919934,0.436840703925315,0.228977432096919,-0.0226377501093849,0.0142965309686012,39.09,0
30673.0,1.19060106561366,0.19718304479793,0.723745336389808,1.31634697109538,-0.510434885407699,-0.536698847881063,-0.0276609054561778,-0.0943790495382936,0.449723044304889,-0.179733791328086,-0.659874834381868,0.68034404792574,0.238360629747566,-0.123467794052213,-0.190058036609764,-0.283705169236263,-0.0917149174660484,-0.585304649460128,0.0473529004078846,-0.129907095626724,-0.265035349503991,-0.574218914934713,0.0365728775623809,0.384437699728219,0.506260193680119,-0.546454554907751,0.0417127327428903,0.0291229613511873,9.0,0
36358.0,0.625458271884619,-0.727097518271492,-1.9103195352278,0.497699224745454,2.0673270763981,3.33410421983164,0.0194918160549672,0.733737051864306,-0.214129126749754,-0.558633483114634,0.232452273424785,-0.182811981409261,0.0110239421057405,-0.732879274580356,1.35856270808084,1.01621450028748,-0.0219089251438346,0.88304378779976,-0.347660258605332,0.703498446366072,0.0069059883929168,-0.86187631251305,-0.349095508773359,0.889282462581438,0.539717055959631,-0.468235230632417,-0.0226320609357936,0.106091115759424,338.82,0
54265.0,-0.912271140833959,0.408430293259746,0.918681188219995,-0.663327183187572,-0.313066324765241,0.253459575297931,-0.162286013872797,0.639190714541077,-1.61574071416936,0.25790048435375,0.454426750917585,0.868193932135144,0.553503486724638,0.171876950903115,-1.1813043726821,-1.92385997254858,0.396130052644773,0.982116449043091,-0.354718297785192,-0.332734858549439,-0.329224111068766,-0.39545289543645,-0.0233424801890556,-0.288756956393832,-0.172100262609564,0.341527489383142,0.243434004759402,0.0897707251393161,28.0,0
322.0,1.20200718203557,0.108213476993625,0.591724235036793,0.56607855509496,-0.641573115917568,-0.816974062157883,-0.127402592868624,0.0043754888207892,-0.0261478207409707,0.142130857017838,1.43754038432091,0.414104282389602,-1.14281617932648,0.71431889971225,0.463185991290822,0.502347844116021,-0.52303351682781,0.0504458379834462,0.102606242009302,-0.174502714842987,-0.207683231155045,-0.70384360293423,0.165350246948716,0.493735717132205,0.114822058676737,0.0689473810315034,-0.0413497106055727,0.0080407851993972,1.79,0
69205.0,1.29894334653786,0.673469112806409,-0.577359486805213,1.11353819489631,0.464593125079482,-0.717044613182386,0.305506941333403,-0.213676968100262,-0.0802505387993303,-0.575330805760761,-0.644483442888626,-0.132449462334729,0.488124113484923,-1.17670391020195,1.07851314267476,0.730577497494756,0.347598140148095,0.693065334164664,-0.269740583032441,-0.0551237059564766,-0.102701501468971,-0.201491239827876,-0.227983592440225,-0.566631465984486,0.815536968196086,-0.276189815904172,0.0333236144418039,0.0434217360785208,1.0,0
126281.0,-1.28211484887564,1.15343603759731,0.605709213144036,-0.578712784700224,0.129056511241267,0.360164607827357,0.0250825565139492,0.604631578569254,-0.0067771065826166,-0.973737515999246,-1.56349210194854,0.848308761006487,1.85511986874153,-0.119561171551575,0.480336409748763,0.288390224064148,-0.582598300560661,0.149642582408807,0.662217935813387,-0.129220163695101,-0.109689545248905,-0.323210243765678,-0.039262786673204,0.0402014062777955,-0.142458580158348,-0.571237400486209,-0.482966619332008,-0.226709873691789,29.99,0
41550.0,1.19084074352855,0.319915412614289,0.878936711005035,1.31147472937603,-0.669338107685978,-0.913095590347618,-0.0536294172822325,-0.143443474850222,0.0798180432688086,0.0239731710183439,-0.0600322502229917,0.434593873499856,0.230579878268899,0.197356012724181,1.05022482484377,0.260340947403639,-0.444552446371873,-0.22855060140503,-0.593528086220855,-0.133921956269434,-0.055103442469662,-0.132371418377606,0.0724018980782386,0.700059469976082,0.376365169093316,-0.499832514330588,0.0359232978068321,0.0353000448781783,3.6,0
73088.0,1.0234295100234,0.0170915746680767,0.780835632322054,1.38187889407774,-0.50047067050476,-0.224863099737654,-0.0034583098368107,-0.0115084138242197,0.360784531100316,-0.259780414213714,-0.0830194902870286,1.07435160211512,0.545676424961464,-0.13831609308351,0.0035675984922267,-0.681689551260753,0.285060916880936,-1.17559246617923,-0.452927391466821,-0.0413218364645001,-0.17991291047153,-0.396922121469987,0.0555529491787187,0.412069043953442,0.383426051937049,-0.543783711677482,0.0511563139357521,0.0389533148139814,61.48,0
52002.0,0.14621885520135,0.696348077293196,2.31247299147437,2.62409431761558,-0.377505195848109,0.435984545108828,0.0653203147649187,0.0823118994067784,-0.171800400072098,0.615894541244978,-0.33589020072867,0.130339884380308,-0.0117376862896277,-0.618624942045137,-0.0955884401770726,-0.245836853657322,0.114767785595915,-0.605277562557657,-0.730581013064401,-0.0644150134470566,0.107850446696767,0.715952229301455,0.256699195111859,0.609231318394428,-1.49662922413438,-0.212817844961952,0.100603275176946,-0.0268204919641744,6.08,0
20118.0,1.11490940882047,0.232097833972026,0.378335422824203,1.121114098217,0.11496843478959,0.314796944453839,-0.222998048445258,0.187010672833626,1.200912864061,-0.236795500055252,2.47859186328642,-2.16219784467276,0.183410741641448,2.34238016629605,0.133916962965729,-0.312446097467225,0.694501329212071,-0.126012652094173,-0.99981698004176,-0.324133413117729,-0.0301002245594111,0.175469021528485,-0.0238948637980892,-0.371874477843446,0.44163663562027,-0.320783118911861,0.0075727468564395,-0.0057578158878534,4.99,0
161027.0,2.07482026676909,-1.30847710791297,-1.11669041955941,-1.17813947787307,-0.517122954155334,0.50125724798221,-1.11419020826714,0.16722320799178,0.0213900582551648,0.891566844486025,-0.210195717367128,-0.505949675601945,-0.252998707319229,-0.233422355476543,-0.332224343867376,1.72308330080035,-0.493192662207542,-0.182586818309026,1.13299766045118,0.142498923526068,0.331978888800763,0.796359942729729,-0.0263318159010549,-0.326599924535343,-0.0630619817632723,-0.0798806716878771,-0.0163648566326125,-0.0514002360421408,79.98,0
42772.0,-2.3281077031572,-3.07650983973333,2.14535870794769,-1.97593046699082,0.71433120778199,-0.600784804517545,-1.66499722157761,0.54605927220083,-2.36473801672971,0.816011280101133,1.31604069397331,-0.522618156571347,-0.0808395364860513,-0.180924084985494,0.246355331717055,-0.417554742574812,0.551461813559301,0.180215184066454,-1.31679974878735,0.491452888924688,0.352539638520767,0.453902725216659,0.512425635047943,-0.332376213969505,0.304780428302512,-0.137842467087822,-0.0317802367025865,0.103667074584062,156.0,0
56303.0,-0.837125459265439,0.593175087212048,1.84497616952311,0.189299295609395,0.523249763400218,-0.576385614566928,1.14110549933551,-0.893445578689783,-0.432757744226388,1.06660393924395,1.82396583523196,0.0405508023626733,-0.461587807215073,-0.0687029648454143,1.14910515843242,-0.683983792990616,-0.111021621627779,-0.226070507883516,2.48008981113161,0.165416165623747,-0.491965080169595,-0.987996251345099,-0.298996755433876,0.365388833598155,-0.389921728870871,0.761127623997997,-0.972057826771089,-0.583404460498186,37.94,0
36977.0,-0.802945491158646,1.04810500907923,2.72935509002212,2.93681528138943,-0.76039078743577,0.704387140330385,-0.278487647553926,0.495563191430426,-0.566630343368094,1.13347941255624,0.869043028964992,0.0825289823545699,-0.845191866690598,-0.160422034043007,-0.0981466090970026,0.0625973910424276,0.093958010284914,0.667666831373919,1.11561965202419,0.354527984053589,-0.0660316966814234,0.0969881036314337,-0.0734014327815442,0.508849582704326,0.108344599525651,0.241889799511905,0.419329849686381,0.133296074223568,20.69,0
161085.0,-0.0212242980267435,-0.0146388151694809,-0.968734785740262,-2.00162400785271,0.676647453517047,-1.03574999874593,0.741309279780332,-0.264283767612049,-1.44578225742165,0.726827430907391,0.658278504127602,-1.35033956683789,-2.09884761305783,0.741704559195481,-0.873087943952059,0.718651571239364,0.114320450183471,-0.925810237310518,0.695592941968746,-0.274540804196766,0.432062240248618,1.08892825417226,-0.0569630311141291,0.705714637161558,0.165197071050571,-0.0497772819643685,-0.261825580176628,-0.0780206690637059,16.0,0
140828.0,1.90548354298313,-0.613161876269461,-1.20095101931349,0.131233400320681,-0.295499282488378,-0.504806119258579,-0.157198478968371,0.017567832788836,1.15719707580893,-0.013611697169524,0.160394707175054,0.102218352580998,-2.15534560216624,0.696579531295125,-0.683832984685907,-0.177870981220068,-0.29509992119272,0.117343033046097,0.69142420884471,-0.246843695592782,-0.11997517862457,-0.334560843883317,0.14521984219789,-0.433825576981916,-0.155078569187506,-0.0817678738182262,-0.049169938472428,-0.0646443340296043,60.0,0
48642.0,-1.09533602202681,1.38727192351205,0.926836404467934,0.152639146327613,-0.0847747079797309,-0.426882768500745,0.502970008109765,0.41948864629911,-1.05164244734386,-0.141670275043083,0.777957642350882,0.177105226342575,-0.635072928708844,0.916939787017309,0.398381708947848,0.0509679022688502,-0.15646130519598,0.484486212516602,1.16315515008738,0.0720765077504439,0.0321517883078953,-0.0316648817038708,-0.303959310203906,0.0230885102820509,0.465744527973685,0.51369088385243,-0.0113011322633509,0.0362535547711724,22.72,0
120450.0,1.88950530423937,-0.701343734184491,0.0771974528385985,0.399582292284214,-1.17642462944865,-0.436177767954909,-0.894624898458926,0.0773948494467634,1.4841247722791,-0.0234961378290819,-0.943591108509101,5.0811274303536e-05,-0.495626094059712,-0.173137981094432,0.89412961748023,0.6400644103478,-0.536147141767643,0.0269101513487476,-0.391307158396618,-0.15002714838387,0.0550857994091131,0.203059183778472,0.301197181304282,-0.0029798141115035,-0.651358474437513,0.482745658406565,-0.0207458353663718,-0.0330483947859141,47.85,0
81866.0,1.2830668964033,0.349658648777285,-0.123793212772176,0.397965114140669,0.395351519930595,-0.0022942532017324,0.057352554702678,-0.058488369495063,-0.0556616576165895,-0.355478187202549,-0.572761723610141,0.526489947645618,1.39533699152401,-0.520913827640924,1.30850469177989,0.432344438420047,-0.15079917814902,-0.54366419590286,-0.184399398209468,-0.0131774761087825,-0.313998293706465,-0.818492649405744,0.0214563192091626,-0.946657127173888,0.311585813063099,0.183064690931821,-0.001457869266443,0.0195307882369853,2.68,0
170353.0,-2.20076994675782,-0.341342786245386,-0.420546850070905,0.555575572917516,-1.94103600851976,1.17327766851192,1.93231195257019,-0.0389198772482546,0.278623448719263,-0.154675044578258,0.255489239549765,0.17283352611503,-0.37531686187146,0.137906789497783,0.0001754667186894,1.17991479843783,-1.22095476053541,1.03171112112781,-0.447374578269736,-1.69635891924195,-0.0607408803738139,1.14693688639436,0.653650678504659,-0.373778070969432,-0.115051540748419,-0.606286752967427,-0.0712707186701102,-0.0498648984258018,474.52,0
134303.0,-0.276201894782865,-0.452490638576656,0.759351728410215,0.152041803303818,0.205449649053856,-0.0288588128744953,-0.204058867167199,0.18844880332653,-1.17608594690697,0.761919997834464,-0.165170078630883,-0.227312153624144,-0.618651123450308,0.299941424314134,-0.413719160648423,-1.43113591686216,-0.418407916965941,2.26083230289272,-0.192182810784748,-0.319506678998326,-0.0726875755066561,0.124492376971288,0.25476089198426,-0.560786412753903,-1.07432915245454,-0.686791519056887,0.290757937263115,0.261636266801223,57.0,0
60911.0,-0.237185825971358,-4.27576129001548,0.336144276907942,-0.350855968706798,-2.73754901201706,1.35183174164817,-0.8534607795391,0.285720492099279,-0.631940918516375,0.785324179007166,0.0289361879989512,0.0037806086896565,-0.542536493752213,-0.94883297714483,-2.41124646730808,-1.17294031027922,1.39147485762808,-0.0789880840629466,0.367240094429371,1.2342744076061,0.0791538850364972,-0.836565507649047,-0.67666621190407,-0.269773866896421,-0.0255338746208452,-0.263450345640936,-0.0512225153874372,0.153453795511414,835.0,0
152554.0,-0.183487222327757,0.376912452858437,0.833906979440764,-1.12824660571795,-0.183552597256221,1.00821770067968,-0.783019746601065,0.854251894214974,0.592947331913227,-0.990924402239142,-0.102223736978524,1.33703352351623,1.57522603212612,-0.370071443746781,-0.0943887768243203,1.11110197475858,-1.27696298166624,1.22223393579644,-0.0478325819396797,-0.115320891428484,0.349437375330899,1.01602354583946,-0.0613237739507657,-0.154023987693391,-0.490274092598314,-4.32575951210728e-05,-0.0353833081963928,-0.0507771374962857,9.99,0
154265.0,0.301450449301885,0.789649792769728,-2.3129287159711,-0.195377744300748,0.781364219943361,-1.10080880370036,1.15888129089802,-0.0305093289670389,-0.605198029584408,-0.082891326948046,0.149867547698055,0.154992534404166,-1.06927023196993,1.45865907898512,-0.5403297409862,-0.913559201733049,0.0078486729059051,0.3597938698007,1.35882484814834,-0.282160096002967,0.479609442656269,1.35306370490932,-0.167503066374508,-0.476377679632541,-0.23942516845396,0.447801035396939,-0.232270915227835,-0.102871673927187,57.0,0
79789.0,1.32415848120589,0.144149309942957,-0.126974357824718,-0.0292645885723298,-0.140723465393464,-1.04846839829302,0.288083070347658,-0.264601688956703,0.0285235427837377,-0.125388338795008,-0.664718803651144,-0.113853744030477,-0.302417867219887,0.478900338919159,0.933003562569416,0.281954885909578,-0.358811566920148,-0.796287688880622,0.468349001659471,-0.0737124797179929,-0.477946197979965,-1.45989531501934,0.146939175386524,-0.117926570731921,0.150466149391853,0.654333204215269,-0.105384282510483,-0.0012948190433447,12.94,0
171511.0,1.77524517307666,-0.326655810702285,-1.7643489635358,0.597763342159284,-0.0994935268570309,-1.22405394339942,0.250229131508792,-0.270994056302564,1.07610171097978,-0.94595630873235,-0.469351121637492,0.0612123873330915,-0.60251343854232,-1.46496287393374,-0.0037123437978497,0.0024511083436112,1.28049356614753,0.0667301802379994,-0.0056986644674098,0.0293402341249192,-0.179955000124006,-0.541222379251025,0.0893241500992162,-0.14753102049845,-0.139760036861874,-0.0969047793621089,-0.0277544558729297,0.0016262840401937,131.56,0
131588.0,-0.78010710946721,0.0904903237294266,0.906714098438792,-1.66276335030688,0.143515369230752,-0.231800256187818,1.00124596612617,-0.0818256215422258,-1.40300327024416,-0.290871859085037,-1.71167765749205,-1.16164578907795,-0.877641254742633,0.135355039933875,-0.516636482754458,-1.36262547579879,-0.320980150556704,1.33637736633136,-1.36641099684635,-0.363234771144094,-0.201327334895448,-0.340580254501402,-0.264100284894154,0.54850598541036,0.913385584300115,0.472620870713226,-0.0692478287906017,0.0463825665118311,101.7,0
67387.0,-1.48426245732924,1.01603528539268,1.42804382968228,-1.21061348464974,0.15502303754968,0.192431560217736,0.202024660144294,0.610596408162309,-0.869311046491797,-0.84886602246699,1.67649644489577,1.2047360904516,0.518839789190175,0.456976020880347,0.276915217421268,0.145305230403394,-0.105687371464531,-0.86790551401026,-0.89456342963946,-0.239557036777691,0.104264413435492,0.0484048253250992,-0.225492976245498,-0.209631021730231,0.0397210120209115,0.838592481527975,-0.388818206554845,-0.0789318551945633,12.54,0
68100.0,-0.345407743746678,0.0365981871953263,-0.568471832387999,-3.5700512139049,2.43685668562765,2.65462114082123,0.193827050365108,0.753916743770235,0.58732353104353,-1.54449531213057,-0.139427453170784,0.16584272521821,-0.128586545182897,0.366042649918452,1.15770022746647,0.026769347624016,-0.944336779803775,0.355094326075043,0.478937785252686,0.062793109189841,0.0361560574414187,-0.06512066795338,-0.0668466986855855,1.02889707160459,-0.230768088407555,-0.245627799334186,0.122715822459375,0.156623033265325,23.49,0
164132.0,2.24793363700395,-1.70190121191192,-0.450163059653444,-1.92006465181351,-1.20850468186507,0.929542129296064,-1.96376375421724,0.290441978179051,-0.879962078251728,1.64063782470551,-0.208956110694294,-0.194136937661915,1.17596171679218,-0.832176096153547,-0.23166554088425,0.480546322906325,-0.407527994424285,1.11617480770071,0.201328499632463,-0.300491291403429,-0.107782833145329,0.157964303824316,0.223857571291244,-0.429440861214566,-0.431648384768654,-0.21393381945049,0.0596431649780913,-0.0407531232563734,25.2,0
66297.0,-1.15500570882705,-1.25966771738105,1.5537002926051,-2.42537760791325,-0.212270183459136,-1.15525001164719,-0.233298211930298,-0.0550677544515512,-2.39718145549734,0.623195495489179,-1.27196966686246,-1.8188616537529,-0.501548009418647,-0.190490654637175,0.0647914419640643,-0.003022320838114,0.121307659507171,0.193894132275599,-0.643654328027315,0.0212749404194134,-0.230922147451867,-0.85458436284,0.140386811727427,-0.215732838179836,0.434142274748235,-0.428614730733922,-0.0320285103597255,0.0760658344770318,102.85,0
55687.0,-0.713265523383395,0.869131765725627,0.330114127691021,0.90227541221365,0.520835942850439,-0.537035840825657,0.301954527265917,0.209116652902077,-0.732440803147411,-0.266401998717856,-1.16014202451272,0.489390243416392,1.55427641217641,0.271329790595679,0.936913349342059,0.041773913277894,-0.43747695521095,0.240087372827437,0.694507997195951,-0.125640240808164,0.114404884938731,0.412488644999981,0.2231798715157,-0.430522458812088,0.109774317441376,-0.274568845415547,-0.108067256262484,-0.0753175840785533,4.95,0
41654.0,-3.09570768983931,1.32605783866442,0.542720593865433,0.155421829416086,0.932432220715665,-1.11932338265457,0.160631799957445,-0.431105986230999,1.7855164811804,3.01230824606065,0.363304348355941,-0.361654249074278,-0.427791747389797,-1.303129864988,1.84914308163699,-0.433296985849581,0.229661016736982,-0.718419857357698,0.103293441862109,0.440880651761213,-0.775183098214493,-0.57480293030127,-0.485608357004024,0.0655794695027793,-0.504436863700567,0.116262239108595,0.907358763190565,0.423736308330754,12.28,0
111753.0,-0.925906114486439,1.16109421522522,0.443904128327723,-0.62805646405136,1.14354352761666,-0.936819823778369,1.30977843833194,-0.464256988860544,-0.100199036542229,-0.502419412310422,-0.0407660928376291,0.132171003871419,0.409487499321684,-1.36730467844027,-0.146522204813201,-0.0818457019363457,0.495297899532871,-0.524112518955711,-0.261909294063919,0.0702964081869277,-0.323680769600062,-0.673346702377295,0.035773607570039,1.00680074796897,-0.208737875479527,0.0999021293476772,-0.262350416173978,0.0461232835333299,1.29,0
37331.0,1.40484473278138,-0.95826864471181,-0.613265525662223,-1.79773662864859,1.00997793933474,3.53583769238222,-1.5825395618588,0.926631035289891,-0.544847619075938,0.659983877640857,-0.0767215905989073,-0.76048300243643,0.358026217991407,-0.322374964501557,1.29390548337807,1.80274187614622,-0.448375408928601,-0.417150814065645,0.590551920346436,0.246860725012666,0.337115636591553,0.752713775707502,-0.150497097653499,1.04989514482922,0.584843208947271,-0.0357417597922421,0.0380042866302966,0.021553642804319,24.99,0
156643.0,-0.462254853582102,-0.217906683148426,1.30361496903844,-2.3919386623849,-0.297805118359377,0.14845169157766,0.12134641034573,0.179070612163438,-1.07055847653111,-0.182058495348399,0.666781536236545,-0.190846488514245,0.0325831786863533,-0.427667106687145,-1.1648774026836,1.48987788634833,-0.353974250573109,-0.603824120662298,0.0193803143126076,0.162044329529951,0.478030266118272,1.17690124632804,-0.12972561067428,0.730420501941255,-0.0240963393748119,-0.235571142151148,0.0916454747041108,0.134130796601265,69.0,0
87209.0,-0.0892930729455934,0.532420353044483,0.12438693010407,-0.311730683067342,0.343016601307464,-1.11587486373766,1.08296638556805,-0.242925361757628,0.0214152767160563,-0.555973389263113,-1.23567032900808,-0.920558733726387,-1.47556106332283,0.726014356433361,0.724840335616808,-0.305419452041148,-0.395639035287934,0.4370922396633,0.112491101293633,-0.0868058623937372,0.415566068839537,1.14155355309783,-0.0912227600412205,-0.0268664878337071,-0.502644476600261,-0.156791303806127,0.187787345748491,0.219491979914145,56.73,0
118591.0,-0.713757065843257,0.943089468843651,1.00795380023818,-1.11614565610826,0.847093755251003,-0.224917042231505,0.972729615486293,-0.0529630184452679,-0.248427214267001,-0.766242653246628,-1.82893681582406,-0.311448911738403,0.416595266009055,-0.123866703371654,-0.0145922815685933,0.266628834150611,-0.764776404218236,-0.0473125252389447,0.315521560095835,0.154800881525639,-0.135334618968904,-0.237289352755616,-0.549215382468194,-0.950804106768015,0.815684369884636,0.756409012134422,0.198817378408916,0.0926520323464063,10.0,0
140800.0,2.15286517625356,-1.03141200476927,-2.26001446905365,-2.04070156866868,1.65379141543805,3.26148023360081,-1.15003005208617,0.816686769713908,-0.568217114663309,0.802231567760884,0.320986284701809,-0.398384205422247,0.120340705527472,0.133331965839011,0.965479141412316,1.2018230364394,-0.0401350152803366,-1.94755386959303,0.544642257409714,0.0766218364925277,-0.230353512582001,-0.920996443487471,0.520705695076289,0.637062153691715,-0.540995863300604,-0.678296983621032,0.0005079431804192,-0.0477639619307211,25.2,0
78185.0,-0.528582418819738,0.714510971688503,1.42726071641212,-0.0024152110163461,0.289413064788511,-0.426899790631808,0.392887904389491,0.230789381056757,-0.604108050522513,-0.533973322927374,1.5892379184733,0.0108342829971806,-1.4131789834939,0.160612311918215,0.527234030084221,0.2572331656452,0.1877577074848,0.0493919523916493,-0.160934979272367,-0.105173926629256,-0.0808233074941525,-0.380850383847674,0.0991890133579273,0.141343698166107,-0.74495876680974,0.0052982820675428,0.106829725800399,0.148100592395368,1.98,0
69665.0,-0.331710147178519,-0.433967075914448,2.04614520260821,-2.09189631448979,-1.11574494038659,-0.16051013509916,-0.652566281902295,0.241447919553497,-2.52149000852392,1.08044162267271,1.32026491827508,-0.902462642048776,-0.744007792627879,-0.0207361182128383,0.196200246006584,-0.429825802757769,0.621883261562038,0.212272860055894,-0.166578465634348,-0.33841206955288,-0.198342735148971,-0.318867791507184,0.0612524027748359,0.133515487610625,-0.497079796287781,-0.441674796667598,0.13711788577326,0.107661619245394,7.15,0
77821.0,0.961340394964332,-0.556608920284751,0.813420456951388,0.31919302237199,-1.26848033104809,-0.961670798243887,-0.24601050440961,-0.151167569288947,0.488886719581986,-0.221277444199309,-0.0367631369461608,0.27112993240329,0.156931329343327,0.021458914321656,1.30852658346441,0.466325483528674,-0.326592821437569,-0.125541420375791,-0.397205251035017,0.220894287706268,0.225998542999015,0.382484983353135,-0.119201351260236,0.803270715334991,0.142703309223866,1.07186467706651,-0.0811413402896445,0.0395024598481177,146.64,0
4921.0,1.21180390368466,1.47031963157485,-1.20905408750477,1.97096260312572,0.705611927673908,-2.07436579910065,0.738571221006532,-0.537067341031285,0.707401839459801,-1.94034358685769,2.35138789264009,-2.48128813124219,2.02995727425401,-2.03530169407409,0.22647594326641,0.822002908016229,3.59795171256941,1.35669699260518,-1.24631991342446,-0.0552370528375984,-0.318175048922751,-0.543008962434308,-0.139168055739778,0.549016364238824,0.784039378863353,-0.368023034100383,0.0178043524094481,0.0974606981255495,2.0,0
92210.0,-1.02330463697588,0.208469845504538,3.36047403769741,-0.169050078325687,-0.647685009376774,0.659467582598458,-0.702540331820703,0.393140993050842,2.72518411477354,-1.54029159443293,-0.838145035581912,-1.65913259726554,2.45856304221833,-0.242579605848582,-2.61846372664177,-0.262551364882144,0.750841711075652,0.213368488781463,0.0040533068885747,0.127243899499119,-0.110040139036339,0.501704656222893,-0.44530708010828,0.037562029109486,0.499135779391238,0.839618075613387,0.286160250649139,0.123796407975643,0.01,0
13500.0,1.06198941497206,-0.0874143477710848,1.14697263803728,1.70482093385806,-0.657468669453132,0.501540022215829,-0.683246172455415,0.317528494176863,2.1253567105578,-0.410437220541309,1.70130420806571,-1.93917711410089,-0.301093985085581,1.57135301687358,-1.98003846974542,-0.636329417856873,1.08639584521277,0.0110120382424148,-0.23514894478873,-0.339817377884477,-0.188657799997919,-0.0398530347469321,-0.0275297886724038,0.155042435183575,0.479147619970471,-0.321514359024186,0.0321680532131269,0.0048257821433146,9.0,0
81600.0,0.325786154834127,-3.07561359780703,-1.22305271081968,-1.05009449436812,-1.07941196729045,0.46890745594503,0.101239282674987,-0.27429825277726,-1.85268211608616,1.03249988795628,-1.67839780346933,-0.934845655122314,1.01872094779878,-0.335883402013265,0.0106326331132139,-0.795864391900232,0.644899518014765,-0.224656768252955,0.0107943507607615,1.01263966117052,0.125365307348059,-0.54234825337239,-0.807766873936928,-1.2631976546443,0.564711736877539,-0.0184992750533772,-0.0900526490550341,0.106094133687182,666.46,0
76845.0,1.141572041228,1.29119504187036,-1.43290045302393,2.05820222243243,0.940823737515849,-0.958273875563986,0.391154204412105,-0.0925192025989645,-0.0328285936060586,-2.15530254380865,1.0804386160969,0.0444153214634158,0.441176590070526,-5.05382476474338,0.315185256694669,0.821195361600931,4.02736603913411,1.07797898032715,-1.10727585500251,-0.0059125766066523,-0.366507064917023,-0.714464900739845,-0.14391066716844,-0.305177619493244,0.697514060032721,-0.312544722619217,0.106247471401345,0.125059863331359,1.0,1
121989.0,2.00636542058681,-0.082992966146071,-1.00299363289209,0.309215225482321,-0.0676965851294001,-0.845549361878854,0.0884068922598846,-0.184427347443694,0.228801133714354,0.225027949737595,1.13503210699398,1.33600305146128,0.263215444299994,0.422316240260824,-0.652539087452207,-0.0062550309362925,-0.469109092539484,-0.5279917349452,0.330193732460494,-0.204577999508426,-0.223149352577614,-0.522257141799703,0.34199489791693,0.0261764219830833,-0.344272536819452,0.177443651495948,-0.0691364165849853,-0.0693094555461168,0.99,0
51370.0,1.25301970176058,0.128265377963235,-0.281741014916398,-0.0890791641475734,0.16419734475848,-0.785455821520007,0.490418426926476,-0.375710541640016,-0.273667225967824,-0.210191601155867,-0.608400210904752,0.89855074756893,1.87700274946185,0.0497175240197269,0.732580739391532,0.288784984865398,-0.601672250099532,-0.933987243444213,0.566383260061593,0.174445804634475,-0.445736702355419,-1.37609559162302,0.0354369691188771,-0.39840665555576,0.248937391590175,0.66302756877471,-0.101483901179582,0.0084985804438767,62.97,0
61085.0,1.29447576282744,0.373868395920372,0.0906356549726346,0.562709498208747,-0.068206927896519,-0.754562583101511,0.106936633469322,-0.195910678583117,-0.0012811015067654,-0.295581502281428,-0.46727668358809,0.305619543229594,0.786369593990909,-0.412548167575839,1.08208379614581,0.613392461487565,-0.227298870985067,-0.181056740079499,0.0010045336561129,-0.0334544827678315,-0.317577469477832,-0.890706223029076,0.0573149382572415,-0.180319739926552,0.303598579228386,0.126179519144783,-0.0207295886348702,0.0263747425734863,1.79,0
85559.0,-2.71280393674893,-0.299121566800426,1.99483315080742,3.36061114892438,0.0659851485523709,0.624887425553641,-0.820633000305649,0.691563279134375,-0.756507639410893,0.837360524680388,0.374995052541283,1.01291868044354,0.827329548163589,-0.303569781067593,-0.718575855686892,-0.0122177785003126,0.169263746988273,0.444801550045827,1.65770257669704,0.161935473962155,-0.0717677038348673,-0.199944054233952,-0.645680496571271,0.0819535935170547,-0.0605034644153075,0.0753085457147964,-0.900985828181536,-0.406266721548752,0.0,0
152235.0,-2.04251209084718,0.49670238165584,-0.405233795317089,0.989631496877916,1.623612576152,-0.443085253675115,0.702945005309076,-2.10053493149998,-0.718383845328507,0.299925053999947,-0.820801837673236,-0.15837956551728,0.0061596680414226,0.640519999443395,0.803390230667415,-0.612293048341389,-0.0635885983933963,-0.2423644466951,0.762136993575957,-1.25850364897454,1.33732993805578,-0.26983557575052,-0.748810637021862,0.671951699660413,0.297632447988501,-0.40492441644079,0.419064912347608,0.0296888747679759,180.0,0
84477.0,1.5584930712247,-1.23668789051897,-1.16111899683127,-2.49437092407676,0.972719884721144,3.23843213281907,-1.47598047517354,0.744520523678423,-1.9859269243559,1.49584398643959,-0.242632252542346,-1.02664892459539,0.500475156239483,-0.173877682608147,0.750864421239131,-0.0761171316974494,0.0065674048110924,0.399160815461536,0.124783563030508,-0.18398420690394,-0.261916290051295,-0.529060060084029,-0.0088408826873109,0.982213334602346,0.5453925065505,-0.192195873331013,0.0309685569787278,0.0158309665700862,22.22,0
82965.0,-0.380007782006659,0.484522519458522,1.50190396493158,0.673619818627461,-0.117800609472825,-0.605320583033254,0.477437110713505,-0.0191207261812541,-0.0550660597939131,-0.409913912285435,-0.940189034423504,-0.26472856994537,-0.803858317319174,0.0559855290499988,-0.0232689086729921,-0.618307082973812,0.315574735641403,-0.336145338479352,1.02434702581909,0.067030547362061,-0.0824613624817553,-0.179820179077927,0.0506697955315708,0.403949423788872,-0.498562801018691,0.264506396623015,0.117614150988436,0.16003739963237,32.53,0
89617.0,1.89777537888831,-0.333443206583814,-0.625633317952485,1.58241847391417,-0.403318561201131,-0.162290093052103,-0.302575906122576,0.18422016841578,1.22366332139041,0.22885540735602,-0.0544596421873369,0.169721931939898,-2.85348005573675,0.452952250020908,-2.14744136902941,-0.616798150397193,0.143256810262203,-0.222270597492386,0.498975952900282,-0.467138841561534,-0.303893142053225,-0.619495931691814,0.269529735460565,-0.0818677087182011,-0.0802912148943142,-0.830511983215106,0.0228794192367548,-0.0586300588962805,6.0,0
120331.0,1.77250685446781,-1.58305024805665,-0.126699810506244,-0.408715059536306,-1.29429934398026,0.820148166124656,-1.45489761528202,0.312110831832237,0.43657596991085,0.711707883357514,0.0616799126087255,0.737550419343104,0.787101619492287,-0.423515015513858,0.269835572083222,-0.552319092445229,-0.970898191312863,2.61690782175502,-0.78509747856604,-0.239716278867491,-0.0155814138483162,0.25277286110468,0.106522874430506,0.173290848779847,-0.458078123946106,-0.304928509231073,0.0635421099493726,-6.25080376925879e-05,156.25,0
119845.0,1.89036327762647,-0.650220742780437,-0.22126409249744,0.0467214535604405,-0.482309792574915,0.611764057254354,-0.949794494840494,0.25371379371446,0.986239855969874,0.0886798144761313,0.6175602051234,1.39812259018253,1.21735774162432,-0.356449816315334,0.0853479443370091,0.917916707022889,-1.07449213311921,0.499664185689854,0.0711122866776862,0.0152651975315336,0.0903932424961889,0.313230601763249,0.247720324652004,0.275992864160919,-0.544200399170073,0.453751220653664,-0.0190563673755131,-0.0371747453945447,47.85,0
32831.0,-0.8133347833829,0.37837531671974,0.907749705530592,0.855207921686262,1.22050822340457,-0.753066514091632,0.397591014392474,-0.0577829709670118,-0.550388735550304,0.0063956231183274,-1.13327228244949,0.0818331535456483,0.991676476218604,0.136968043498594,1.02098480901092,-0.141826726518885,-0.527430441933312,0.307513718868333,0.710318240242282,0.457569007511949,0.138015958432055,0.354877646819333,-0.0798294561776549,-0.437414951217862,-0.0139339008507433,-0.267945372374955,0.387084331300589,0.23548421896461,28.0,0
114948.0,2.19807026536884,-1.53562884051488,-1.4180895644857,-2.0056604058982,-0.16349625974999,1.47021349350875,-1.42185203049275,0.415362941710663,-1.41399931430724,1.62412884833216,0.634855691594412,-0.306379059982938,0.0413780529757024,-0.0940499484709495,-0.0266423004112128,-1.06333988099836,0.847093392402945,-0.700565088105024,-0.634892068035635,-0.511430463819325,-0.0946389819446019,0.286501159307895,0.26054898521102,-0.972816434898247,-0.312035481217185,-0.0776448408669981,0.0476140775984648,-0.0738157899680854,10.0,0
170198.0,1.85925952797827,0.185172631569672,0.119991774732644,3.7026286303371,-0.167872163407262,0.680716920756528,-0.649473131594371,0.301768144119134,-0.407734976436748,1.575363039468,-0.125829978536758,-0.0397639686279788,-0.749141968015755,0.0882088278949935,-1.21187145160655,1.47120959113323,-1.21868560342303,0.737086078531495,-1.32651706922237,-0.325058365747565,0.224685570016554,0.714134591152296,0.118057330867824,-0.373769314379111,-0.189972607366183,0.0769289759744491,0.0046601210530392,-0.0491325919981848,0.0,0
28468.0,-0.0130442229376658,-0.0901361236095865,0.779229212160772,-1.57479457904394,-0.833860445103131,-1.17828619775388,0.0607902473134168,-0.335843931848516,-2.59819206251299,1.41034486028595,-0.786289960046442,-1.86845476200531,-0.756774397983986,0.116971511253505,0.502845474968037,-1.10670294381666,0.96214973221044,0.140277191281104,0.692356324662752,-0.329240296111831,-0.0490847934268626,0.198611574859536,-0.136751162922829,0.371233714035013,-0.314547018659256,-0.0977224367046779,0.0286997745037333,0.137766322723317,15.0,0
10239.0,1.03148259860893,0.0602594276435528,0.189296305824696,1.15120532241613,0.0589758149910416,0.0714664998512831,-0.0120718915538539,0.0181365586018649,1.1392740193759,-0.243434916583719,2.04457028230421,-2.07784719689069,0.79931924288575,2.20715850679382,-0.144165490767966,0.0673901790245825,0.262991420625446,0.389956596691681,-0.53890210855893,-0.0882498021656073,-0.0267283432778277,-0.0006554567128545,-0.170534477835005,-0.37481395337412,0.549165083317794,-0.340126616265914,-0.020921130376019,0.0090372259935192,83.23,0
128851.0,1.63972000914409,-0.699826643524847,-0.769019734036039,1.79024783714706,-0.490949409174966,-0.324734071743591,0.0271060044751256,-0.179020415637134,1.13960395453324,-0.0302488368006592,-1.45287814167111,0.808320999628225,0.287247960426783,-0.378003913674816,-1.43815928860673,-0.742221864463087,-0.0005942335656022,-0.197809478189304,-0.185120162854762,0.0670543690486912,0.355611676521582,1.15059200586467,-0.259332271660458,0.126025459086643,0.426875048339853,-0.268068442014475,0.0177130780395476,-0.0201307364650944,171.87,0
50334.0,1.09569020951543,-0.572880869238598,0.676400481642061,0.135458924439345,-0.834053524927217,0.0127321663732847,-0.543000337930301,0.0257685458330558,0.892579834671538,-0.317713115078019,-1.25140195755176,0.254947400379834,0.710315132389585,-0.459314208981721,0.72396970097698,0.603200134302716,-0.579766468041514,0.127404648230083,0.224669360345204,0.1907319990124,0.0796790359828304,0.191231467277285,-0.221824868719533,-0.334626454734498,0.303333269985181,1.14857779611858,-0.0523456649440076,0.0246038160924079,104.5,0
118686.0,1.93350206986359,-1.14093152496837,-0.519723447773021,-0.480725164355249,-1.04281665712777,-0.188648787286768,-0.836224497954964,0.0094456270009428,-0.295419723184853,0.934052175914491,0.383440532494256,0.765635015824337,0.577996747551865,-0.0497795238451561,-0.319053742273718,-0.78180718301561,-0.639740937253061,1.45555956648439,-0.389614319775518,-0.387354788033398,-0.544467669407921,-1.21645066392042,0.385892552302024,-0.452738177294454,-0.762072443206419,0.229088879658407,-0.0328436575193742,-0.0374522922838161,94.8,0
137882.0,2.15151400449571,-1.56580484360125,-0.648946104818431,-1.42048329205947,-1.54908366698374,-0.758604040612436,-1.12694389673685,-0.245963398625809,-1.1360662087632,1.49778480177556,-0.921636107970373,-0.413438592472599,1.13497383561166,-0.660017201197486,-0.0847966042146565,-0.503722678892588,0.43916873833729,-0.127426771228666,-0.290810207761177,-0.271380673145642,-0.0964715662979253,0.15386909698829,0.194381812182966,-0.0823232846407986,-0.290384834179585,-0.177704378334788,0.0221298627379484,-0.0331853442054362,79.0,0
72787.0,1.2070018754539,-0.259005854990206,-0.558520028375628,0.296280242571317,1.70464042994514,3.98082421854982,-0.975782254906031,1.02575469349012,0.590237832999392,-0.0571230900544362,-0.61733954234191,0.222529085888704,-0.0694071210643794,-0.134697454216944,0.205728083102415,0.272461993131852,-0.700053135389981,0.438354636508133,0.0816408092398634,-0.0026207559198741,0.0401119377129429,0.180406522037611,-0.179544007927199,1.03228368818839,0.800865222053785,-0.185217674553572,0.0593586671999575,0.0246959321562059,17.0,0
69417.0,1.18951117965725,-0.0805415650150325,0.828906353538438,0.951066694616576,-0.315895632285462,0.797441768294776,-0.650970153881471,0.282291355282596,0.635852612504457,-0.0465031141061648,-0.0489323121280646,1.05383426194301,0.655433142813924,-0.332462629418519,-0.492551082239439,0.590736220905913,-0.951195143861702,0.751492608188447,0.513781749804657,-0.0505500760921469,-0.0806744144381313,-0.0343057503510389,-0.16884968869144,-0.82623174879618,0.556709724891671,-0.355548627102176,0.0702296415445528,0.0175284501765882,10.81,0
40927.0,-2.08025297061023,1.04285791017667,1.04543748423992,-2.61876998464305,-1.46234447868044,-1.32408269324962,0.0230025827600252,0.103653977536757,-2.11764570387697,1.91466251508434,-0.100241700249048,-0.271677381323717,1.38717595367374,-0.606670724332879,-0.206616247587745,-0.440783892429274,0.497136089807645,-0.790840414883802,-0.692546308430117,0.053894555624781,-0.725642863110776,-1.41830967542142,0.11883083343946,0.623599495502297,0.298886422260501,-0.789547181163545,-0.224476242126984,-0.234803746465266,34.0,0
140335.0,2.04128036893429,-1.03621331976739,0.405985330267572,-0.182525472087475,-1.68026566167141,-0.194329841119706,-1.47756896791015,0.0865078936951832,0.65656907361664,0.603119889229054,-1.05744800189114,0.391509597629014,0.934681825324809,-0.641953196809332,0.893057761413905,-1.01983818465584,-0.461296868702445,1.76651199702635,-1.31460135921221,-0.589614393378518,-0.10666465036804,0.413548176282439,0.282300847584841,-0.034469193304036,-0.472460866546435,-0.2663698639272,0.105208015828234,-0.0170896060295609,10.0,0
161456.0,-0.0100974079374391,1.21322119395479,-2.04145855681936,-0.423100508153354,1.19129897581089,-1.06070149137629,1.52668588607053,-0.0692986565610448,-0.851022041722934,-1.26853414042637,-0.907801590674204,0.446267364629993,1.22473534227704,-0.796777049454898,-0.865642653127023,-0.0170103423759017,0.695982248028884,-0.0401395344441751,-0.23390769880564,-0.0104502906964574,0.2326558832019,0.601972122748792,0.0486631943699339,0.466192118572804,-0.246029190063254,0.520345998565171,-0.105140169351635,0.0483311420497707,85.25,0
1341.0,-0.992611518805084,0.901072045397845,0.888141525511838,0.966377723280649,-0.0611281758944894,-0.940619451024089,0.516206959658286,0.0941804149632931,-0.301116877196908,0.112191592644204,-0.742786965970771,-0.619233107473044,-1.02515697238405,0.616167099896839,1.17009189489125,-0.229734079798002,-0.0691205311608092,0.241093084290727,0.408891436271561,0.0179231603417211,0.100854619316762,0.376558228458417,-0.220956207497245,0.383261387744744,-0.269054116681724,-0.354724304661492,0.0503866322426867,-0.151896143816963,38.09,0
153478.0,-1.17156201535909,-0.0836319641707988,1.33826356300823,-0.727088116361638,-0.0526310968371158,-0.405538288792207,0.438018550583166,0.17310695070471,0.196110803069044,-0.372874918350385,0.697916778195945,0.209395110186925,-1.077556805888,0.200397897681946,-0.401380289497036,0.562966183124055,-0.707243796491592,0.165752827009698,0.0153671517728049,0.064643448079128,-0.149824678912327,-0.501845732552885,0.230114290492981,-0.0207324478497939,-0.67220939306997,0.193977902078156,0.184346912901494,0.298618304257897,115.0,0
51410.0,1.050837046674,-0.111323129029099,1.37105443554453,1.79444053163204,-0.807678145929357,0.431386717365269,-0.475632377444498,0.223866502504217,1.1245359729511,-0.438950326549268,-0.698587895208066,1.45556593711237,0.364231264834846,-0.859102365534915,-1.80254795498338,-1.27341968668324,0.853628503374177,-1.54376610246438,0.0460166040433381,-0.168612562980337,-0.38418787146265,-0.604960091571635,0.113638057558222,0.426698456606739,0.404408137543115,-0.532577238331509,0.0955946835097572,0.0341236937261145,14.0,0
64350.0,-1.21939016597133,1.50445327165281,1.23300524942187,0.621504864066323,0.266080228469565,0.0933857524914504,0.618365519591004,-0.225436267851128,0.845166447303487,1.04851981359554,-1.4882327347224,-0.44579416059553,-0.462864171239762,-0.572688815222599,0.177511079105174,-0.584670674132297,-0.231600540978039,-0.0515046681385823,1.1252713491403,0.370450543891084,-0.30555877121999,-0.486263550288431,-0.233213292005184,-0.493540741117233,-0.0096820635279159,-0.488884157276896,-0.0827120561473311,0.0869802438970674,1.73,0
45797.0,-0.464749000578749,0.661391214533903,1.49951311411884,-0.221645389989303,-0.20137765804408,-1.46342525020871,0.624763627326726,-0.139131627426119,-0.108721215849481,-0.475508884033006,-0.178882502307835,-0.289021573801134,-1.03117108887917,0.300992491329704,0.42883511402861,0.398180088525455,-0.470164346651239,-0.507138041976706,-0.955061029012155,-0.270829114859036,-0.125722078345285,-0.523895479787637,0.252593504113786,0.861106599651882,-0.549644359411807,-0.162725885559538,-0.129508085195204,0.0473149587493021,1.29,0
78826.0,1.30324602130529,0.485047349080487,0.107430724181842,0.97170764856422,0.324031675914912,-0.229857219108014,0.232016567930725,-0.23560797629872,-0.254918645366956,-0.0067247928931347,-0.945334035262938,0.972526815786677,2.31635138985589,-0.151205616453487,0.827246176489551,0.417492033029787,-0.98443695640755,-0.095711633109446,-0.0523552496018382,0.0257982019924616,-0.0986620857310844,-0.153590718657095,-0.169599125823457,-0.610993389642211,0.743684738452657,-0.365607588743954,0.0334030154265243,0.0196924536794781,4.0,0
126334.0,-0.110069291910448,0.904310516841783,-2.47645561861744,-0.438383731020454,0.899168741424425,-1.16318232198728,1.98517921090895,-0.131413592492294,-0.721375876463398,-0.349522330214904,-1.51883970743532,-0.177678005786316,-0.264205605903848,1.09912595857737,-0.922066546648339,-0.609874821465344,-0.248684766597095,-0.296088160736968,-0.226634625613025,0.104222962209777,0.57914607691611,1.55110120187225,0.34513776064343,0.64979823026597,-1.03697573838047,0.36188829582244,0.319780779419123,0.336774908274676,160.59,0
1656.0,0.0630910431307561,-2.65594706549532,-0.0045907517071045,-1.39385673733612,-2.04651924024287,-0.887052121442683,0.187366176018153,-0.246488413549945,2.44160660721123,-1.91084319260602,-0.367311985953505,0.854296707988754,-0.132540563392664,0.0365867330221392,1.76953760577276,-0.770537762353533,0.0250770351280657,0.574481053366071,0.811527220906962,1.17122464179804,0.526108389659805,0.396134021609344,-0.713569827663703,0.459506885829201,0.439755279826033,-0.706016657493085,-0.0154942457302566,0.140894998450065,635.91,0
148947.0,-0.747848582763185,-0.260813321313358,0.273593349690791,-0.651417529129402,2.13713726442028,0.470839388948379,0.251726163136273,0.372807186845746,-0.197009158741675,-0.820691422197737,-0.39486282587166,0.402872112631084,0.0194065092572261,0.18723425312486,0.26961184516518,-1.12614927586558,0.556079154072282,-2.13867091636639,-1.10005813760365,0.0226362282640494,-0.06823649993264,-0.31547527856126,0.184060930523755,-0.339548828586991,-0.0914838475652947,0.349027197220279,-0.0613620717671252,-0.0256012352920938,17.11,0
37056.0,0.884281799608823,-0.973495290288387,0.929079577308407,0.397954667664519,-1.46356351072951,-0.351713321199669,-0.502973756002112,0.0730438659759393,1.35258036504248,-0.498304592580671,-0.979141742886179,-0.0035555806641123,-1.09825886227258,-0.297717436362066,-0.16062549239067,-0.0464183953862613,0.212876584382805,-0.469538591217972,0.418976192693969,0.195696991562169,-0.144202689759681,-0.592073106443162,-0.0550842822320742,0.450845613921266,0.0369828100321388,0.927803686292439,-0.0728540486837419,0.0414673006254543,177.44,0
166707.0,-7.61554436482828,-4.50895063150785,-4.60719222649126,-2.22136407799074,3.47480067029029,-5.06889679042317,-0.0612363201471808,-1.20962200067362,4.2262339142932,2.29984576419073,-0.45952341271238,0.795551204643854,-0.606706668127018,0.131714954867628,0.347263817296494,-1.09682363715467,-0.613073898257765,-0.957007541455997,-0.354980257964533,-2.33339219959421,-1.03160499075409,1.08215190182551,-4.64903682299351,0.516486353828496,-1.06186470887602,-0.891236989925619,2.97614446463918,-0.528426819406896,96.8,0
52667.0,-0.816854616495874,0.935641380757299,-0.331156859601841,-1.98901134549455,-0.289099687406282,-0.697373921926077,1.31137937164398,0.0507676466956241,0.677087264069888,-1.61980810758183,-1.4076359625958,0.828244094773083,0.861981014410837,0.193190191116126,-0.148998854754495,-0.597082832530771,-0.384535474526323,0.0019286019835176,0.442752466510651,-0.0888240865037465,0.09116893783759,0.489147882912476,-0.165798214912748,-0.406638662420348,0.104400799440845,-0.779238426185156,0.23883795834117,0.137938764742657,140.0,0
38446.0,-1.48860343564118,-1.68830155742891,1.03276684649902,-1.31758103862548,-1.59876824860531,-0.414670488302324,1.52217968748576,-0.0804875127158099,1.35542619982937,-2.03469666748726,-0.866774406996937,0.172592811879424,-0.421534165056085,-0.153841878085469,0.592947847761475,-0.177173478741697,-0.47947935578866,0.714924895872782,-0.287422241538187,1.02490958464207,0.624582670861947,0.963211674449972,1.13708839405276,0.330142200202248,-0.253007246777555,-0.832982222628275,0.0599576627882107,0.247970661808973,507.6,0
121077.0,2.18219572663494,-0.5883527975752,-2.33385395419365,-0.67470266315496,0.421833737052804,-0.636099763829346,0.262733461820538,-0.412903712076778,-1.1562292056555,1.09877840062923,-0.163406123977782,0.621092869663497,0.842264452046493,0.455152237765337,-1.16860404940766,-1.67896515286105,-0.469550446496597,1.29950598904683,0.0568396254838764,-0.477908590316565,-0.250403862276421,-0.138913661276333,-0.126382004632392,-0.971249729854518,0.352509839339024,0.866365539646418,-0.105086680127523,-0.0938411465723806,44.9,0
158964.0,-1.99347814017649,-0.0844637216879043,1.64432719842584,0.199116246609355,0.178962592451301,-0.753301277641981,0.114502645694576,0.539484573579707,-0.259774554487277,-1.20389433313224,-1.36975817119706,-0.26428524550355,-0.436460084857389,0.338434197868963,0.244017341571509,0.790257074317733,-0.789418303206542,0.595451922135846,-1.34631113945221,0.170434345427001,0.399990394458749,0.492202571535966,-0.251377301211494,0.0119473232437743,0.815427420804474,-0.534235715450717,-0.0771666903965562,-0.141178709351572,99.0,0
149506.0,-0.996089678490019,-1.27803338786022,1.32790977158448,-1.58874243371828,-0.887435977196048,1.79889141831336,0.768342179102386,0.0531090754397891,-0.143713419179763,-0.276953454831772,-0.418034417801017,-0.0741799143090501,0.660266545202759,-1.35312433728574,-0.542841321490484,-0.15488650339544,1.11865505015372,-2.96284997348356,-0.323368938362649,-0.0075807645770132,0.0663731542495678,0.83587971247245,0.727895311117497,-0.940626694471544,-0.771712196162407,-0.35742726170177,0.15352926280461,-0.1648163936351,300.0,0
148479.0,2.07184324619634,-0.244761398448576,-1.18713324025301,0.160474759968986,0.0281883423836459,-0.49271969098556,-0.13270604489997,-0.148843314672443,0.787891392781565,0.0600765772159282,-1.14062504778893,0.0888952171050711,-0.0659084435970316,0.150275109196576,0.308871156284208,0.149888115499585,-0.478826680810223,-0.335710260106902,0.10178522577465,-0.170642597593052,-0.0543974103924431,-0.0481830668680049,0.204045565165991,0.510424873447987,-0.150448518771106,0.538656461824273,-0.0749954997791685,-0.0563409612026449,10.0,0
149743.0,2.07928603670399,-0.0050015192922312,-2.0324587563809,-0.0243415282960875,0.354047737932082,-1.50846508339758,0.608365971141826,-0.379956933283024,0.139402445119789,0.223014225030979,0.973966569749109,0.283712996670004,-1.54458807175676,1.28859300203112,-0.141968173778511,-0.470953427006731,-0.337725284192101,-0.0080043664017307,0.299792548435363,-0.334932008450217,0.194141173432999,0.622445839379683,-0.0185363453127596,0.0406097798320059,0.338080153055137,0.225581980055821,-0.0947020299970431,-0.0920409899792382,0.77,0
47177.0,-2.02130409829513,-0.650997727410682,0.283550045597105,0.320275104166363,-2.83276573641705,0.412049941453916,2.11608832822728,-0.112453781058775,-0.104017994982558,-0.68985961248135,-0.6565359694715,-0.805358559286855,-0.718534611938848,0.337852469260926,1.69655866292815,0.625516427762076,-0.130393261948396,0.351741340643838,0.697180122793315,-0.75043210713492,-0.0300833578218971,0.682330097134624,1.042345259862,0.471892595783722,-0.449150161349031,1.1119683921836,0.23319175938363,-0.154800267334195,569.25,0
69775.0,-0.438285311777061,0.871741158346591,1.80421414700807,-0.179805370116602,0.254040235814803,-0.177890974144746,0.769766142584622,-0.0384158574278732,-0.592867448862811,0.0078977330373242,1.86776029351333,0.932639814463029,0.301773608151659,0.0852646441045164,0.367867502594967,-0.0596533165595368,-0.420107033125466,-0.450693859938332,-0.132246027527349,0.185365717501584,-0.177277317381242,-0.269524564604121,-0.0075903327634156,0.216258443164117,-0.332951874040074,0.0407374744960416,0.114997237306464,-0.111922086226657,8.99,0
54652.0,1.0083490407039,0.0916772036720992,0.426214585916984,1.24509873201875,-0.193378131822608,-0.31470579613947,0.200063650955417,-0.115318551271542,-0.16630148941741,-0.0694033523683533,0.0283802113787063,0.86281904387243,1.11454874536575,0.148940210763437,1.14899562751012,-0.0871926312085611,-0.280752364717525,-0.739550265283012,-0.820461507791447,0.0817676470532116,0.0207875804053908,-0.0420194809784896,-0.0614637217726358,0.0963070436159997,0.431867452746293,-0.43230512908394,0.02929995788377,0.0417447400604172,95.0,0
142806.0,1.68303261103797,-1.88602563603096,0.287129883258122,-1.318398279652,-2.14597409279837,-0.164243886341646,-1.39715255278126,0.216233111259901,4.19529522575792,-1.71499580133105,-1.60499756403581,1.07084353789214,-0.801632940307535,-1.00937682863935,-0.478534318654087,-1.25688971820046,0.420375283770301,0.439083410581548,1.28234321433509,0.0086749534042991,0.210169276950244,0.986824149576557,-0.0514608002303533,0.108825581145464,-0.0821652288937572,-0.671513554818596,0.124880096173585,-0.0013904943209327,148.49,0
22578.0,0.32400104247324,0.0526353121148361,0.983440217485189,-1.225318608254,-0.106860396037963,0.230332562520319,-0.329097734118706,0.155116752255537,2.94736333026001,-1.70042260875548,-0.333526412091225,-2.20976204995587,1.70319599148788,1.11276792767132,0.560848812157799,-0.478977501023144,0.437619611118298,0.476554036067417,0.33089377340685,-0.155173625753219,-0.0994359745853101,0.199765314619211,-0.0053030322863815,-0.989638988180409,-0.361486422461129,-0.775356782369892,0.0598333596576277,-0.0674579399650956,11.85,0
147003.0,1.46144334475049,-0.582644854337269,-2.29766547636583,1.08919034508748,0.0540963952504234,-1.34945257230179,0.724947362444376,-0.429394501109443,0.788068488679763,-1.16222343351033,-0.304325295535524,0.29821688862412,0.052674856973426,-1.96030940203148,-0.192126956637008,0.0390976250243389,1.57692627824819,0.411400053347003,-0.177225202530695,0.407291392152292,0.0085768596642422,-0.314868240560649,-0.188230020570756,-0.0986292773717315,0.0846870154226289,-0.328303186669556,-0.0364565235953133,0.0419366973101807,296.21,0
67642.0,-1.33926307937582,0.457646425274252,0.967954716290211,-1.83792550510325,-1.84367720277643,-0.676435387607597,-1.25615737125261,-0.0367436211262719,-2.71786732817505,0.649797049284577,-0.268536599397293,-0.620070641764771,0.322011847647686,0.308362800098701,0.486739739779498,-0.729646809231888,1.40560087256851,-0.386910022716281,-0.622371432198813,-0.740083958494223,0.79652126339424,-0.0705861737226902,0.161773457740232,0.565573662355501,-0.247692170926609,-0.259424889065078,-0.182371904068651,-0.0298481589676024,15.0,0
126818.0,1.64763027304102,-0.127200840473912,-3.4356699365724,0.545875194988249,1.16493430302784,-0.815591202445956,0.730454066296077,-0.26263062001364,-0.0781436848136874,-1.14444793081136,1.38893898975915,0.0757690834858649,-0.0667460403565594,-2.65864330482591,-0.0596661984434701,1.26202026480779,1.77173872688704,1.61287307542208,-0.0282221443583908,0.403325630097263,0.0161448884694798,-0.359852468649513,-0.222783438580082,-0.11679402054674,0.0826207849696481,0.658146763897812,-0.114380071306456,0.0278595052931323,230.0,0
121712.0,0.0288818216330825,0.43412494570814,-0.098199944575833,1.11205619047967,0.818073591024836,-0.0980325641549678,0.793232827721856,-0.0255361859206898,0.0398723495858654,-0.136294518106682,-1.68960078997936,-0.658857207132596,-1.27904489074138,0.372548845008044,-0.445058895557556,-0.985584460609293,0.147677824293317,0.171031047972214,0.695014326367697,-0.0143957899196245,0.371393440690759,1.18227786741063,0.0329917345380563,0.606100279697593,-0.749650352135229,-0.425181177822838,0.286154289258797,0.280865072493228,55.05,0
145837.0,-0.90256197040662,1.36804026655203,-0.872163953968197,-0.682390396612738,0.036384229460086,-0.870498711275992,0.271554266059225,0.713361375314341,-0.0929142115845018,-0.548162914774388,-1.8690466870321,0.0765077173339295,-0.0504346481758241,0.699971482725974,-0.372800006918999,0.355318932293462,-0.314512796046532,-0.421097054303233,0.13507862621704,-0.101966291377679,-0.249705391332673,-0.780741612092305,0.0960893409989322,-0.672976903353364,-0.31133685059182,0.189918104827145,0.107525481197138,0.0042681613798604,17.99,0
60636.0,-1.65045545690948,-1.80958832322637,0.765887513184689,-1.45561317221902,-0.501813151535771,0.34839665065168,1.89095567346352,-0.237344487531613,-1.64543372665793,-0.177104310841156,0.735635959335958,0.234947575826746,0.175930800827368,-0.0855779914163973,-1.10876012257154,-1.60060825346102,-0.204921796428432,0.993522839036835,-1.17313892552794,0.751699975143965,-0.0304693638520089,-0.418652797328029,0.949390806053041,-0.317968984464316,0.285488839866231,0.918510874546107,-0.353633079550051,-0.118061724827663,486.35,0
33387.0,1.44582547551499,-1.16740810716462,0.0656312996431305,-1.47664442679857,-1.36336664536695,-0.640204287366433,-0.929968990166908,-0.0718382371594823,-1.98984482721224,1.65748507724771,0.698079517779004,-1.04188579723,-0.894727994196991,0.227028329828639,-0.0240667843577633,-0.156294202376612,0.255479958176894,0.726551046956287,0.167730813691794,-0.327051638316483,-0.11275619647968,-0.0982973730084015,-0.101193111679368,-0.0397036839755638,0.475941350990625,-0.111268272426136,0.0003019498977389,0.0052584052713679,47.99,0
3636.0,-0.462031226823517,0.949765719786073,2.99802108889361,2.97189799316134,0.138674096229171,1.13085119099354,0.0552847232443306,-0.204027852158762,0.724946107820852,0.920991156841088,1.642038032895,-2.16792373186013,2.00512145278931,0.662106126201506,-0.950399176966334,-0.0628058743666523,0.336703384774167,0.938993643920114,1.1902362868633,0.192639775576502,-0.180261613624651,0.180661019817789,-0.254650118811386,-0.0243676217986361,-0.519684705534339,0.0442923816717163,-0.41622606466608,-0.320623406552067,12.15,0
130754.0,1.9659667213992,-0.389814856291231,-0.220574954102926,0.521699605139423,-0.764720370530238,-0.528589931820266,-0.588357884386041,-0.0591868876733936,1.4148571168797,-0.184199636506729,-0.877059279299576,0.692572421097007,0.461314954911304,-0.261974854195643,0.482658883485416,-0.0025300274064054,-0.460713356657253,0.0636025920817953,-0.308351290243418,-0.205587250718312,0.203972824892126,0.871225297290371,0.121714989941301,0.0217372702198666,-0.10032427750762,-0.21126602982588,0.0472232310970741,-0.0360450744337888,9.99,0
1200.0,0.978982613317181,-0.733198330803267,0.907977157492859,0.14081700543471,-1.04550967167278,0.180540230449865,-0.584554148823047,0.167885438756088,0.885876617814655,-0.347660948202,0.686606503224621,1.40418795356259,0.429052352703551,-0.445637287906023,-1.01559462712533,0.166355681087277,-0.250415772477724,-0.0690215206913847,0.842516212992411,0.198751311129041,-0.131907671554132,-0.382190656164724,-0.0760665706982898,0.102808509216745,0.125834920737587,0.932051918325724,-0.0558406322431869,0.0210816519540916,118.98,0
71708.0,0.136813629841346,-1.11346458375047,-0.421887916573953,1.85795902865062,-0.626460016517499,-0.574594776651737,0.775052571710747,-0.191682530845388,-0.116339505223824,-0.749363426567688,0.505193991707484,0.141468932559301,-0.0793165239281243,-0.764427330226147,1.43328758662893,0.331921647685831,0.885609670498641,-0.0666479488301347,-1.26127736371825,0.918227046900498,0.223230973143145,-0.490778582206337,-0.409749587965571,0.305798008218716,0.191139177536463,-0.494340215522312,-0.044605074494427,0.145717276158427,528.81,0
33052.0,-3.13071837843421,-3.2066125132431,1.42911707628008,-1.47640090193651,2.02409934678761,-0.692330157735812,-0.399876171957229,0.0981774398794801,1.94274750879873,-1.40139330037569,-1.79460686275054,-0.508293215260954,-0.749606199049156,-0.484856111749978,1.27748196532923,-0.0789305412663536,-0.800271888437308,0.628151436462185,0.216306617853785,-0.368231929859815,-0.0387275990496311,0.780754190298956,1.66688192339378,-1.35648836673324,0.945039887247456,-0.548041855823965,0.1371680506809,-0.258143980924869,70.0,0
166024.0,-0.358673012574531,1.45014255226244,-0.0805528011649294,0.916839662306496,0.849065083382393,-0.848995915510341,1.42904541802531,-0.283844170155335,-0.463918399821661,0.308587705432682,-1.0669141943687,-0.109920999549125,-0.298604705417576,0.426268213624207,-0.297920607429116,-1.23190587642741,0.187010055612284,-0.379613290905666,0.725218350742804,0.169113179225372,0.0792386377381125,0.641754990281664,-0.280915095756018,0.0005385278646117,0.0773072988161118,-0.369802191908462,0.550700566639591,0.30502493735189,12.97,0
128113.0,2.15396903445573,-0.852910474485523,-3.07066611197118,-1.34218415527849,2.19486946981565,3.18200758536299,-0.539460327834863,0.635973788999393,-0.820495177015438,0.928815362443557,-0.359585171672579,0.0322106991695154,-0.0509356193134958,0.472463361601342,-0.170895821883931,-2.14097750776934,0.102722000451275,0.385194145119743,-0.692210405865906,-0.535414067628271,-0.389905243129968,-0.598496392879035,0.1845963752852,0.718796214894832,0.0972109422363692,0.581624004716019,-0.0551120766899174,-0.0757606259517604,22.22,0
43286.0,1.19049582800809,0.322353932023835,0.26942264197291,1.07037722834789,-0.0611295257920889,-0.488091334392229,0.169746292494309,-0.114316044063294,-0.0700460751455505,-0.0410994232784988,-0.117232252866832,0.443493221791211,0.297375256629057,0.355394700937565,1.13721623245366,-0.257957805813758,-0.165537823876056,-0.638862441066213,-0.733213842209341,-0.143837047200955,0.0622211239137392,0.26429924863193,-0.0781956893868883,0.0955236178674052,0.623465461774362,-0.300393646033714,0.0312434327185903,0.018622590534485,10.0,0
71820.0,1.16286018311787,0.211240112078365,0.87517792349336,1.04430060929713,-0.6506641598553,-0.571383578601091,-0.220116620774649,0.058117214501245,-0.0021510527341009,0.149744676817304,1.45574060660798,0.746371250324395,-0.564643427084951,0.541773259336327,0.51091673544918,0.534656847515536,-0.694956765122033,0.299468885481378,-0.150435946400392,-0.171400452458856,-0.135769933558059,-0.448431726726791,0.135853279741552,0.47096486215635,0.225031362555855,-0.650661992192052,0.0310155365021503,0.0245105844445914,0.12,0
85965.0,-4.69724572820616,-7.49289112488857,1.96327154768886,-0.704096948350289,4.51746815430281,-4.26000484891917,-5.10190097021488,0.868145872000342,-1.45320409648902,1.57628978923375,0.908323928454927,-0.829738203364376,-1.45395128371446,0.284696100123436,0.0946179919504823,-0.16085520812817,0.422673030804632,0.686515756303238,-0.997312875824833,1.25720649746371,0.539920465269588,-0.192884984869556,1.55499800771372,0.0980360931633978,-0.837136821381922,-0.56347017582283,-0.0284974013652359,0.317408692269197,59.79,0
169572.0,-0.107779724298943,-4.67522521128794,-1.86544290874152,0.0404606825691748,-2.05095480373697,0.118956686329118,0.597273759210717,-0.283054189406094,-0.222776564638903,0.272204934928342,0.518319130188807,0.394998540201484,0.354613220900173,-0.0965441928311237,-1.0013800215438,1.37448382387599,0.0202979364095102,-1.01047009584633,0.976623748746141,2.34480840931047,0.519934734359906,-1.09491458423997,-0.660710899381003,-0.380353395658182,-0.88339317865262,-0.692345608073805,-0.214664116751,0.145637603279579,1174.4,0
135962.0,-0.95463854311655,1.21761453839306,0.508624641759731,-0.694345992118601,0.842896668499987,-0.901874416799063,1.74597812217661,-1.17926926228008,1.34464339674966,1.9288726112766,-0.50356562097037,-0.49354033748574,-0.541322879789642,-0.903704372880861,0.128748294630061,-0.802563023675194,-0.622007007748688,-0.877126933965693,0.349324921693514,0.486292919674553,-0.466861986809001,-0.311590424139654,0.101705162772405,-0.0320472713443892,-0.972867316654595,0.0168008629024358,-0.431202322006522,-0.442541419983589,8.99,0
140769.0,1.99627871517972,-0.0240350260620123,-1.94269091115445,0.478390331727544,0.235454268056878,-1.22337027109405,0.224186095682077,-0.286677203687108,0.795388551246587,-0.463456593643781,-0.866533260329933,-0.690584107340313,-1.13691300900124,-0.497565786672375,1.11245709287721,0.324134184332038,0.375949955876903,0.699489585076552,-0.356797254253508,-0.192939871932186,0.18596232028986,0.569788806329919,-0.0856817138020397,-0.513628176670434,0.236252305091254,-0.0735667941227264,-0.0154129959144277,-0.0311866743134567,44.75,0
69160.0,1.22073076198361,-0.796938183811334,1.07534920860745,-0.592613186559769,-1.61086359484511,-0.470614729735718,-0.98629294926052,0.0288189729564468,-0.793127283216074,0.784840429203134,1.40302001615855,0.848284148540333,0.85009322472639,-0.11098943851051,0.536719791700968,-0.724915572946538,-0.454968620736488,1.77908401445487,-0.858814712800801,-0.337954215312417,-0.123009499671042,0.0519936028392802,0.0282990342513216,0.58972863494737,0.0167245062312679,1.07185569911845,-0.0296670098506323,0.0198111066570808,48.0,0
169891.0,1.49642525116216,-1.41148817211014,-2.76475181112687,-0.654771012088535,1.95848420463635,3.55959724661518,-0.258567855833793,0.771980813274253,0.910025186980679,-0.320029980104933,-0.183983597066008,0.592431147831373,-0.237178009361151,0.361523214897872,0.172627742544358,-0.548351576715822,-0.176322915879585,-0.718480649664292,0.14167375170429,0.394075142064406,-0.0014869222450391,-0.488742597502259,0.0124468189233033,0.729394044181819,-0.129573145230222,-0.0971943790913494,-0.05743620342736,-0.0144693202640095,280.48,0
145798.0,2.01257314232921,-0.125293339211814,-1.01255067392198,0.325991570967508,-0.164620875422311,-0.951329116034658,0.0584580449440607,-0.172721966135831,0.331839203223932,0.252962044419677,0.97742309046557,0.960000475333923,-0.409314962727007,0.551703716115441,-0.626409621320871,0.0815005377610093,-0.483651154677484,-0.358990380515984,0.403028392113482,-0.240217412942002,-0.235722071405366,-0.599948036203906,0.343770417806742,0.0672663460772704,-0.353532607476399,0.173941394201202,-0.0768623231347731,-0.0699698995038659,1.79,0
84978.0,1.20900645468592,-0.381557094026279,1.10427033647277,-0.843974403804164,-1.33058533407615,-0.805388017379653,-0.70599132633089,-0.0546788863386498,1.66281498072995,-1.03772907858151,-0.111955247236355,1.00917678520451,0.989155970061691,-0.255083944491527,2.15623585069842,0.0124680938682879,-0.563302055700642,0.647483278441431,0.108636461823369,-0.0083621006712994,0.285934203338092,0.995496631404807,-0.13666207502204,0.449937765757064,0.510732916031528,-0.556131751199565,0.10689996573161,0.0457048868444785,19.99,0
40230.0,-1.18022410091824,1.3612917417972,0.808362106437816,-1.20267808875667,-0.668428352702144,-1.5241001073673,0.314847283583843,0.331188222375749,0.199913048912222,-0.231039166034704,-0.330310935368819,0.0839209359021642,-0.367925059339838,0.295072727398437,0.393536980641625,0.49292857712705,-0.345332599939099,-0.506701795662399,-0.897829081016124,0.11030530211962,-0.0748947816705955,-0.177436158527917,0.0367275454059202,0.746468960696763,-0.143336242915802,0.758558324840215,0.275646815395926,0.139957241165542,0.77,0
129650.0,-0.191220203532922,1.07531916388925,0.197448100457432,-0.653247117096288,0.442909623196007,-1.03555361886501,1.0444334129742,-0.211750118616957,0.0405303405338068,-0.133319290389478,-0.73684477688115,0.529146912440264,0.689190939548929,-0.0883921610914548,-0.41534825883047,-0.203705503744412,-0.400513414818074,-0.93702022296228,-0.190903627877679,0.126532476195435,-0.277219716491557,-0.513897713729283,0.0803241414138135,-0.0052370564332828,-0.429372256629206,0.145768215545552,0.361363098372309,0.159694495358923,6.23,0
153224.0,-0.941298431865436,1.53285869015241,-1.31699856776486,-0.858801255310457,0.785682195805258,-0.539518119486618,0.898141793447096,0.618796809368922,-0.937789838945778,-0.963993354651395,-0.127304795215469,0.485070804186277,-0.776145192481095,1.44807111230165,-1.28540203800934,-0.335763374918375,-0.238388213851703,0.393052478463259,0.508180113559676,-0.417726543614183,0.34653382713973,0.752409888593056,-0.321448871870436,0.384298703293746,0.322145046004253,-0.17151638836627,-0.271727770538836,0.011620110692684,28.38,0
135817.0,0.0445639912950476,0.834439902184312,0.288222474952147,-0.578801287081237,0.360331044199155,-1.14255723450316,0.979147394306094,-0.181093423804635,0.0270459405376402,-0.396590642184044,-0.999661225083748,-0.11182002927341,-0.466164380986914,0.20722645361356,-0.351936177929474,-0.0736747010685775,-0.378198869258746,-0.693341986515175,-0.0839514936567684,-0.0707010071702796,-0.265756744174784,-0.608516471263024,0.0751693075863941,0.026468196796372,-0.506744162368933,0.139343316241046,0.244282770503349,0.0964374407805654,2.67,0
37821.0,-1.14588408662602,-1.09356762256258,0.456444404945145,-2.15846824286506,2.37495574952596,3.08489015575694,-0.891463783667041,0.974235370732049,-1.52838647882097,0.187362212035991,-0.462320235973375,-0.653227741928442,0.357670981996581,0.023141462850048,1.16582020714912,-0.902795813116838,-0.570304895589358,1.88110678844615,-0.327494397498405,0.139882573254559,-0.13344486750855,-0.462341880023801,0.0113616099755196,1.03566764106177,0.353785436605844,1.17721035513996,-0.055468806064077,0.0753151670228989,71.63,0
89581.0,-1.29376765809781,-0.333610854595277,1.74356984511513,1.01607482720454,0.100582515199079,-0.46102840925452,0.105006602025936,0.302225252783963,-0.606589603255937,0.469894206784176,-1.68522133505323,-2.12246415725583,-2.44907126205416,0.193868567490943,0.0517274024035593,1.65062453491509,-0.755479502092163,0.157263683636829,-1.29398852098924,0.394106508050601,0.218830166171341,0.0891076235882576,0.307832913047183,-0.0225685015904149,-0.526120517921556,2.27016463170503,0.101191261703349,0.187539048290489,133.06,0
66135.0,1.39482085130324,-0.37260744391609,0.59615139743808,-0.667795937846574,-1.02730505015819,-1.00619351237416,-0.467115471344209,-0.257756042987536,-0.93523536723639,0.569930338153422,0.0032445829791372,0.0690550585037801,1.31347779550931,-0.388608832549792,0.66021242533529,1.17134475326264,0.163698635761196,-1.72387702760335,0.60790850637289,0.153005309742177,-0.0804121116860768,-0.30743323975483,0.115689675765894,0.403546168235011,0.268350456496656,-0.484635833411768,0.0168635562011702,0.0262427043253278,15.0,0
156058.0,2.13693913002755,-0.132413639657746,-3.89719699044311,-1.02392058337471,3.17702376605836,2.58858848982469,0.388605362091211,0.411435130666653,-0.0313849813049208,0.0469514987135232,0.012717068644098,0.240114976721513,-0.416571287213411,1.07932885529689,0.323336930738925,-1.09224392931758,-0.139663801204394,-0.72548604011635,0.0753262053958101,-0.181742866448309,0.277473092241318,0.902706721254171,-0.165524813557855,0.799644676541071,0.790335936801724,0.481345360636879,-0.0837003720988465,-0.0969989064279741,4.86,0
58858.0,1.19657783638559,0.21783587565906,0.361306254399816,1.20162879914607,-0.258924338543279,-0.43568485566453,-0.0431439036666337,0.0174027920062039,0.188043315379589,0.062788631125584,-0.43291286513588,-0.466540339561304,-1.33038342352755,0.62371971680607,1.33716144803745,-0.0783777961555622,-0.119349559614088,-0.351667511719643,-0.820970171075665,-0.266291303007438,0.0799938391021391,0.257385752949789,-0.060979289415635,0.0478284517225446,0.557260302379578,-0.246131236807958,0.026489309254174,0.0151821949235752,1.0,0
72446.0,-1.23378355022113,0.61600749960781,0.983918625151118,1.12143113249523,0.237263424010324,0.184275433906739,0.0036712224427806,0.607584507520426,-0.975067855705411,-0.110273857694093,0.976857806069597,0.54558659909034,-0.148221862295923,0.841330278852106,0.915273440755998,-0.0971358193678217,-0.0542091323233549,0.356436495491288,0.75995229300803,-0.0435387411504486,0.163915055610702,0.262232324250357,0.0721089893250788,-0.316027782025224,-0.336049000690141,-0.352618159099419,-0.0582731096969253,0.0496620460401526,42.9,0
29355.0,-0.542283008599446,1.07966968952244,0.259790735512121,0.907974527119634,-0.264534333413792,-0.345742743883451,0.304063385148045,0.26692648242101,-0.969014965204625,0.244497570359809,0.890148385295874,0.420928251289929,-0.133618471619435,0.898212322365079,0.798665013171089,-0.276506437717678,0.0902252477794923,0.541194993218992,2.01238853292817,-0.0377776501980475,0.151142518156203,0.281464759372983,-0.045485734972209,0.0411022877960204,-0.465972675773126,0.491055251260316,-0.294288358383696,-0.0055468910289877,44.73,0
52258.0,-0.547147045560063,0.0558003904583567,1.37460302171027,1.23734435767734,0.9836396739791,-0.662792887334438,0.388977948478415,-0.179046805698415,-0.441266981212014,0.10300206862256,-0.163064331431394,-0.111739733652837,-0.0270322877756772,0.201879438061062,1.54456456591392,-0.788394775549236,0.116439182573718,-0.313872666723988,0.338908352919482,0.312210817349464,0.173206383757397,0.500949572602966,0.0174497492042164,0.0842077525190501,-0.0907047549912372,-0.248586503530573,-0.0928777915463884,-0.153853680362119,31.55,0
134640.0,-3.52010877385462,2.55550595512389,-2.13834510972617,-0.509240031039955,-1.21198637438851,-0.66025122935274,-1.28469005470105,-1.74154977912588,-0.0253847811999441,-0.16605966278194,-1.29540098231726,1.73080955528701,1.49919760304485,1.03640485410273,-0.641956901808077,0.403817110648666,0.387380649715624,-0.742062003890489,-0.252351687193043,-0.772614956806921,2.82876465753719,-1.72120443646697,0.325263091602602,-0.025860388094756,-0.198589872939986,0.17288672990412,0.32314960079012,-0.0850005998462631,44.99,0
164127.0,2.04755969533049,-0.413865349847802,-0.652293159081417,0.210491947364582,-0.166620482371343,0.263414336123383,-0.660149111525605,0.0304975532576209,1.16447865418282,-0.0260719352299707,-1.51185764112567,0.562532826351776,1.21925986438659,-0.504094464367726,0.344190311852772,0.518619714503892,-0.830086542664245,0.15999460495333,0.0192218381910766,-0.0749516943039322,0.118141272404894,0.571918887750865,0.0953251620811322,0.114474711582131,-0.132190216854289,0.575434969526827,-0.0193355355713018,-0.0449123322737638,11.5,0
87920.0,-2.92969335654384,2.65500792848593,-1.39156481022841,-3.01597805882764,-0.0144434382407423,-0.734151567900893,0.0725616255240059,1.32394565815447,0.363120035558149,0.0918307714624915,0.173165410135379,1.50933548827072,0.802310714783994,0.699926563640259,-1.22648970344857,0.835239662675797,-0.830543639313001,-0.230971886594302,-0.522619442826588,0.455830353825916,-0.309394113969379,-0.889587534296975,0.0504758352036416,0.19499044171761,0.373227885343087,0.38188875491401,0.474143604399287,0.335812308184876,1.0,0
40775.0,-0.589075527855212,0.577002706960399,1.18017484923956,-0.424771236455969,0.352081253644625,-0.462269456930096,1.45603789846846,-0.559291925908171,0.161773786384728,-0.275154769286069,-0.066357618922494,-0.526210774015647,-0.680688726955518,-0.740599717557119,0.761488231717176,0.242751322156182,-0.235383823494238,-0.620508305373985,-1.14442777819952,-0.21947999679269,-0.234442659639574,-0.315518527280295,0.237885409370504,0.0049698366495297,-1.00957038200083,-0.229706514382068,-0.36163124335319,-0.289136635379182,89.99,0
50028.0,-1.5909121173784,-0.122903011744618,1.16565133861488,1.2798876754998,0.380185368802446,-0.147608171926895,-0.625155804351873,0.882300537360622,-0.131509810666493,-0.248248626452128,0.576132781236791,0.497372418633049,-1.3949399126105,0.648919125286719,-0.602185468680386,-0.743009920106201,0.552543632621278,0.14404543622446,0.715307408371375,0.232212010301175,0.220013909643571,0.435485053110028,-0.116722872659906,0.0151072675139162,-0.193559081722991,-0.254295545190856,0.330680362600413,-0.0307800777088044,11.95,0
146954.0,1.93556488741734,-1.07231213714014,0.0934142620205817,-0.553600949016212,-1.3059016725282,0.15633634565868,-1.27921965720517,0.309284712885658,2.32428873569026,-0.45516463872579,0.0395642000253313,1.01540283682619,-0.761464794902694,-0.483650084253156,-1.03641416008068,0.0761714084913141,-0.311563523914951,0.412938179838321,1.00676738864213,-0.195254073409077,-0.0496511275732752,0.195897280265555,0.224432221903759,-0.28537460280368,-0.497874823560444,0.58261610229008,-0.003877296202988,-0.0563433788889593,18.0,0
19571.0,-3.28238997910879,1.75454179677195,0.0456382822363451,-1.56055780633663,-1.42530024803066,-0.718864042287959,-1.22583031840845,1.55135927352743,2.04403047410475,-1.36572402598961,-1.17057776140481,-2.24775831612026,1.16854688049686,1.86588133821149,-1.79291333279053,1.16404746015153,0.552301084047788,0.16392134966551,-1.33687861192098,-0.70144878022697,0.0572438836920967,0.0202156732523063,0.11997239269416,-0.12881860263278,0.0466641677383803,1.1434194478056,-1.00054342099363,0.0225453326161584,0.95,0
115388.0,0.527926170933648,-2.25273622091134,-2.64471027371069,1.89587491087135,-0.283903060643057,-0.87129960278898,1.66733729842146,-0.521012450992505,-0.185590002164288,0.160311652320338,0.660510915550178,0.444989393204124,-1.22324705328195,1.25155008061156,-0.923994529493214,-0.396696675347585,-0.354188818677352,0.232535332496227,-0.207523949412731,1.20759289391648,0.655507937469542,0.268400532273239,-0.749493138035457,0.110350197569479,0.25266105254346,-0.490077994546401,-0.185825013013281,0.0549452958489472,774.0,0
136978.0,2.03273016169671,-0.0097342701770813,-0.629628771361136,1.02681724512284,0.182281624816157,0.324053845166855,-0.432598376156187,-0.020629933520155,0.681733505044171,0.170153152003868,-1.31971828236263,0.884694999133818,2.01183913211545,-0.405603134573954,0.68287781429033,0.623211889974127,-1.18574264038774,0.410151852367575,-0.478202633880015,-0.0944779568843782,0.186430947141817,0.757456099763001,0.0649932320506007,0.0625625890776825,0.0906942681409413,-0.556726272842549,0.0634335135939247,-0.027454754779164,1.0,0
86449.0,-0.375531465877227,0.992853450456887,-0.36057447314464,-0.422901405640908,1.05170923590232,-1.41145559207243,1.06133129739226,-0.314373771079982,-0.0803129932621274,-0.92158320292069,-0.357891967937956,0.18332062173677,0.807825516680666,-1.19208134257551,0.480987522420961,0.139656935897621,0.351307441000313,0.504985102920208,-0.651591529118956,0.0287505837626087,0.239341593726851,0.932444611723523,-0.175287132220931,-0.141445010661727,0.16577788770579,-0.143393237785274,0.205126331692842,0.152069219458924,7.33,0
169571.0,-0.122589944963508,0.69332897905299,0.788121663223159,-0.31463301744203,0.722696879572622,0.694257599514453,0.215075252994566,0.115073162067128,0.346022068696172,-0.52669431956834,-1.78820642239384,0.0191064929779876,0.882479932061347,-0.269054427865556,0.963040752980499,-0.0248496569350565,-0.626702853939487,0.332086340378726,1.29468091408607,0.0473111551525366,-0.122013948957989,-0.246066841416296,-0.0512290551222149,-0.389139382237912,-0.771994300672481,-0.502356856141824,0.122094156139141,0.203217229652039,2.49,0
75371.0,1.23254069054191,-0.229078324178875,-0.332436995972128,0.0850297127411452,1.57401382120501,3.95949895299667,-1.13061014081845,1.06773926165786,0.628702810815522,-0.0850746648508507,-0.434034692453544,0.219160828028078,0.0484223890719881,-0.104048947170867,0.810640392924502,0.597506594774902,-0.905791386079,0.516238685400644,0.0106695486963381,-0.0178981498371075,-0.0636886289616421,-0.1694119127649,-0.0340395684752478,0.997737611451448,0.552449963959625,-0.383991501916085,0.0729076817137293,0.030968692955052,1.0,0
19354.0,1.26247679938063,-0.504053097490661,1.04062050255077,-0.9307442238357,-1.38331827958963,-0.797121713402118,-0.841110085068464,-0.0424654918092196,3.46798686665124,-1.52626118030504,0.25777221569598,-2.26376339820933,0.518260856498159,1.31594692218634,0.248948431077845,-0.530832635373494,0.87169318920038,0.316220505689912,0.675751562947407,-0.204680055475711,-0.241576524760296,-0.20351419749153,0.0145898815891427,0.363083655005803,0.314230584544294,-0.0154067929886559,0.0109516282640342,0.0158364474749925,3.6,0
47365.0,-0.461285862101882,0.299572061607621,2.99884389945014,0.447582448265348,-1.29594684771397,-0.203195216802998,-0.421367552734519,0.296296647007459,0.796799570238895,-0.710353617982599,-0.70375927703177,-0.101424623835636,-0.814282382468795,-0.631241409659505,0.0376248104199775,0.0664771686715706,0.0347895496273098,0.26320336242779,-0.244091088712658,-0.0937968770350269,0.253681993191637,0.922779093011293,-0.147996859094156,0.964070891117926,-0.248103687992311,0.464267483265899,0.0902606196557721,0.0759706411089794,7.83,0
65136.0,-1.88086335707511,1.14672210124671,1.39888405019638,0.501186306488442,-2.27480641196591,0.310431084383668,-0.191738542066557,0.696001232076325,0.0811671092690896,-0.422508478866138,-0.70189724051824,0.707072667704075,1.07845213259056,-0.170644160775851,1.01446271828643,-0.340806667172719,0.818177297131319,-0.0815014844097002,2.05402104198021,-0.0491391443565815,-0.0310333354435171,0.0725203676848032,-0.152105490468485,0.532012051886408,-0.100182608571634,1.24885252235808,-0.363349284628886,-0.0053879806368804,172.12,0
25426.0,1.12533553530785,1.13014648418496,-0.962975334759173,2.67568785863118,0.990074518469203,-0.243317741184431,0.316192138064781,0.122960131988498,-1.1433427947576,-0.369908966047961,1.83449419801385,-0.491243315415958,-1.12990700459946,-2.23862224442526,0.27846874170613,1.47792560308038,1.77645429510255,1.14928218583042,-1.30699464468423,-0.138813697509247,-0.166736918429935,-0.52193383894905,-0.112376257435029,-0.592076750460089,0.520791314299405,0.0433535805717847,0.0151590212632604,0.0636117222853327,3.76,1
26200.0,1.15460506099161,-0.645918642918948,1.81817025973149,1.04678557946508,-1.57449018054559,0.684603865951403,-1.38695768271218,0.421548257753925,2.11814448752873,-0.48274837992611,-1.85807332605238,0.292585747909842,-0.68617845236693,-1.17877862773965,-1.2971001365959,-0.206840962316095,0.245988266149632,0.0493068083588844,0.433457237029475,-0.166302547208822,0.0143533010152962,0.56257682913069,-0.148745366854966,0.127970465177956,0.435897840758766,0.741570701843788,0.057774518459294,0.0224946732345344,0.01,0
34861.0,-1.3996664053834,1.21530472555388,1.68655088371979,0.740948405753781,-0.443554318986783,-0.162413338190778,-0.0192020836664381,0.492055524875555,-0.279549776097659,-0.217310946235226,-1.08761078630894,-0.395174947932546,-0.178900039808861,0.31076172938207,1.60990133043926,0.383851201766427,-0.323649694734384,0.542662669847707,0.58034688034272,-0.0293501717987207,-0.0429441341234394,-0.149226308392056,-0.0142083149003668,-0.159596825658992,0.314651989424079,-0.341457449131572,-0.0111202589044739,0.0749008433603303,19.66,0
42471.0,-0.762514530062036,0.816848562051401,1.32590491024831,0.0080268568157972,0.818325687090876,-0.506359180312745,1.0799481686553,0.0216635163110332,-1.11671928200309,-0.551655753119432,1.69866613250785,1.32678447305915,0.563757778726083,0.474416756241098,-0.432814514045956,-0.0720806642669259,-0.544966267871912,-0.681304533881324,-0.758055713487719,-0.014745218809993,-0.133468876527582,-0.568196044492008,0.174597196743573,0.164113980358725,-0.358337244918326,-0.943398783235214,0.110863614988072,0.142163625297405,39.82,0
165416.0,-0.651041427561838,1.04477492380865,-0.866372802440833,-1.49024656765017,0.659346459307751,-0.435357239787479,2.6903468886742,-0.546178661821896,-0.675019578737288,-1.62552537096029,-0.774963547234296,0.0382682820154899,0.962166608205218,-1.22616438145461,-0.832805126443379,0.718770351625183,-0.115264231887915,-0.0357354918690583,-1.37027744560553,-0.106606637720893,0.0657383872411669,0.216128022134588,-0.172182000837671,0.455184407773632,0.165868200777989,0.42597301241032,-0.0015592646223579,0.102698454708059,250.0,0
65736.0,-1.20932541807542,-0.0135641195419635,2.23733950323662,-1.76887645451229,-1.05072000667271,-0.243730741321066,-0.715102217115122,0.531272072567408,-1.19934413623313,-0.475560694630981,-1.24051949475728,0.151141356715171,1.79463577408642,-0.50445273610852,0.727452934349034,-0.193956105767462,-0.713609944471286,1.78205662550249,-1.61498665522415,-0.321682599677243,-0.0524340978354188,0.0405763196579533,-0.196915158861746,-0.0820760746062068,0.132391402586473,1.03783022607787,-0.111828508340808,-0.0407536727833526,36.49,0
124238.0,-0.92388193167078,0.380784335824657,1.69766204759437,-1.51982190124023,1.40760147476297,2.05793133814883,0.301912704571036,0.441212008059399,0.0902807438976386,-0.850559282483909,0.966318945962816,0.899042834048686,0.495134397128676,-0.287510365348433,0.593729268833618,-0.418217892190293,-0.32250100616206,-0.799749477566865,-0.39177533717867,-0.0226997237136649,-0.149810665065555,-0.204216525276229,-0.300461232325461,-0.94675159168266,0.130090534163896,-0.108367565823181,-0.190905963235366,-0.190750470219644,15.41,0
62898.0,-0.197853445385426,-0.0735544602922088,1.45133630401372,-0.764167177032031,-0.640659931355001,-0.219971933759191,-0.254607298985815,0.187398411791441,-1.50938223708083,0.653401620656395,1.44301452666742,-0.960547512788194,-1.46588569210026,0.36507730699545,0.701450301917374,0.486728010918954,0.805261370856538,-0.751823398800234,1.41550994447858,0.17787539769496,0.516065583266644,1.34234969071947,-0.103367904583359,0.234756920502074,-0.439268669404731,0.0176980875268847,0.15742067130665,0.138107645823428,24.95,0
157416.0,-0.550004187777838,-0.197940163494624,-0.690107768349653,-2.54537102359623,2.75650980835063,3.38094239974866,-0.0704252217673968,0.840293170684427,-1.46493800997625,0.167626979724205,-0.437290286657098,-0.340690875641487,-0.0880960488805227,0.231245013062119,-0.0655570977561265,-1.7031056239711,-0.182675891198404,0.5088444353071,-0.805699435051536,-0.432835256815009,-0.553474495913565,-1.31875319803075,0.0994512221018897,0.661601802893373,-0.426964236436051,0.294184111504678,-0.0618939545768884,0.191980325026256,14.99,0
124604.0,-1.67771356917455,-2.10570900318263,-1.47856218489498,-1.45847480691986,-0.310761549877136,-0.352953162105301,0.870708502662454,-0.17705246061874,-0.0775326664816247,0.0993786057823906,-1.92282890301466,-0.548850277713147,0.198962625434117,-0.649232468712398,-2.26173925742323,0.654491730863813,0.227965450897446,-1.27133211467287,0.149289860448588,-0.0382650057931951,0.555027343284459,1.98487270173576,-0.456744616481436,0.660455142569555,-1.07039040814564,-0.14951232770071,0.606092894367054,-0.484864135180254,382.0,0
72368.0,1.20803275910443,-0.791437231601338,0.413907470627176,-0.595779544623672,-1.00851023138342,-0.284237860267751,-0.62949076818374,0.0879992102761484,-0.791006357197898,0.670326220998519,1.52132317156821,0.0253163064810006,-0.791438612323611,0.0829792711770303,-0.457964750277949,0.616251105283186,0.689503060192721,-1.61090480378118,0.660922939185031,0.0791857118068011,0.124060021411032,0.233440281450633,-0.0209594206434708,0.227135254365734,0.366131261336461,-0.256580401778696,0.0051087781958192,0.0086025310039759,59.95,0
141973.0,-0.833425471795531,0.323153849831215,0.820285488716576,-2.28928203002896,2.79841517801908,3.916199707535,0.238171450301536,0.701291283390099,0.439588451952025,-0.423150084824917,0.125584495185432,-0.206683918251213,-0.254428763141844,-0.359956994080449,1.22964898074234,0.0643672592744896,-0.927751499856132,-0.20633376709228,-0.235513219878312,0.276242211046141,-0.292032857544258,-0.567828267046999,-0.294592494043048,0.67564765423816,0.315963745361972,-0.185323834207377,-0.160027415778845,-0.321451176516549,10.01,0
44392.0,1.22741944399975,-0.638420145600752,0.14036621030101,-0.508954106572932,-1.00038957318347,-1.08711635166534,-0.131429698008222,-0.364452674784844,-1.08553578448651,0.628510107581171,-0.344511277225371,0.317985077938264,1.22755636750573,-0.0082395785456724,0.756816542407209,-1.36183958651248,-0.0645818394550019,0.778044546942872,-0.794712777471465,-0.230142493807229,-0.320666276994084,-0.601348635514367,-0.047034810869329,0.457838005163478,0.272585106838629,1.02710165370329,-0.0771421053706991,0.0228424560896066,100.5,0
61744.0,1.1272533038002,0.0049595103482313,0.452631427381591,0.420075664867512,-0.168074119781714,0.242677014639934,-0.284861517254673,0.293899259914937,-0.025052446428526,0.0522819626757287,1.71278509691665,0.537550728024942,-1.11681833650251,0.753543956925508,0.981209413749042,-0.0304033009295472,-0.0358401630941331,-0.792737601515283,-0.545250517328408,-0.22821843583295,-0.164070157863478,-0.507631374782209,0.199354471788108,-0.327896537084903,-0.0048535323316935,0.140671469596603,-0.0083982521264923,-0.0005887315146762,2.69,0
111018.0,2.11034552889049,-0.0189231134049531,-1.47578753254545,0.171196516318958,0.710287899496441,0.0361079924463964,-0.0401244622179092,-0.166704355778773,1.6269109445724,-0.141324059604027,0.760924532432112,-1.69920476549722,2.07243351975361,1.78679333646717,-1.27351663662923,0.394825287981472,-0.263004915306343,0.232952994279128,0.677956904724433,-0.204033909719181,-0.470119195409692,-0.985208133359302,0.173306121036605,-1.50060502026913,-0.175684055906223,0.229641256214783,-0.0985380770082036,-0.0905546730225585,1.98,0
81728.0,0.229143978640045,-1.81947355892195,0.860673225899269,1.84458788875117,-1.32264822622579,1.36387301125848,-0.536809053737351,0.502793708933602,1.36309287807117,-0.335596098091617,0.0390616187876707,0.533008621928979,-1.67403890486288,-0.25353854850228,-1.45781038848821,-0.355207011871067,0.222263448467914,0.298869584183559,-0.02532224518653,0.595390257719062,0.345919692364823,0.412650979646841,-0.552400912645459,-0.260920010683546,0.422950724618101,-0.131196330943156,0.0131254778688775,0.0870215098793915,435.19,0
138343.0,2.02567694146537,-0.04523214510877,-0.999870597655332,1.08866773432186,0.320789446809165,0.172515038192287,-0.177921647263888,0.0687536360486091,0.857654368008521,0.15703036661342,-1.69632212360694,-0.228120885375817,-0.767288521290664,0.265061901690279,0.207050849910654,0.273668164105406,-0.645788124334083,-0.3713413418199,0.0986951195885623,-0.283759863295701,-0.518828192683727,-1.44607556049635,0.435076562280543,-0.158909318880212,-0.328682303516433,-1.1413118180311,0.0281091705864339,-0.0327994462827805,5.0,0
97693.0,0.6474009464388,-0.774689293936928,0.372791377752362,-0.649799499433249,-0.855405904652876,0.282128521638997,-0.816156534860232,-0.0851609622701692,-1.11652138188717,1.52483685122892,1.71733346483637,-2.7125313020782,2.81981439784107,1.13826193658571,-0.558566581146734,-1.45219091847348,1.78828520214668,1.20996679298721,2.48530058754219,0.147218590781476,0.0096957381768437,0.730502776976809,0.501342508514,0.723632106813551,-1.92092660363901,-0.0857778028797089,0.351587739461357,0.324848008606442,78.65,0
125844.0,1.42590455483612,-1.18919443946022,-2.59776207030421,-0.507213252855483,0.0875204213028179,-1.73637403310574,1.34895782364934,-0.817241851702103,0.186555288668387,-0.438792001525647,-0.269076556486535,1.12385089367922,1.49828014449096,0.57089434144168,0.459408963630339,-0.771906141282452,-0.176390949322405,-0.855789931509953,0.268238677297559,0.667969360678508,0.376516324285519,0.450042279104359,-0.37796635171005,0.0766169229645227,0.218761600777114,0.812807458050938,-0.191644597677868,-0.0202618368578299,388.41,0
33030.0,-1.50350827868858,-1.64878736440311,1.5772804776431,-1.46770398207186,-0.464802090199647,-0.109634084247538,-0.0310397134301516,-0.127108417600789,-0.605567851213847,0.61902288707676,1.45333160051003,-0.385414574335131,-0.148911849016359,-0.68288617380829,0.175690546922388,1.65009516602651,-0.389857594357235,-0.726660634050192,-0.34405295673795,-0.58259584260755,0.288587457754193,1.64076482878538,0.871677288152865,0.0412662911509408,-0.110712509098601,-0.240459389865697,0.038034983769978,-0.40983687456591,134.99,0
59577.0,-0.646967148263297,1.88943555096936,0.0683558119758596,2.73729071553318,0.479218661066765,1.6004947534422,-1.74359401111642,-5.28825445668988,-2.55625302366098,-0.0920751990058931,0.271355114091483,0.935123749604796,0.634017830941625,1.42482036871289,0.286955804800456,0.53952762450217,-0.292682628055354,0.541026385395656,1.10187319950694,1.50191088248829,-2.57631840785352,0.546453535270969,-0.642714999572899,-0.795391686417722,1.37304559421952,0.474031006517569,0.0204874188036508,0.192089274026842,76.59,0
71901.0,1.04689183169323,-1.27860004851028,0.89905371312953,0.0114606860208478,-1.6355377381779,0.365132059997082,-1.33059247139902,0.304560775479888,0.662094476111906,-0.17925556466192,-0.796255649911015,-0.597542997243061,-0.786386889094557,-2.06894675411785,-1.03876170791191,0.475972406710395,2.00098881742916,-1.28233235499161,0.460780714060062,0.215065169440885,0.264841069685806,0.887080068947516,-0.259151151182105,0.0825287003916647,0.505237634391667,0.0934312151491779,0.07633269108986,0.0574579845035188,121.83,0
152858.0,-0.0899261334404191,1.04015786309031,-0.841571324983442,-0.132866863620891,0.182665856776643,-1.11720901499424,0.624749045273841,0.274232967634795,-0.418411166945871,-1.01672384233655,0.974273784783296,0.20507242587756,-0.834568026974517,-0.139066796270236,0.0187073253285324,0.378956174263705,0.426828404366991,1.30401409611794,0.0598193472598404,-0.194297911506967,0.415377790649714,1.0692604295091,-0.0441401760410783,-0.0125019869939143,-0.394764751657811,-0.177120762450307,-0.0232041840050544,0.0305286749603174,42.81,0
141662.0,-3.18226467275387,-2.52250364594978,2.05038644768168,0.179825435597677,3.35779976403733,-1.95865085156333,-1.4029320800369,0.454267025262514,0.208012520268855,-0.864183554490975,-1.4546681466644,-0.327552138845346,-0.529071919504072,0.050122592505549,0.0548126944305092,0.885032619128078,-1.2134706674139,0.614088662575941,-1.84807252632951,0.66819160101356,0.483192747005599,0.275516490431959,0.195865794315831,0.603393645524354,1.03585425284102,-0.647512195739084,-0.0895312251875068,0.13086986207516,45.0,0
57063.0,-2.62199043047973,-0.99444704106319,0.765773914572903,0.612092663819663,0.598756765779463,-1.55472341200334,-0.0802350620549275,0.502338279004489,-0.482991973600085,-0.365051125205899,1.38233596091711,0.299190273056332,-0.842032545198839,0.209499012931019,0.402456815375534,0.785997310602049,-0.0130312786470523,0.52206188503943,0.30039465251658,-0.358379831709591,-0.299804694605568,-0.459059041182143,1.89158105330808,0.421207247329037,0.220217816396628,0.113597455912779,0.264530731264229,-0.198007964629018,54.06,0
75770.0,1.15759020376603,0.223066745279183,0.235159116666178,1.08890183324778,-0.130466187063735,-0.493534232137745,0.150166401547312,-0.0831867095763513,0.0221111270113996,-0.0308183483415995,-0.227572403074582,0.112966877326835,-0.31797555795705,0.482169647251532,1.20771411374032,-0.225045242357223,-0.131657852104266,-0.557582353293137,-0.732371145601453,-0.148719748966864,0.0650361708994308,0.203581678468216,-0.0864311302948341,0.0738828851237937,0.597007630874144,-0.299787245937553,0.0239752008477424,0.0201961657114598,27.0,0
34110.0,0.157527519460014,-3.32743523441841,0.114933493891151,-0.95452656820579,-2.39772960121228,0.0221137402348522,-0.561325255188219,-0.0978536030170383,-1.82396466385166,1.25517730808743,0.900268422184107,-0.290867223467154,0.617342805136692,-0.21119405176165,0.284606666783932,0.331149096614501,0.0072341087952238,0.969864706072848,-0.192887978654713,1.07883253752452,0.242647471299472,-0.485237345981986,-0.542654828116041,-0.0037637595008292,-0.0731889205480463,-0.330597172508394,-0.0726706307406455,0.137182791304899,689.81,0
43797.0,-0.720067217906851,1.15518644404994,1.84274162386617,0.839284111308831,0.161075818255615,-0.416160173933829,0.725392283669974,-0.0341617523271254,-0.749383880465075,-0.288178296988409,-0.0106136095505154,-0.211359237770063,-0.465351339656892,0.418827505147195,1.42528614100209,-0.717024231624052,0.290555589779127,-0.411296936643683,0.0483782952672408,-0.0445787999191539,0.146124805715362,0.404963015421938,-0.316349486666703,0.410153639385401,0.370085926013477,-0.197275184465219,-0.0460112618872951,0.0736782606564183,3.43,0
41102.0,-0.776432985454012,0.723750071106029,1.42169045060828,-0.598920343350787,0.76660766063432,-0.219717087539207,0.527809192658966,0.24275013146667,-0.664038229538472,-0.827242080157864,1.1770571136381,0.203122025793705,-0.71925935453737,-0.0595302304925849,0.113710876810397,0.661752021463756,-0.295785283938897,0.0499774273850554,-0.672768795493737,-0.104471052326315,-0.137343710121402,-0.57922402521675,-0.0706097847045834,-0.381164657325602,-0.232608643024599,-0.0235724895993522,0.0441224546986718,0.101375728229954,1.29,0
30060.0,1.20759875531431,0.105611425828813,-0.117662347879281,0.205922175730888,-0.361417610608657,-1.5819581094052,0.539602685865529,-0.459524592338005,-0.24879569613546,-0.118219377918735,0.13737508883491,0.528320309785924,0.453746693175042,0.412401470639145,0.687031855560179,-0.204926733108369,-0.0656455585399946,-0.849066415561735,-0.022763744354963,0.0402660695663573,0.007930978485313,-0.0379562180596366,-0.0932933873200803,0.80972401387048,0.505665685791875,1.04372332463151,-0.118971052578869,0.0035607554119244,54.95,0
66695.0,1.114198759192,0.0233463867367919,-0.208526889191156,0.34008383103705,0.139775557964731,-0.294593046730017,0.305312079966258,-0.0153445502866087,-0.375344772166133,0.0650374315249263,1.32367306089074,0.656901837262236,-0.554842171647019,0.823730110180055,0.377644061405474,0.0259140031372101,-0.296173633984461,-0.646645021067223,0.147869645132984,-0.0342194981986639,-0.275430434611103,-0.977875420227224,0.0583648972797215,-0.327551374417494,0.227245987743045,0.197063133315525,-0.0682439290746983,-0.0002627158999194,63.0,0
68298.0,1.12417730785694,-0.603203563537336,1.09358866393338,0.624954704517882,-0.702354764988011,1.33639282523193,-1.06177058070606,0.431626511235619,1.3568648726018,-0.306990327880269,-0.617507798769577,1.32338974220926,0.79344460350015,-1.01560294083108,-1.75765904155461,0.271605516512748,-0.52542015625859,0.528503983505409,1.08499979082959,0.0560797599376082,-0.0790846976525854,0.131801409220947,-0.267423822208996,-0.92816000440054,0.512425166493981,0.633747149491937,0.0328307676766296,0.0101987147757908,44.0,0
147095.0,-0.797700106354698,0.855843585705414,-0.420781241890447,-0.409903189968293,0.286483580888038,-1.20185075912954,0.610464456812789,0.249814088811496,0.226489552097227,-1.79830906239193,-0.810055840097199,-0.256284993535097,-0.853023280766956,-1.30332779151492,-0.397547765825111,0.172258077364685,1.34765461738959,0.229385569549728,-0.173199781026645,-0.245902358984364,-0.162424709630974,-0.546420555317389,-0.0880355809461877,-0.162338354735825,0.183725055792488,-0.0879006861079021,-0.256743425610344,-0.0729074628603066,46.9,0
88487.0,2.04829130476988,0.0951178080696716,-1.71221656395396,0.426275583902076,0.39172174838456,-0.816389999290997,0.155407464236318,-0.19176336777851,0.5501267375264,-0.378842942583058,-0.563923392995469,-0.0368948577075927,-0.340207485337886,-0.756264175650677,0.295561118660697,0.270681273363369,0.561448801008891,-0.353832010870203,-0.0278689145559748,-0.171734507198879,-0.356775219340582,-0.953605265416188,0.346978914125513,0.498077934425674,-0.292814547586644,0.175769857238084,-0.0636483775101853,-0.0301936100521199,9.99,0
34977.0,-1.56032869797038,-1.2488810344264,0.468677719450906,-0.531185068493994,-1.93338837172827,2.46693098334306,1.34811505500118,0.871912377750996,0.995446676294306,-2.27814563916675,0.0005653854288247,1.27271912309071,0.399719944949119,-0.0251668229280777,1.28806917734388,-2.28773895734741,1.72822459360286,-1.64876895544035,-0.0413199713813736,1.02575071996566,0.500912474439322,0.857195889502481,1.54288602252555,-1.00023537753946,-0.776027411611773,-0.63802870081899,0.0459411118988633,0.181269470706975,588.52,0
139130.0,2.16269091225577,-1.89912232274805,-0.187075958960148,-1.81525508733606,-1.56511789874992,0.788711316084203,-2.04707856310692,0.216104670991301,-0.743513346349174,1.60560201228116,-0.447210851468945,0.0479234731123647,1.90362314296113,-1.11329867399387,-0.237050279862663,0.705980207995906,-0.65044857008195,1.48593343041646,0.197218922066418,-0.17584078748548,0.0738261380448712,0.678031061850491,0.0304254184365406,-1.36218555269061,-0.364225850795668,-0.0342675979679722,0.0722870117703155,-0.0376986876486165,70.5,0
125707.0,1.61887646099177,-1.30781805749083,-2.69226640475791,-0.127946848073462,-0.114629241734951,-1.70620157078795,1.10213125016617,-0.85138516021607,-1.34337746255035,0.860794377103972,-0.828721499635826,0.316326087056709,1.03981315589683,0.57274455552285,-0.455367552758011,-2.29747761655032,0.152444237450018,0.54041636709901,-0.783037604660894,0.0899546928624021,0.107458722972873,0.257784039408187,-0.391739071899553,0.16404998949947,0.414175413815347,0.978592147706543,-0.177677513590981,-0.032360796600767,338.75,0
148886.0,1.90995899320338,-1.07416355692382,-0.241550280501844,0.0540210893395215,-1.35666292874753,-0.744511020346703,-0.574855857296703,-0.196897975243989,0.117259455125989,0.570249725202917,-0.870501667394942,1.06291556035562,1.00287319589235,-0.642888746181491,-1.39173270136274,-2.01543907002003,0.460352985994351,-0.0633131517523442,-0.356863388854829,-0.421863898992769,-0.845426863975692,-1.82137421005646,0.543673657858485,0.429611826157752,-0.746920902358146,0.0698060659486373,-0.0207571067663489,-0.0234661796162459,91.17,0
149519.0,1.96637089547819,-0.349884793141119,-0.209114949840923,0.516343699327777,-0.71553083607978,-0.515476427717059,-0.550963432533465,-0.090499913799449,1.3314011367533,-0.200388090143933,-0.783064086631987,0.985707769391169,1.01248860276095,-0.371665244978812,0.42218568509879,-0.0283844634854212,-0.492209839548379,-0.0040197915598945,-0.312072588222674,-0.170273270956489,0.210309985085277,0.916365159650665,0.115099278158292,0.0368279270661553,-0.0816750184707212,-0.213113051817353,0.050826387683216,-0.0348613307753484,9.99,0
101223.0,-0.405967465726826,1.29691739334061,-0.62166673114636,-0.387636258916112,0.619623131055631,-0.525672132570051,0.354784421894368,0.406740604694086,0.989563547352502,-1.1369341288725,1.83978548629831,-2.13862138661682,0.807586101305122,1.06692361735663,-1.57963927489801,0.554708545001165,1.15487985151563,0.553793385218804,-0.257056605629609,-0.190996599178328,-0.374305876629877,-0.942740909929487,0.19368783789401,0.517444032842441,-0.518307623269294,0.0457467372830172,-0.0699523969304983,0.0002141440288186,9.99,0
126267.0,2.21787470626698,-1.48842952334077,-0.621970788046516,-1.53800324602594,-1.55468388247298,-0.630437203242304,-1.31446305156327,-0.046079465305485,-1.25975901276608,1.73988495706531,0.695037267907031,-0.383178448392926,-0.334159201672288,-0.156424992406552,-0.713202088282566,-0.35897369371468,0.347227559400121,0.408958103620783,0.0011142937468653,-0.473907611584749,-0.100400546892113,0.173887341285969,0.263772707904788,-0.0199773621196738,-0.333541958575673,-0.195740581244244,0.015620012182966,-0.0569933156704833,19.6,0
122610.0,-1.06898823156828,1.1471855790119,-0.0371147318431016,0.125389213820318,-1.99409916839685,0.140953259077457,0.349461779688539,0.763858015984005,0.34533130629781,-1.42168719179327,-1.14895155285901,-0.66666950318038,-1.01746714789405,-0.774791395426907,0.802904825630242,1.13444884066231,0.752416341298903,0.963562969580373,-0.3130338415779,-0.502542143938091,0.141699873445348,0.332632619748171,0.250441667021903,-0.124694520175536,-1.28977074465268,0.103359352202955,-0.114644681939778,0.0525080531149552,245.9,0
81971.0,-2.87243337381746,0.180063359488653,-2.42596802515595,0.406579039677021,-1.61251081634038,5.90047732595884,3.52517059849142,0.706708989744028,-1.02473385508027,-0.825588109500431,-0.505674133006186,-0.2388340440676,0.184351985936352,0.628183461356482,0.863832660895948,0.165071627100713,-0.102680588049261,0.328650644491101,1.60154036330404,-1.55787520417181,-0.491847636978311,0.0717201519063365,0.192956285831669,1.13385530231467,1.02626515210928,-0.0355274297997862,0.27868380862134,-0.512453922620194,869.05,0
140268.0,2.09009027884061,-1.82477642443425,-0.454408356268367,-1.30561247248842,-1.53565730772639,0.122681056893854,-1.40689318183413,0.0004337059951462,-0.562315035855593,1.27229938961094,-1.49812382986364,-0.158939391410061,1.00380508536335,-1.17109145385236,-1.4183797379041,-0.80356645378846,0.765840501045406,-0.508152119904299,0.394433803947212,-0.213247502450838,-0.511965103588415,-0.982439971436358,0.379155811272161,0.54284086803528,-0.481418321364167,-0.50830935985496,0.0371459291589159,-0.0157506283302316,100.0,0
69795.0,1.14229905041694,-0.0310612819715527,-1.30411774132678,0.0860655935152197,2.2537560890129,3.28474608782297,-0.14330032860426,0.754190683854022,-0.338980801194116,0.0583182098500971,-0.0297014370005859,0.133772910304832,-0.0289958937349097,0.628966873784776,1.06974340378315,0.508923238161216,-0.925096622735594,-0.237971694200642,0.190042965156934,0.133832770394855,-0.477764206234889,-1.76121298964031,0.125676673506033,0.920032496887473,0.37896850289645,-0.831517474184305,-0.0017429758649322,0.0359948432214777,81.0,0
129981.0,1.79180273461504,-0.163625784291395,-2.29540804448361,1.026397495084,0.966209730213912,-0.369313442991133,0.806456690503685,-0.258861633528643,-0.363402033760969,0.473802334538182,0.51414796075946,0.520646163584431,-0.392539451042142,1.06505173681962,-0.343232824799856,-0.0818093798517183,-0.801145462945206,0.235273891515637,-0.0246262468584488,0.0273866942156346,0.223870505158639,0.363600614726391,-0.159069190268216,0.217845141661613,0.44654111535647,-0.518388069637682,-0.0666214374678507,-0.0480876367053007,144.0,0
139101.0,-0.0246344436682458,1.00125585092161,-0.527644759910368,-0.250994080868542,0.455247463408759,-1.08075155604421,0.960718484516752,-0.135107910984277,-0.0411162511481959,-0.482565083563317,1.09348619184733,-0.103409016508651,-1.17664382365389,-0.46800401904966,0.105045064816989,0.240780240420202,0.268029768674452,1.28040528267584,0.0647107086999608,-0.0507420256600101,0.319949458259307,1.05941471246618,-0.144965680516432,-0.0166633338188654,-0.405798867135689,-0.17249514721116,0.256258010869166,0.170141515518816,33.02,0
61533.0,-5.71442722742745,0.535492936743299,-0.82496698246355,-0.0849969711734093,0.0607694570526244,1.17459823325637,-0.0189500564952183,0.29786558914171,1.35960252305954,1.64256095962737,-0.578355354738828,0.208138315371981,-0.211469202142052,-0.365258502642429,-0.23018298240764,0.853017132180572,-1.13636329322247,0.419405783380085,-0.208216134436136,-1.64089534962118,-0.0873924096385956,0.0671311270703671,-0.788048390703121,-1.67458049921193,0.173331108329017,-0.751912544685247,-4.20935753408409,0.43051162744993,15.0,0
169110.0,1.88037107562242,-0.823966740598169,-0.204883246647908,0.417780762601903,-0.817992549658193,0.330240645737957,-0.951286620689834,0.148129678952937,-0.609346392264889,1.13110653928303,0.890569550440194,1.08403397871555,1.23026541009249,-0.0561813227189227,0.28789251227729,-0.657728997779905,-0.919714824725913,1.90633161342437,-1.3259028488403,-0.414375224614346,-0.254546770631365,-0.390423860700954,0.371544362198156,0.619703603253474,-0.53391624248841,-0.90946873971769,0.0739743909683879,-0.0054911771931565,78.35,0
136489.0,1.64540160562349,-1.50040409388927,-1.73254816927725,-0.705286748979716,-0.46574623725523,0.0982421119369727,-0.645553230028342,-0.0099509693776334,-0.327653465896183,0.0981040273196619,0.927056922021979,0.155295040289588,1.14388440577514,-2.07820876486548,-0.342932237229126,2.06579841580868,0.827813208220395,0.231610919885329,0.652739814890013,0.681410219139617,0.411966135459335,0.658558704050485,-0.192314873657566,0.0290413723945679,-0.142807107821285,-0.132939807306815,-0.0242960487847006,0.0265841591002047,280.35,0
154382.0,-0.869429301730993,0.615524819177807,2.02945052163037,-0.229526757553335,0.17880386160242,0.405283195719693,0.635732809554938,-0.131833089562188,-0.045115130274113,-0.285294776768179,0.845806443518908,0.868021586994261,0.726641178095182,-0.314127042701402,0.401763993064818,-0.171802351905425,-0.602902758439727,0.488191411792902,1.42364651104728,0.133246140426736,-0.165703086752639,-0.251702929009505,-0.224113601410257,-0.401935712586348,0.224341195665949,-0.364227846108295,-0.32472288664158,-0.120361410100997,44.99,0
133380.0,2.04595567019392,-0.354647573625305,-2.57047614028398,-0.649301379226725,2.37505108095117,3.28947141573149,-0.540473027739502,0.772027099522257,0.295835147453717,0.209831741981847,0.0680405203817456,0.193125970975209,-0.089221315513086,0.584382437806369,1.10825893065072,0.0617486041310963,-0.635188750796828,-0.355642274629617,-0.445925839620405,-0.138539996754384,0.139756424413701,0.39175655351282,0.150016154598712,0.742746566159646,0.0173452218911622,0.406344092774211,-0.0399661549598578,-0.0671116745848801,5.28,0
121634.0,2.16153133656922,-0.0826663846065114,-2.43818134730534,0.224316822719351,0.73924443963346,-0.984302995568678,0.575522390591762,-0.337711119812315,0.800117309456579,0.0597460231602744,-2.13545372012662,-1.22182240183075,-2.38715653660984,1.07119832280254,0.174295740531057,-0.535818819398944,-0.290322791697574,-0.0305001925348839,0.498045081837219,-0.392873409211996,0.0433657038774668,0.257469746153552,-0.173971919282339,-1.07711272023319,0.604193024590323,0.0073313815705463,-0.0668322554853346,-0.0902001597326211,6.42,0
153954.0,-2.24581276913017,0.403108360291378,-1.61693648692601,0.212735444990595,-2.11385328715188,0.0152378728440185,1.72490077692201,0.692949983215846,-0.263270654881839,-1.51450845510421,-1.70816367345424,0.115610869554883,-0.62789974761365,1.14726949174796,-0.444640638437719,-0.312269370021068,0.473357323781441,-0.162537897061641,0.547591680142303,-0.698055790909892,0.104134706911882,0.341914620668913,0.229655594166999,-0.0418008821099002,-0.277157087483611,-0.316919599709849,-0.0983004311392314,-0.373413009559837,397.16,0
137550.0,2.0235675818373,0.434665928170713,-1.78615565399583,1.24644136397407,0.721487593812485,-1.37156327785582,0.956128112839599,-0.615656592712454,-0.414828431480185,0.307780228441633,-0.414240732757851,1.0963365279383,1.59368272847945,0.481012308448493,0.0423846239847826,-0.549874570188733,-0.478929735538226,-0.718312817306738,-0.47415701492214,-0.141875060821677,0.159233123244533,0.620930047389902,-0.045361847478069,0.0346282122896606,0.508959420317737,-0.489169408149499,-0.0215049114198705,-0.0566910269555395,25.0,0
170236.0,1.72160107834212,0.560127600598362,-1.51441614700184,3.79046456610253,1.41699606951862,2.23910879926369,-0.814407475006427,0.865376430499522,-0.410357197524082,0.176591425858346,0.95723345481446,-0.972363422174491,-1.67348341012531,-2.85081990605053,0.0313214813430599,1.78063500987198,1.91522809482215,1.02323172532491,-2.70803366658645,-0.312114997410239,0.101528741898725,0.391877787497107,0.141820168697621,-1.27341655366724,-0.365048456887478,0.160982330405701,0.0794342497865467,0.0126126283721589,11.31,0
142874.0,2.06004582298323,-0.176855809584324,-1.09736998160685,0.435656251227968,-0.304166117472641,-1.26053064537638,0.0667990354777804,-0.236540940899866,0.805025444840272,0.124434781907024,-1.03062483740977,-0.48616359436012,-1.68186325740688,0.623148780311068,0.230768683280557,-0.0259495488781795,-0.185141357826969,-0.658492958438754,0.154484062548154,-0.336085551824251,-0.308625310143055,-0.840407236140709,0.362092325433616,-0.0014400091245506,-0.358663763662933,0.201208498935725,-0.0821597865828665,-0.0635607076447032,1.98,0
114036.0,2.03597192612331,-0.0598947148199,-1.16610316394724,0.207626242798591,0.17526905875428,-0.598199186226129,0.111125000838521,-0.184474107565158,0.186432428645383,0.211969565199309,0.845402551595528,1.44799542388434,0.802247454501395,0.304641189298591,-0.673575704782496,0.0922299304796848,-0.645857750304549,-0.450591964397876,0.4826639736016,-0.16149963567043,-0.244985523865474,-0.560002564103776,0.285449977325518,-0.374500806781549,-0.273350118883398,0.201489924482855,-0.0666073468399691,-0.0725108971260631,0.89,0
35995.0,1.21208137871787,-0.336638536713814,-0.0300849855846335,-0.884554636217299,-0.636120465126067,-0.985096713832017,-0.091660533223194,-0.0591844826273525,1.42582370083581,-0.935628740771859,-0.292414056289498,-0.390612618609717,-2.02709608848986,0.830957343138174,2.11361445151076,-0.801645651951665,0.18472167421967,-0.117208509968382,0.133483191053069,-0.226390901831137,0.108101512377328,0.33924279998241,-0.127565609719139,0.0591571903375143,0.649055237391457,-0.560596474510983,0.045309247750176,0.0170122960369272,29.98,0
43168.0,1.00715129008038,-0.751263736336563,0.469550673737642,-0.155390540123969,-0.290546573197975,1.24999031848816,-0.62628755575564,0.323359542880101,0.827637671867997,-0.41470564759742,0.131436483359575,1.59060995220752,1.41403610448406,-0.642671312913477,-0.779952956246209,0.133929450363195,-0.391661882435899,-0.285064464231502,0.864752730264984,0.25395527961225,-0.161712012528927,-0.388418198189892,-0.184535698135568,-1.22689974462956,0.217233289845015,1.02315819723628,-0.035343897099216,0.0090293783835318,119.67,0
63787.0,1.15527366545915,-0.927458823603555,-0.132314652781275,-1.05012588105386,-0.261477886079111,0.592426601557624,-0.509702978838851,0.08577199868635,-1.10924681991764,0.64533371824112,0.692512383289931,0.309325384764714,1.3145779436353,-0.172990673785586,0.375317799684587,1.50835445128477,-0.300317874520023,-1.18272290586586,1.00200629536117,0.429530439021984,-0.0121041359841881,-0.411128154139324,-0.147123624562508,-1.33494856483471,0.291391084301783,-0.402150779896198,0.0018704731137553,0.0209267170014387,144.3,0
156392.0,2.10692261580028,0.257177685735038,-2.18353821189895,1.03707081274842,0.951609668179382,-0.767778366807693,0.646989333098588,-0.306097260955994,0.080871663274413,0.403171069882717,-1.38074577406374,-0.764350043275702,-1.43848354234645,1.05636333546081,0.461328214547209,-0.243141494514793,-0.493582541443868,-0.151248055273572,-0.259293492691995,-0.341735943118715,0.0735463988810478,0.233848305088983,-0.0097394947509984,0.227434547672093,0.491840406607234,-0.481788402785365,-0.0433846210319994,-0.0649167638074217,2.9,0
97415.0,-0.39328020487214,0.895477223631612,0.974195509958442,-0.471455813680595,0.782285183435834,-0.983113410003658,0.97077957771576,-0.292677712443222,0.88742483635122,-1.14935089174208,0.0478742046787717,-2.39972954680049,1.67971325681994,1.61315560390576,-1.08902424963477,-0.225602332474732,0.412178486875428,-0.533023673152048,-0.246549879033431,-0.145524702540187,-0.344116430314245,-0.732137616909924,-0.0484693750377604,-0.0695077360074747,-0.365351525642648,0.131454306289445,0.0377985585749243,0.133296929005711,1.98,0
40676.0,-0.217754658615898,0.0845114461518514,1.11711259426032,-1.04348460673122,-0.530711965289782,-0.379349223316527,0.37386247102844,-0.152660312500616,-0.664283153581997,-0.0039580874197296,-0.332928898539154,-2.05861827553772,-2.18341207058547,-1.27225148273188,0.38002637090976,0.754205137768353,1.60221584085274,-1.30636216819381,0.466173160468513,0.0276332071585805,-0.0473592605143515,-0.0724136102199218,-0.0864049711219336,-0.0515739192183037,-0.1314182607066,-0.344399079709974,-0.224161653640538,-0.200809797807872,66.33,0
35814.0,-0.196671156483637,-0.0679896409875643,2.07944879815037,-0.983374450497436,-0.600528432455465,0.54467865598432,-0.477524889193607,0.0619195826905908,-1.12559495449056,0.882269633455029,1.30089216251536,-0.458383312485232,0.192556769971507,-0.498458088512275,1.03634707603473,0.89667307069558,0.223368684038583,-0.427030219755567,1.41264517745783,0.298909015685247,0.513537443451433,1.59691148596606,-0.243515921930416,-0.246040393773404,-0.483560996118193,0.014362727541065,-0.0988918138522575,-0.0868102308560097,11.0,0
63423.0,1.13193584324106,-0.0499620082857386,1.20928543801598,1.34718700047547,-0.806175741472788,0.194572887587843,-0.683395714819041,0.241710913820349,0.803945146966497,-0.104124660033626,-0.593157109403366,0.0976114471304517,-0.524758863099121,-0.115576240097729,0.899177688082499,0.0188898563359612,-0.108832303433587,-0.175353343146887,-0.83829657330065,-0.213368175412482,0.141553426786994,0.599690251143988,-0.0472598430376406,0.0863152367739379,0.414730931881317,-0.21058021045632,0.0812339269849746,0.0305150040226722,1.0,0
151282.0,-0.70205414509323,0.824822338452433,0.398090834691682,-1.16971825776468,-1.17222059016332,-0.0767780532411293,-1.59613159899759,-2.30233825404797,1.03577701414767,-2.06285871882017,-0.856325433881231,1.34855471754882,1.09458700015032,0.498039269871759,2.29647965303632,-1.67629250548158,0.970968873978839,0.971084489173105,3.45494781543289,0.814087606923968,-0.83721824407575,2.00478416687351,-0.0102237052175772,-0.0113628179679844,-0.395338440058712,-0.265505535539055,0.192669760214824,0.136810841638093,1.0,0
79318.0,-1.08976935117291,1.43152441004986,0.607930418159357,-0.0332334824890254,-0.590709701146837,-0.687792007111801,-0.0605937098502343,0.805074089573908,-0.98471228264743,-0.60764631690456,0.835119621501287,0.792027117004768,-0.0914859177530289,1.01934567703385,-0.0480353608930854,0.498816090376019,-0.302104130240635,0.531256505603086,0.192919009113553,-0.296215673511546,0.320588727823775,0.594348370034491,-0.0545791886969587,0.363749899333299,-0.376826147043046,0.290941744218554,-0.277615463744464,0.0124254463533907,9.95,0
152094.0,2.0037027581284,0.158956661585356,-1.71128216802227,1.20101914159709,0.636062830718947,-0.637489234157614,0.533604369426663,-0.248599697450406,-0.0260419145435226,0.428079472037079,0.42173556834872,0.870742619611389,-0.353603307449887,0.72399644484158,-1.18778544105741,-0.443868436297354,-0.493075279893296,-0.0496845392450838,0.189254262581763,-0.278758737176293,0.0809266904197874,0.419636771686401,-0.0564596906837967,-0.391574605271961,0.468660188654213,-0.486632407242109,-0.0198244164768754,-0.0752041624627067,11.26,0
3013.0,-1.7089401339,-1.29625529356365,1.95317049711106,-2.27702755388465,-0.510388432049663,0.408807282941835,0.329230953193867,0.477330945283342,1.05811867750225,-2.01579113196323,1.38787863862265,0.817857555136642,-0.936163695400372,0.0830639106569842,0.682882420959371,-0.592114806505504,0.0558332239699238,0.09503535818138,-0.304827411287746,0.557379205613787,0.466843093399529,0.860939462499697,0.361317263311396,-0.264732068004674,0.423477584866062,0.0656885511598925,-0.0263918246140808,0.0775618333593149,261.8,0
92502.0,0.0418324704928632,0.630375557541749,0.428985422701214,-0.313711462253913,0.896388450146526,-0.5194421473566,0.961045042889824,-0.65008665573372,1.5867300208028,0.181946723603326,1.4179693145314,-2.67766398872401,0.308656916112402,1.54473395791424,-1.36493879014067,-0.159691324064435,-0.0332802656163145,0.281236589539448,0.648812183202039,-0.149344268056375,-0.363591823422953,-0.600336229665151,0.0576581969409131,-0.430735433775444,-1.08375654919339,0.0124232756671721,-0.714203931266906,-0.328075799359449,0.99,0
135051.0,-0.326713552327457,0.377848062633226,0.255718714846397,-2.56823569348718,-0.59830462231734,-0.484079579517445,-0.0344499986103741,0.451069725663854,1.1521437787713,-1.60485525831693,0.327864909383734,1.15313797698311,-0.0197058044905679,0.331523916181878,0.0698055066174803,0.127397330955375,-0.682380903071794,0.663335902005519,1.01830288891124,-0.258892898202694,-0.0287325874945368,-0.13714220108223,0.0910026561749884,-0.509570397472238,-0.613776223775307,-0.593618544426208,-0.147713981455449,-0.0300721064010805,36.17,0
124532.0,-1.16909539887567,0.92810862462496,1.9091751762749,0.823549625274845,-0.410025292908664,0.661776426661229,-0.348210100998675,0.83125120183982,-0.0183123500024122,-0.58202854010302,-1.36136991097197,-0.397350440340926,-0.394684310077942,0.120793270368742,1.20267821528161,0.264912451569616,-0.174872641974536,0.714948305500655,0.394054335960573,0.177881048111222,0.0963875663214612,0.20094160817131,-0.184642276316961,0.555728694311416,0.412442801977954,-0.431238649214933,0.244857273044114,0.0747758787263726,38.0,0
137538.0,-0.0484594525894921,-1.63669930178428,-0.441345907654402,-1.75724233379152,-0.926837930757281,-0.0527191804325441,0.0367749931956734,-0.184876598737192,-1.3648348640004,1.23542674811813,-0.392871101545958,-0.122215207495164,0.0568688524144743,-0.723896130045985,-3.1318318788216,-1.26524209582603,0.753927757709469,0.0036887114279354,1.19998263092015,-0.510501837264833,-0.272138378541693,0.0265389640316419,0.477670134766356,-0.336717852387835,-2.11076221509444,-0.60655189876767,0.443960613723305,0.287693443054323,228.69,0
79442.0,1.20439134963305,-0.327154509250897,0.902577874614568,-0.784277252351384,-0.937382656894688,-0.332069841238819,-0.5850109842352,0.0506238963403852,1.67179608060312,-1.1522518168412,-0.052724453405559,1.33875256425178,0.902478496640595,-0.312144408057727,1.41837426009646,-0.780195439296337,0.0785164490852948,-0.379460675733538,0.191060407239136,-0.0957876480543758,0.0263683576504304,0.407617986395272,-0.0176964934722754,0.12445044924338,0.45994289788998,-0.660114587197355,0.116429492366099,0.0339541602477552,1.0,0
121116.0,2.2971224598529,-1.68161206603367,-0.714210588496623,-1.74894756885512,-1.35864743689772,0.235796312668316,-1.7366581685976,0.147763462586771,-0.775507158584571,1.72237660770328,-0.594080077508425,-0.948298437569116,-0.382549102666699,-0.453167211953357,-0.641238755293236,0.173513367137077,-0.15695400091122,1.27636267101751,0.365576581596789,-0.460590556862351,0.0153486031607855,0.584471613775738,0.0322416621431096,-1.11272348218057,-0.128610931726898,0.0626884662608303,0.0350920914613254,-0.0659149052891946,10.99,0
66416.0,1.38757960719095,-1.62703215632688,-0.6478138668323,-2.43410861762008,0.480851777864114,3.58093581197554,-1.86091383975896,0.892796203123838,-1.65025109909445,1.42498060598611,-0.253548650133837,-1.0059754101916,0.656352482937534,-0.426317350901222,1.136226936213,0.327447105485633,-0.180435761226579,0.741007975104449,-0.0912709979184701,-0.0261375921921976,-0.164514716509415,-0.408233564052098,-0.0109586594048126,0.979156789478733,0.299279651204348,-0.228784927546562,0.0503824112081583,0.0407514279713702,91.0,0
77100.0,-2.32317217658569,2.50972885400835,-1.1962852625788,-0.449458058497527,-0.490310877839891,0.0646595916928231,-0.884216787397201,1.92736103582319,-0.61850539508431,-0.309355959432948,-0.598764586569193,0.650721153018326,0.473258327107543,0.74007491151703,0.224949258827519,1.51893992830988,-0.217357267056373,1.03713112746867,0.739569560304361,0.114826035482187,-0.250617880024203,-1.02049341597883,-0.0160858419873402,-1.46587019301475,0.280177714737003,0.184442608564947,0.0636516095141714,-0.0122098007650897,10.61,0
27062.0,0.864648998643856,-0.476493804212772,0.968813640804851,0.421112516086335,-0.303540142610267,1.59775250526044,-0.880742608518824,0.734351662175921,0.298401473194393,-0.114179370680852,2.36698454536838,0.936355397509354,-0.738210473451361,0.470942317256391,1.85498025753529,-0.436108172997703,0.486906587194491,-1.3868958066256,-1.75804926944725,-0.151694400975601,0.210030159842187,0.576738211115409,0.157567885960225,-0.812071882685362,-0.243641236441859,0.381349089227342,0.0540576180102901,0.0132326034545567,61.28,0
39276.0,0.0965534077966276,-1.9474905120876,1.04195877942154,2.15287913178192,-1.56863842053134,1.02577369241033,-0.300631672830363,0.305390643144252,1.58099470198502,-0.644581668366993,-1.28583163399674,0.653710877237616,-0.651105104623659,-0.750751451548299,-1.3388636760539,-0.825629947376743,0.691094121787644,-0.716421716279474,-0.224983184172059,0.777315269209629,0.138204208940643,-0.232675139846575,-0.452323550823144,0.120250300144889,0.267572398721794,-0.343826866142749,0.0176214757676505,0.118804131607533,506.75,0
86826.0,-2.16436523585208,-2.98389687016707,-0.845477301524091,1.58130716049471,4.65491047201248,-4.1315655118816,-1.69805660443192,-0.133051889646794,0.426892649541906,-0.888467021437608,0.0063545168961185,-0.920830797502917,-0.979168438510283,-2.42881730508105,1.5778667851995,0.282280727542382,2.08958480492237,1.73037905230678,0.185807201232652,1.05544761252682,0.421451087561535,0.335579432934992,0.48005227538882,-0.208279828457974,0.0632330524329995,-0.0210952721231728,-0.263178731111457,-0.131554353438225,1.0,0
57536.0,-1.03776909953177,-0.473672516909915,1.92815095694152,-2.44047306439333,-0.70417388777821,-1.03350680618347,0.0462769027553848,-0.477105185048837,-2.06740794620588,1.24094030402596,-0.647971313267185,-1.55550323310559,-0.112312419512338,-0.69845720460687,0.124233504825293,-0.322473241291873,0.180406703103539,0.055941535242283,-0.681691680255818,-0.480640767723865,-0.23165955876729,-0.166811199340291,-0.072256080618708,0.351320378481542,0.3905567207081,-0.342782568723148,-0.492950316179272,-0.112578796605011,15.0,0
59717.0,1.31682153817446,0.321263096229314,-0.0485433704214839,0.497401880657907,0.0218462997102427,-0.597380897343666,0.0553297867258245,-0.139426681600757,0.117925718158339,-0.275678589388862,-0.848354022165103,-0.139770709411922,0.189236353838557,-0.301513978875769,1.1753821925775,0.731886870615443,-0.300021569845969,-0.0029103213559765,0.119522575061165,-0.0669329005033558,-0.34539959646845,-0.99915107659962,0.0284719562104394,-0.500755942050974,0.322224432219265,0.147178927048119,-0.0252230406838338,0.0217756276343205,0.99,0
160740.0,2.07275804834646,-0.0491931492132578,-1.12502359054669,0.381150080812071,-0.0660564738077108,-1.12795775291146,0.186110167370515,-0.329386724723109,0.541475242682062,0.0715456288740277,-0.86161602939739,0.425645705727734,0.157040996967814,0.253202634288097,0.043427313849516,-0.0653262997180508,-0.345538202716977,-0.829745797540684,0.201276239960339,-0.215336831169296,-0.298197891505169,-0.720756073442906,0.321177372563526,-0.108532955768477,-0.276421546520044,0.204859440066913,-0.070486461016793,-0.0612896873493158,1.79,0
171295.0,-2.29497217291749,0.781360745355716,0.260013126051819,-1.31776737825365,2.26075045166792,0.16530485622662,-2.64620018265671,-2.95674279814675,1.33569954110291,0.379406950215542,-0.366147785877063,0.801710299050487,-0.42277691290472,0.0728484063239888,-0.629578679795786,0.788865737885299,-1.15678204123976,0.575538720311974,-0.243722973725104,-1.28275319301089,3.00956279593303,-1.62309477498688,-2.1478923200406,-0.32975005537792,-1.56673118559252,-0.934866302566079,-0.218539325739185,0.583192543580512,4.99,0
36065.0,1.0357356321456,-0.515848266591963,-0.0603235527054857,0.346351968081961,-0.470965959637517,-0.46936998177412,0.182387486446888,-0.212489108038776,-1.6286755047972,0.872010051414557,1.04115932964497,1.03430884296611,1.07917257899516,0.416715133995411,-0.123762978242188,-1.23983908645989,-0.507672572757581,1.19361726997793,-0.49788756821484,-0.159460741849848,-0.615695547388033,-1.6858513438231,0.0241382014331058,-0.0762310744685578,0.276627918753996,-0.756054550866538,0.0009699503081425,0.0444319389845808,162.92,0
148608.0,-4.43858266940304,3.46118467292343,-0.797427881089563,-0.676743159215399,-1.69308504418643,3.578939903161,-3.68821746036577,-8.94849997269411,1.22606561618544,-0.456326240401503,-1.04099048116946,0.915784867040156,-1.01916239646575,0.92460942897,0.986596773249973,-0.674512289158749,1.66317941867548,-0.606666827786333,-1.19795089978364,-2.79981022887626,10.3626491139759,-1.90803574197862,1.36914021672736,-1.18664527277478,-0.253479963098623,0.0596051054554554,0.47581413661658,0.0370657091052632,134.09,0
128293.0,2.19382324847955,-0.794522730196419,-1.53647833132844,-0.791485772408807,-0.452713283249258,-0.343392256627773,-1.05281714327294,0.0511927094287807,0.33150974622754,0.121360602892726,-1.23963964389698,-1.84484421586004,-1.21601609341774,-1.85799534867395,0.593410408814796,1.96547384761079,1.18672083350693,-0.0020792835235397,0.485210451622172,-0.0123474712762362,0.17085216545397,0.475241708262685,0.0711552601087465,-0.0569342473600222,-0.0905927986419186,-0.0759223905389253,0.0128996361914959,-0.0143583830183652,19.95,0
54831.0,-0.400860778148232,0.964336089512656,1.13389609523338,-0.173191320473268,0.357880892802239,-0.0263973444412657,0.454563691012553,0.286017395946511,-0.496947024944478,-0.357482647445107,1.25928913338349,0.10164308788657,-0.842074315273919,-0.0427068210945283,0.569247919892328,0.424491337056867,-0.0308974571926847,0.125872048318073,-0.0294953921695034,0.0401177664736276,-0.217901062138762,-0.597342202513049,-0.0329233948183728,-0.384187399820238,-0.251577243064167,0.107610842485865,0.252736216483903,0.0792408587979907,0.89,0
119733.0,-2.71498772144121,-8.66273591171737,-5.12945654441428,1.37878959338378,-2.0726694412217,0.406338909401022,3.53840955634473,-0.98198345844281,-1.44483023254313,-0.0737607200246152,0.227579072079908,0.652022064350619,0.868630845295547,1.11201562791244,-0.802954872399645,-1.44326362733676,-0.222246983689648,1.73844052212702,-0.917248908035821,4.65088544090495,1.29995665125883,-1.46733147510955,-2.2495087880756,0.378094811997101,-0.63174554106901,0.534251969832665,-0.588391235951363,0.356554321463655,2567.34,0
147462.0,1.96381554157766,0.110634155677723,-2.16247767005878,0.631515653493592,0.688009233012007,-0.954268230099826,0.54478371889457,-0.365497479970813,0.229252924156197,-0.419938004083734,-0.539179876505195,0.324153019418104,0.53094228178192,-0.948779631192021,-0.0049586098247523,0.126805875463519,0.595603722271379,-0.205595731808344,-0.0356548399061953,0.0018374509741498,-0.167438521348976,-0.464604931583755,0.108879916079128,0.512005376841713,0.0532360395758689,0.191477985313285,-0.0730287081999539,-0.0223585537208234,68.38,0
146005.0,-2.83536311643145,-0.910125922451427,-0.0757153752946652,-3.17259024942362,-0.477918980595873,1.82057873718134,-0.858399450679685,1.19088531448157,-2.30775696321097,0.546707875091142,0.356378393896789,0.0631611598628224,1.03733658832968,-0.119768434341612,-0.482186084919869,-0.4167203863954,0.773768098092586,-0.530859213627517,-1.29146241465083,-0.704798191690041,-0.0615022888379601,0.135142675072089,-0.514829053468647,-0.911176704329002,0.507777926505308,-0.0931383061394946,-0.373379643137149,-0.0153410243331399,124.0,0
53985.0,-0.23596968608253,0.986195889227358,1.30255990010738,0.676249746799131,-0.302971304139072,0.246238266481486,-0.466337747844825,-1.44244924179881,-0.672177523721765,-0.197188481078556,2.04679352627016,0.776862801877075,-0.336434531275328,0.174760927985796,1.19829303048005,-0.0209016972364398,0.627475710701078,-0.114072148012504,0.576819644479175,-0.238871072795651,1.28699745742968,-1.2756212161311,-0.070427460788082,0.172813911582039,0.912064328865014,0.399209177380557,0.124490651076299,0.158698005947235,16.0,0
78887.0,-1.80020385271535,1.22347991031667,1.47546376803763,-0.606206940852417,0.419711069862876,-0.83766216298142,0.740015576845121,-0.038857146450664,-0.37717981342899,0.0416106240815633,1.60382014099071,0.908869621844652,0.588408147498951,-0.617749892639338,-0.153186835701654,0.728931921590087,-0.566830543236709,0.14849960953441,-0.447283449760951,0.151599614365715,-0.318745241505994,-0.675632148092893,-0.427486948241036,0.309523530764136,0.227759788704457,-0.0686351820351596,-0.286027364919922,-0.426895465150738,8.99,0
146381.0,1.82408078821921,-0.471271931902938,-1.32654656845944,0.369886392715953,-0.271550233143719,-1.05420077715255,0.16375103638102,-0.21025428501938,0.529256214866948,0.166325792059967,0.890185232454167,0.419605059134352,-1.13523573624668,0.907549399217788,0.204303673021116,0.0560550294735146,-0.670101292402528,0.602002620141525,-0.0254263148094893,-0.102244151510353,0.365737888031884,0.90319732561952,-0.076781468215017,0.0899893478591922,0.135821220489234,-0.134127601431412,-0.0464107671212204,-0.0515076257424948,102.88,0
105838.0,-0.493768588353559,0.780963938514775,2.36067811560559,-0.127877339550939,0.127822133458978,-0.24759125015024,0.475108490193639,-0.210588109255849,1.61214952827822,-1.12642909940426,0.141861855823596,-2.93457839823908,1.05595210047523,1.37337703646502,0.719780528599065,-0.284972611258256,0.363606544354021,0.529582984949055,0.500322181418482,0.0167375475306971,-0.315481638163197,-0.473796747647949,-0.299690473227669,-0.204015779776289,0.238186618265175,-0.718349707527721,-0.0806112551667391,-0.148351967200845,2.12,0
166493.0,0.088385769305214,0.454351953404407,0.804740604424636,0.0649169857526697,-0.933322165391143,-0.321680761753221,-0.515777378532218,0.564061204691101,0.605906592595099,-0.630379123489527,-1.20552556886726,0.0553715535649124,-0.126520447008592,0.0005574081769729,0.580636115872275,0.598923972668744,-0.402173960102446,0.228854209716988,-0.282997511451009,-0.244959254518654,0.164481549518736,0.436027400952682,0.288073875424913,-0.0224542152041142,-1.08191377501977,0.124176858535958,-0.0600324195567072,-0.0505167368625844,21.68,0
150677.0,2.00073760398616,-0.727071646695266,-0.613070092596352,0.972127699424453,-0.709256885188764,-0.173268371847533,-0.5204767231911,-0.176478734421925,-0.018708739568448,0.806867561110259,-1.56352580792834,0.939826826259236,1.39288385430045,-0.724295441899136,-1.64443916996537,-2.33836055702768,0.231976007377313,0.954528974243773,-0.9520965661102,-0.555900992429856,-0.07553131016026,0.722485816323946,-0.0749709032904049,-0.0316120803801892,0.387966889598777,-0.245188463751179,0.0768892825313632,-0.0377223805982583,41.39,0
2549.0,-0.971649645618621,1.01160240688124,1.91130313511843,-0.27286732148152,0.0815224417289026,-0.922228257392009,0.715814160384793,-0.135521792686063,-0.423163863770201,-0.478968582043042,-0.501889408337961,-0.372918902992357,-0.522570203865468,0.195608905523147,0.790884817352925,0.30408707148485,-0.455845105876925,-0.324257283800544,-0.190197441100147,-0.0984401266427387,-0.17606997854666,-0.745817581998954,-0.15166061639604,0.366912021976969,0.126128708100379,0.0493163952666057,-0.297565487472599,0.104088411704776,0.0,0
78932.0,-0.888773696207329,0.534242745111224,2.17864686488669,-0.362409307691694,0.404907330751086,-1.37380819370463,0.868310037265936,-0.28254206072978,-0.339751764224118,-0.565966111787112,-0.28976466384933,-0.576465006316053,-1.13490257518423,0.184507295540913,0.493645330869185,0.219301341630953,-0.500430760772401,-0.422615208438502,-0.708039072874247,-0.0106357395496526,-0.167414877774543,-0.560012150457264,-0.163711622085707,0.675966329247217,0.232341940196593,0.0438551099651601,-0.20114447303546,-0.158576319550756,2.29,0
123318.0,1.96625928742596,-1.3853792630212,-0.888591619952247,-1.01734066557834,-0.806744622528989,0.244047540255863,-1.0694689269319,0.139475313087123,-0.0429573389470322,0.865378010898465,0.414755901516949,-0.22074198013817,-0.24906485463185,-0.206120890098788,-0.338791044330037,1.48211217185442,-0.216706236662227,-0.481707623506294,0.817182657455302,0.182352489235297,0.397529217624991,0.928080075750427,0.0301926538797825,0.24888798644322,-0.167835249555616,-0.116707446686075,-0.0171330320904373,-0.0403741494649104,109.0,0
144586.0,-0.280252466572388,1.16322829164027,-0.0813001860250708,-0.566846490029514,0.165345579805616,-1.13652913895783,0.674048257157058,0.200108966676438,-0.272361222184535,-0.644127475779179,-1.05589857343859,0.50720486199133,0.512389082473681,0.338082010422191,-0.485708295015636,0.0256945120912034,-0.286978009801659,-0.744463465189024,-0.0675554052282245,-0.126604992216213,-0.219536393497975,-0.557600332524598,0.105980761383893,-0.0200182690469743,-0.443274459223043,0.143283100434928,0.125409279018185,0.0358076031250615,0.99,0
44310.0,-1.52831314657801,-0.440758466319033,3.06418901612242,0.129329032541978,-0.291410364690928,0.61044625953912,-0.74643143583385,0.693119821292576,1.14607549172124,-0.889721607653034,0.211149121387596,0.283284323974324,-2.46046138770571,-0.574120451142424,-2.40761468812774,-0.506296419647493,0.467206100007435,-0.292002111916678,-0.0526434089873579,-0.354023770540101,-0.0992761312809097,-0.0167490077281907,-0.297905559048694,0.240837829627848,0.178005700574343,0.307485389528101,-0.0094378804895722,0.0482973733510026,23.35,0
51173.0,1.02378007597762,-0.521147497897174,0.952324174110836,0.588370332955823,-1.01250166102274,0.113387825133385,-0.681753279298174,0.225388375958205,0.689750664038154,-0.037860561857438,0.661466982394655,0.536241692026489,-0.58084326138183,0.0174568616630712,0.0596872443504745,0.667831632861437,-0.648711090623005,0.713176367513537,0.164435409148033,0.0536588544902394,0.163537298708653,0.383063140551452,-0.167957335292329,0.0631974066287905,0.289851390378578,0.569038389342356,-0.0186949487234554,0.0227064901048252,88.0,0
153132.0,1.98863953410032,-0.373281110010877,-1.04913256145904,0.124114678547858,-0.263339659958184,-0.758280486343537,-0.159816676756717,-0.0586342980826831,0.839420178825512,0.119137309264002,-0.980695818392359,-0.819886271852081,-1.8765863663936,0.727509725088858,1.130345249364,0.591949138864994,-0.521562663124919,-0.477773737873685,0.0774347616135513,-0.214459661559692,-0.471743541182564,-1.60134242489657,0.563863119909868,0.556031055897262,-0.771081354549935,-0.0056103488153946,-0.0936507059874909,-0.0396249278061144,44.06,0
147832.0,1.81870375482924,-1.110790382857,-0.0262644757184687,-0.0426375898329497,-1.68972880977016,-1.21596296041012,-0.605313996950609,-0.274046427507664,-0.24795644278775,0.723612426340328,-0.0323922010306694,0.923804392188893,1.2381326244151,-0.319449858181534,0.204966298456391,-1.38480751184006,0.0328790843127607,0.451620287986769,-1.17905742809766,-0.317469256633002,-0.481404878554856,-1.04632210163172,0.516312484502355,0.908427893827268,-0.889165352047786,0.160614544657835,-0.0288045734360426,-0.0064377764699311,129.99,0
85201.0,-2.40546442435257,-2.37716852398988,1.52908660710918,-0.981798747800057,-1.69954352180951,0.687756968909229,-0.189861522767587,0.920943590987123,-0.478634247895503,-0.807546161328056,0.179118802133651,-0.409726438083763,-1.64183046416948,-0.338312848217686,-2.17576906443692,0.871727779427891,0.856624216657341,-0.861066615279159,0.127456511805481,0.979129834080769,0.704137752228366,0.942529664277475,0.655924421476383,0.0120770786169008,0.34534717907615,-0.15533975473632,-0.125197422700887,-0.124788198116117,412.0,0
18043.0,1.18567978991219,-0.329082710413577,1.00969173515145,-0.561178995379905,-0.971965450153169,-0.30735849492382,-0.738161902722873,0.0298890626969173,3.1223888468905,-1.49550279334265,0.706995602292913,-1.75399379315973,1.44188001703344,1.34434620579228,0.803226562352137,-0.756307055032426,0.874145534935616,0.0313901836738567,-0.008185624255825,-0.187587189366362,-0.130233947171829,0.125373016907455,-0.0022591742135585,0.0337989654615052,0.395541081686378,-0.696176526063849,0.0804403549301625,0.0270626054941603,11.85,0
48881.0,-0.572235293179112,-0.230463289007779,1.64608597633474,-2.14237401973939,-0.156822150105686,0.0042038874827705,-0.354120879524903,0.431070916497061,0.972696794114695,-1.34068550713081,1.62165711108761,0.641413151090379,-0.989015163841162,0.405545599936532,1.71947199217203,-0.612427841502709,0.0345773720120318,0.268569010277182,0.170255069206928,-0.0496453119882067,0.437906325067682,1.29111748668287,-0.0581190424537743,-0.251924700652387,-0.637263754832623,0.0429982071969902,0.191092358446028,0.151771203161744,9.99,0
143904.0,-2.02456766867675,0.0199481346039849,-0.961283701618352,-0.829012147395022,0.200633681809063,0.317540532228638,0.403529301390988,0.748038987613127,0.0239492419454074,-0.980499078208914,-0.334307451293901,0.845992731722833,-0.0379451842461843,0.591412443094559,-1.15317339807241,0.279132719786947,-0.441271330242985,0.236985930218685,0.754761003660448,-0.784760207115223,-0.177736255473817,-0.284704606925105,0.363435050156381,-0.094755335030365,0.440362525501449,-0.0826581728383863,-0.512312822785206,-0.132812507944216,143.8,0
11062.0,0.189997657697604,0.927299252784964,1.00070351335353,1.45824524077835,0.334124829247708,-0.052576857056625,0.457330702571816,-0.0799489521210356,1.13572908875834,-0.542622935856769,0.303396637253547,-1.99191899452022,1.95334990971406,1.37168543998122,-0.907371756086086,-1.10749422850723,1.13767428232287,-0.506650457434679,0.0966443426489827,-0.156258818567055,-0.0711828110871646,0.362511897422882,0.100510386814456,0.0447047149198103,-0.970051621878797,-0.489091604850933,0.222056715909219,0.167360286827989,1.98,0
45597.0,1.26814612898052,-0.0761887071863753,-0.825967831985256,-0.719174024325449,0.633528970824053,-0.075919176360202,0.417460415358971,-0.20660657794882,-0.435742695461561,-0.0751009624755099,0.269323630917196,1.1080861038806,1.64653308512928,0.276021128654945,0.0985881414058892,0.694926018770819,-1.0793170661069,-0.185783854290432,1.30690875546737,0.24514500268854,-0.399965257669675,-1.31725017033066,-0.138422491240585,-1.30141710065303,0.347730758807469,1.16198291699087,-0.147078350021566,-0.0183180627097478,78.85,0
76483.0,1.41975990185726,-0.413570023520438,0.0075822706673058,-0.771048880590414,-0.566382290399062,-0.600219864146578,-0.277059170076025,-0.26645199474425,-1.00823782852913,0.633468141652577,-1.03316410982745,0.161338342242762,1.47784887249671,-0.118368983967005,0.809967505911128,-1.05153954806411,-0.386600518902601,0.842504716188958,-0.361953021519891,-0.346347325304425,-0.622111322126287,-1.32742987485054,0.0576848149799801,-0.433409244069531,0.199889468243588,0.86335056813184,-0.0583217548979231,0.0073856938248263,26.45,0
126308.0,1.94194673320012,-1.37713518919982,-0.579790069571308,-0.895255989398383,-1.20592448767849,-0.287323222019131,-1.03291774467176,0.102047917749432,0.0348545436514812,0.867001595211977,0.517807272589071,-0.478682762330476,-1.11370125927544,0.0207346220662592,-0.257778103973592,1.56307547121105,-0.110842695194226,-0.823528225793695,0.939367631893388,0.091423703091391,0.0352445180871763,-0.190336702462358,0.271975195027716,-0.454142615789893,-0.580213750350023,-0.484900620850315,-0.0151752007888237,-0.0400907343265239,107.16,0
67669.0,1.03379729241154,-0.216609799330552,-0.0682763918510595,0.110332698794426,-0.463109955807068,-1.15082673669513,0.415761239301149,-0.21751546884297,-0.328080277267124,0.012044161090549,1.6228173424928,0.704484302350237,-0.670757898631006,0.81915212787824,0.146374064981056,0.206017544019254,-0.309265849359098,-0.476994303755981,0.457797672100769,0.119612381350783,-0.255505028382512,-1.09646358576859,0.0697881778067239,0.547330494227765,0.0898882169880822,0.664348020998087,-0.136108551354393,0.0099925712425117,120.0,0
38797.0,-1.07252759956932,0.911861646578059,0.973143912486837,-1.22762840460168,-0.448928551583211,-0.748329776417427,0.0324895791834831,0.56674567024713,0.223493253688687,-0.598274751854161,-0.465899957615401,-0.0812229094615738,-0.570519767096716,0.312322868674515,0.82025674724049,0.494320000452868,-0.223170595364355,-0.719900935665761,-1.14105436108611,-0.0613902649764407,-0.0826543987587327,-0.21948751745439,0.172732523161091,0.0916714705800424,-0.24842950115961,0.765773685877422,0.185989627153613,0.0472686321074109,7.68,0
167507.0,0.134008990637382,0.685486131233017,-0.737604176802827,-0.33233030111892,0.0546878227970827,-0.7253939979897,0.448108887395283,0.331777540462144,-0.192916942960673,-0.46651519742676,0.21299102930474,0.13754160992995,-1.0442938901656,1.0714586555966,-0.0266281912627052,0.174714695020078,-0.634091210884719,0.941656959836209,0.334913360258319,-0.256819791408731,0.430009195010067,1.08325289045184,-0.0337828010275544,-0.338440242679976,-0.281692946257833,-0.147451528998709,-0.105833146291704,-0.0862020072172129,42.81,0
122799.0,-1.01539737209743,1.28412992431955,-1.04315451397895,-0.458390108332698,0.635369895765778,-1.68227114404769,0.829297713640726,0.311778570442152,-1.0175963041997,-1.07183678501142,-0.836511690685043,0.89327845234932,1.10062904028185,1.05093692242897,-0.0603739885015445,-0.441300496355895,-0.0586639544724993,-0.509855401516491,-0.216864908366154,-0.279850227967631,0.269974973928793,0.473721402323415,-0.349026900452486,0.0474468991416089,0.772415088258459,-0.152454299483266,-0.44192153611058,-0.260074932843934,1.0,0
72835.0,1.23602310052871,0.212869933434144,-0.25398777728251,0.835284953429935,0.204632603539955,-0.302331685110443,0.205032649628891,-0.0262464290698928,-0.160875409303782,0.218616493850786,0.378842636313063,-0.0023851237224618,-1.14779172156596,0.85919730558281,0.267250996535945,0.412902116579987,-0.841248375715863,0.60686263075804,0.320977613795435,-0.151214175455664,-0.0348653690568393,-0.184868646908037,-0.210601666853437,-0.532212773741266,0.762027524153735,-0.321866651755496,-0.0124410286675026,-0.0012930965267174,22.01,0
52669.0,-1.04487508146541,-0.699877326219838,2.38377122035766,0.462869618000754,-0.523349853455437,-0.484606399233347,-0.782930519068896,0.160621985373461,-1.05938127241612,0.666156394539242,-0.59189474920466,0.378854119252615,2.00846539507299,-0.634985771560496,1.41861158866102,-1.19689904093724,-0.341565759877039,2.08187262262641,-0.795838875157057,0.26734670709568,0.102301008734574,0.625710331597296,0.285710369464482,0.390591865990031,-0.443462008105373,-0.238540736901469,0.448414899644347,0.273183880806746,90.0,0
24066.0,1.29640864857942,0.410961646342607,0.211135174047684,0.776479067829818,-0.0861276408138017,-0.732048230039771,-0.0556855946576082,-0.217792796157094,1.44013526762155,-0.635890991940891,0.304040043815945,-2.75092396740424,1.3927672849958,1.22781776590452,0.458035926403558,0.632643045456973,0.564077116460012,0.219157223095101,-0.195301960144823,-0.142548443122208,-0.479846852045648,-1.16168248895063,0.0813210122285958,-0.269631882611848,0.245442010986227,0.0910236159109892,-0.0542541570076387,0.0177750607141829,1.98,0
82289.0,1.2741295133791,0.257935543155979,-0.0424147683627484,0.37713195707681,0.080367657889828,-0.260195661193241,-0.0559250703319268,0.0165231395337123,-0.120454300575142,-0.103352541071482,0.804668678590132,0.471395025678331,-0.0200732252938205,-0.0805732716692444,0.491153048392771,0.942174330334337,-0.552940434209943,0.517111347996362,0.419602646594874,-0.0616588104370132,-0.296436193001454,-0.902559850146549,0.0136171351528293,-0.583956352890785,0.290961692037456,0.131701112693375,-0.0300728438415136,0.0111918209001511,1.79,0
33108.0,-0.24669592941033,-3.33131847812353,-1.24476495569842,-0.176656260374384,-1.26264319052215,0.0188763921489531,0.802008188246401,-0.39145765531469,-0.897117877617471,0.257309440043795,-1.72226935524083,-0.609556009497209,0.566030192832939,0.27995093288265,1.09104213496862,-0.716047829837721,-0.498282212070282,1.35053798272122,-0.424136891985068,1.39523316471223,-0.137695118889205,-1.99344665219525,-0.77508411903352,-0.96869047506374,-0.0884543327090022,0.807306830448204,-0.233574485576348,0.15301235223369,909.18,0
125969.0,2.06924235030717,0.171569036141728,-1.66730517896286,0.43451471114872,0.391619576711617,-0.92183385426025,0.198474008611598,-0.250787985902805,0.46421447574316,-0.383124023695234,-0.470755188917554,0.258098549081332,0.21207804990752,-0.871801916009321,0.181854674937682,0.286199869558614,0.492537227861362,-0.352810189101695,0.0224173985898955,-0.147696996983471,-0.357524140632564,-0.917239497510674,0.347289436899547,0.617760522535232,-0.263106321995711,0.166269189072646,-0.0615815243829019,-0.0292789608909673,1.98,0
163935.0,-3.45398717317147,-2.62669132484233,0.302480841536882,-0.273015490080961,0.0230248469966758,-0.281381448307199,0.899427626493719,-0.0715386698720467,1.00138719303315,-0.109012013110696,0.484253969586117,0.94111865706498,0.636232328491861,-0.433945003356389,-0.351887134423881,0.552005209768437,-1.05786023138413,0.826368384793046,0.111089166307824,0.225719129190131,0.0497158897647641,0.847345996935922,0.205034411654866,-0.243562553784161,0.135225344539319,0.12594849542445,0.527722331317167,1.20554567315254,500.0,0
169392.0,-0.974895495085312,1.29958613866365,-0.501911076822577,-0.6633986541918,0.643199737776686,-0.923163255382563,0.742431084810191,0.251621233042157,-0.458121797934162,-1.14712126930076,0.585304127603837,-0.117675450829196,-1.00170299352836,-0.314304466307751,-0.0911078848169684,0.633783034096216,0.241485608940613,1.45085050627673,-0.0923888763695034,-0.317989347443529,0.358430677283106,0.852243000394623,-0.336010419075438,-0.432119242157677,0.139765418717599,-0.152560405391521,-0.246658858300295,0.0988164855655971,19.95,0
44343.0,-0.512045111914787,0.903784782533337,1.56452811255525,1.40022331566418,0.0373080047347715,-0.182233259485048,0.552689461372496,0.122513055047363,-0.231995159550683,-0.088316905987001,-0.425180762938463,-0.0204545231293886,-0.751347686955144,0.148864806312671,0.256945060032708,-1.29068853060958,0.780735523416755,-0.71391861166529,0.60327502596763,0.130631765330939,-0.0074016665238721,0.279788465955793,-0.0684338873188554,0.408627216617115,-0.144738483541379,-0.242263359500887,0.420430410139763,0.208938156488824,17.34,0
55067.0,-0.13427472591078,0.678215503635607,1.5631506480147,1.74724612285408,0.219747124211186,0.665719726403676,0.491245331063375,0.0251411869167128,-0.833388998732749,0.578932113243368,1.2136600551274,-0.10507069127471,-0.687632535849924,0.530067197097842,1.75636444866602,-0.834332746666168,0.223841936266524,0.627197841813747,2.03071468758189,0.339613139047254,0.180084334020212,0.68213773380876,-0.10754964512884,-0.301874016863007,-0.419116657591618,-0.0351418713338836,0.0278400489533821,-0.0795457650220143,49.0,0
134195.0,-1.42180722644478,-1.8864209102192,1.29126071580158,-2.76814201011824,-1.53734724823271,0.65637409351558,0.794623170505448,0.202875189869453,-2.18104511294506,0.144797434938509,0.210558546448124,-1.16478211024038,-1.19858274598455,-0.294039613698543,-1.6329549763047,-0.122047204205036,0.271165487532354,0.349427700068862,-0.258552677959564,0.520738399943377,-0.278787627095358,-1.34531832681228,0.913005837974583,0.533388423116125,0.38440124444271,-0.58996247377264,-0.12160331845819,0.0852402707830015,410.95,0
82893.0,-1.23716286036897,0.063735977652349,1.7391614792286,0.416482112082164,0.845442975954036,-0.333973928924914,0.40514533156319,0.296806183948104,-0.39282665313001,-0.61423349924197,0.927889102647798,0.522538295029511,-1.29771040200416,0.353445147073761,-1.3263440035114,-0.397826808086612,-0.0967541440148867,-0.30468517979996,-0.686423326605736,-0.014318133202428,0.110767876318923,0.135077956011084,-0.0355834024458737,0.200522186218554,0.256515066993097,-0.49215882654077,0.0599142064273095,0.105234596480779,42.2,0
48913.0,-0.897993743712948,0.948411681798114,2.73294324396537,2.68655841332299,-0.27390337128818,0.961957092762095,-0.010583795613257,0.272328546924127,-0.582361147316047,1.35583440360931,0.558330661902706,-0.331969753583077,-0.710742098577119,-0.273196834865925,0.412825679755683,0.264688195854338,-0.347823915092575,1.10691961411258,1.14991091745619,0.502902415193045,0.0633009069335816,0.57830324129885,-0.324599338402012,0.0024890713269578,0.179275656986403,0.391340191466699,0.298713372496005,0.0126720163138714,37.92,0
75563.0,1.13319817797799,-0.150668027102557,0.0872050533954307,0.213391710678994,-0.0048958492745088,0.28385857504252,-0.167827568063493,0.202015029356264,0.0442801848726151,0.0470958723494145,0.744516509185181,0.212684436622064,-0.889061340458166,0.666027184479095,0.797662331381524,0.557854827018126,-0.6228286098873,-0.159286425201257,0.210494761827042,-0.0525587258692792,-0.312462390993773,-1.10034493798519,0.0826817471788793,-0.881124081774915,0.0562690867821033,0.16629768947571,-0.04256852523841,0.0039160478378546,54.98,0
167909.0,-0.425118863933803,1.33470873267755,0.467213621263233,-0.239929211593319,0.743000621027595,-1.00156112417482,1.20054574939874,-0.181826924766877,-0.295579361142558,-1.20623205698116,-0.506967553807452,0.0096547724195764,0.256352422388329,-1.11546066368404,0.309551455585903,-0.117904153946121,0.736715802229469,0.0639179449576131,0.450367718172083,0.158836235605403,-0.395721945659836,-0.950951272703197,-0.316434564830909,-0.238074707739779,0.81098650140662,-0.3497270418855,0.198953413419945,0.026688710521081,9.99,0
90352.0,1.87834874564308,-1.52036269367923,-0.362199772148113,0.255518728689816,0.615523349544482,5.28222322997743,-2.56974240258947,1.3925493092882,2.4903523826379,0.258914564274924,-0.39916561171633,-1.96725794612202,1.6960772695575,0.224155741560307,-2.07383028772575,-1.82865593418113,0.86131310243262,1.67825129477073,-1.24952198256653,-0.5864001686019,-0.378164727188581,0.0288802152093023,0.227602813030804,0.625291043325982,-0.236912523479761,-0.493466038542637,0.14767660908189,-0.0202841211329718,40.0,0
127894.0,1.6092871024462,-0.581437221500059,0.0084843034399209,1.65562890740096,-1.16279507684442,-0.938786073100296,-0.287846512887984,-0.124817713269496,0.855258404264296,0.154008610027426,-0.117612556548201,0.466487150542583,-0.200014965163412,0.130178726813246,0.796715606035906,0.170864925517136,-0.396817030069197,0.0191991309015189,-1.21206249013647,-0.0044161855113337,0.373621215936739,0.902300574315665,0.129504311845948,0.858323594765962,-0.281038504514796,-0.628079398685612,0.0329771971659154,0.0033026500805729,150.0,0
54576.0,-0.239203427412588,-0.0153972991669007,1.2129317933796,-1.08328619294139,-0.0845260581566052,0.501254461849571,1.06862811795807,-0.401499801839066,-1.7228712091858,0.971124366756906,1.86998240608383,0.397658822604992,0.360547791676287,-0.0136606436993652,0.665467815707161,-2.29892138530415,0.362707552850754,0.117107523747731,-0.111966904739941,-0.239025091428107,-0.660393907221972,-1.10969055324623,0.302868096240588,-0.297741093174448,-1.16621345032979,0.591448031044025,-0.305010430989756,-0.327038863332576,118.93,0
45562.0,1.34534917846868,-0.786923231461042,0.650875171920207,-0.920517749298457,-1.05874214152755,0.0738896825624412,-1.0996649927065,0.115966749141262,-0.635901320426842,0.761454957383874,0.678164200883198,-0.102710895229304,0.591937880956644,-0.339011351346588,0.452910951425424,1.90877597285661,-0.506285034140251,-0.111153909389299,0.814886173882436,0.188652665078708,0.395310427964741,1.02377593328887,-0.240168426797452,-0.446724636205008,0.505941596798299,-0.0184566811654728,0.0297651498084629,0.0117236211174741,34.95,0
74423.0,-0.717779088343542,-0.518640756529326,2.4095342427606,-1.83489884434508,-0.217565992774201,-0.103658662021917,-0.40836452110971,0.122583595344103,-1.04598223709966,0.263167308498807,1.39966438599334,-0.344388635372528,-0.15119639068743,-0.513456382149455,0.0858706126229747,1.45630461288931,-0.249953785960739,-0.696553171854945,-0.374011068054256,0.228305380109193,0.526758153648555,1.43327408233047,-0.222061196541212,0.0530753855086713,-0.053695541031378,-0.217659597035852,-0.0654617499326905,-0.119000879395269,19.95,0
31735.0,1.48149506055562,-0.267244459667757,-0.393097026845478,-0.7759068244414,-0.351495551908683,-1.11054084272373,-0.0020871912561508,-0.408309147653539,-1.19334585802368,0.672172448852874,-0.589665475458295,-0.517446164303768,0.700679715402729,-0.0129883803284515,0.404594644156949,0.848548437463662,0.198754105744528,-1.49959858143677,0.819113340680911,0.115168912674131,0.164157654459332,0.433039134077452,-0.233274606897475,-0.0584061187254996,0.875545287091767,-0.0556538918476079,-0.0264791020550904,-0.0018609975351403,15.0,0
22850.0,1.1852756158332,-0.369012773563689,0.998231730889443,-0.555823089568259,-1.02115498460363,-0.320471999027027,-0.775556354575448,0.0612020888229727,3.20584482701689,-1.47931433970544,0.613000409625324,-2.04712914145389,0.890706369183794,1.45403659657545,0.863699760738762,-0.73045261895341,0.905642017826742,0.0990125673155466,-0.0044643262765689,-0.222901169128186,-0.13657110736498,0.0802331545471605,0.0043565375694509,0.0187083086152165,0.376891822649479,-0.694329504072376,0.0768371983440205,0.02587886183572,11.85,0
159983.0,0.118834605663786,0.92364338519133,-0.548671893069423,-0.743882188354802,1.12171314008758,-0.236205515690007,0.811058462253198,0.1187253353748,-0.193978339639337,-0.656175443627575,0.633086520979542,0.154057961845313,-0.615054194887966,-0.717910574026501,-0.800419633821512,0.603042950345297,0.0743076073540052,0.38190814335077,0.129153611837223,-0.0018337293013861,-0.314484407807485,-0.814222034537842,0.0532155833343223,0.100808789932856,-0.437843202032132,0.124281997052917,0.21718660867151,0.0687186686729866,3.56,0
119813.0,1.90093055744326,-2.0327151689326,-0.890734574161346,-1.52993197475756,-1.46010644321199,-0.0490859259966219,-1.19877926876869,0.0115690953161633,-1.29834854741742,1.63333307655497,0.701150541753795,-0.185315271984282,0.218542916520925,-0.277582050511999,-0.640372878868215,-0.253278975853923,0.251181017951548,0.500084421333531,-0.0546748254832938,-0.065557039677977,0.0119489798614183,0.0994939237430484,0.143912239727142,0.686956287623922,-0.383491543692657,-0.24411053714665,-0.0127322947480646,-0.0181979598293998,188.0,0
81981.0,-0.6808790025117,-0.529017242926608,0.934598539513619,-0.798992792165828,-1.45645400311041,-0.627855325654286,1.53300443339302,-0.353708043501209,-1.58062712881774,-0.110713203388509,-0.562782672027092,-0.174587024862328,0.355605335597887,-0.0896721563735329,-0.293360491338987,-1.94766484581335,0.412761201498559,0.748429234920377,-0.499659891728905,0.237669869662016,-0.16442933625008,-0.433603426642225,0.597889987213598,0.723515034953243,0.0602091233715808,1.0198010806883,-0.121183985316028,0.0643074298395735,313.2,0
147054.0,2.00019407950017,-0.855738904033475,-3.0009780958689,-0.546829616364261,0.624532203634486,-0.925027828495956,0.768422388368727,-0.629018264143628,-1.19200523290835,0.949034248522632,-1.63150774453155,-0.308157069661512,0.552276128959724,0.596947275295948,-0.30910532915168,-2.0416866922384,-0.11753607994825,0.865499203150517,-0.428525332030057,-0.229253111184711,-0.0550219434264163,0.0978793667784642,-0.29716755776444,0.123188408976856,0.573951299620131,1.01101946422999,-0.156549682402873,-0.0629849818481393,174.12,0
55969.0,1.16742320824589,0.621239888873374,-0.033155776550434,2.24567210665447,0.576165686200441,0.12888960108829,0.353608601448626,0.0440881205512393,-1.23955507072969,0.873511795741377,1.02677437614073,0.348037444409288,-0.451788066578577,0.797846475695242,-0.178317854759243,0.346888895972727,-0.548958514446916,-0.301694751809582,-0.827828272793828,-0.200798912798235,0.0378405980480193,0.0733364843593231,-0.123887151038867,-0.325132430491476,0.659071008935458,0.102992409846948,-0.0297509146571608,-0.0078300195992894,2.49,0
60780.0,0.0413271748415607,-2.9197327997641,0.470244686037813,-0.0607420449391873,-1.82404365709774,1.13155209004168,-0.604765093822353,0.345343294723625,-0.132307375950489,0.193894133672215,1.27187069504255,0.397489357136158,-0.445556113487361,-0.429337330304294,-0.746158488239313,0.445862951385279,1.04969967626053,-1.77202621583521,0.289209261750445,1.19654770449735,0.471274749108503,0.17023495058874,-0.473210493516548,-0.23947507951558,-0.0329849897211047,-0.265157980414057,-0.0340031307156379,0.112596403935635,614.96,0
131528.0,2.0273972520021,0.261263985468032,-3.62387261423161,0.453135491787973,3.25125744647895,3.05583794493651,0.0789399442266767,0.665816202859875,-0.0136515569073272,-0.325609077690904,0.193141177626844,0.0407134588537181,-0.489108507189154,-0.785465275972077,0.004398014922909,-0.271939671087978,0.889253723212496,-0.0382801739811286,-0.497808880368255,-0.187186044593724,-0.0447285610575352,0.0066748951611519,0.0134702738432555,0.578303266480525,0.514495718243281,-0.470280144190499,0.0209811984262306,-0.0363352003188675,1.0,0
33222.0,1.10911214213743,-0.0207367212231888,1.27356101780452,1.28531557034223,-0.720741040253679,0.290267938270499,-0.58068911599744,0.182330118780888,0.761822255202955,-0.270624888141605,-0.426855462786999,1.00986798590443,0.845638958289405,-0.496749073448533,0.33907836544368,-0.253493948354023,-0.0171754397379936,-0.61343266341544,-0.575653776042198,-0.111191062861322,-0.0248455088134858,0.208870282590794,0.0147919246995559,0.107377057802535,0.370061381784619,-0.382402372749462,0.0942768174578388,0.0368240996883837,9.99,0
112391.0,-0.446457959559107,0.337515993193588,0.92820154047681,-0.907055843538535,0.524254182905775,-0.0190774592965337,1.00471043352025,-1.25884330351534,2.43298487925923,1.72893860921487,-1.63148342104121,-1.54214258209371,-1.61513703048151,-1.47589331858456,0.285603457021316,0.0777076223090602,-1.37654656763223,0.361152322603282,-0.202801250757794,0.0239883292138211,0.0517011390625036,0.866741584491811,-0.189613780803064,-0.711696127268969,-0.892297254614261,0.291719260792761,-1.77108626300684,-0.915277866524388,9.95,0
156221.0,0.249897058614399,0.372553957261216,1.24465530741829,0.966174442833931,0.0164072323451661,0.656776943379977,0.226125372044719,-0.163618547313142,0.0560978038592151,0.198514223073665,-0.977933777202315,0.111604441275255,1.30980705879688,-0.559720509003702,1.49780807533426,-0.860087233188943,0.205272789504221,0.513804451165375,2.56640518254666,0.513720976306092,0.277299994878828,1.21065181069078,-0.0746872711387379,0.596373214812123,-0.84639375399001,0.930681655589445,0.0606486741993477,-0.003695342606222,49.95,0
49981.0,1.36513023384583,-0.799145346111599,0.374920919117733,-0.531066641439955,-1.13498860624465,-0.506914649497812,-0.731864132277054,-0.0089390894306646,-0.0885845759147518,0.513449015915698,-1.31386240412445,-1.38031510558267,-1.5504568856232,-0.200367380504252,-0.19172383700983,0.901070698210764,0.562436815189615,-1.40512381105056,1.13190767898394,0.0102804710095197,-0.123721366840165,-0.420026863497624,-0.0344211064475652,-0.148072453603671,0.439406122393881,-0.298839027378686,0.0040883369626331,0.0134789919952106,37.0,0
123354.0,-1.95676452599974,1.23096620822896,-0.243856635118946,-2.34533649401593,-0.831589602442836,-0.634436689555919,-0.325015427323754,-2.96506025775805,-1.57311674308104,0.246448320233836,1.2350021776026,0.122715272607761,-0.677528186717206,0.739800985409964,-1.19697439095972,1.22888856369467,0.360731375504086,-1.33120068271871,-0.0504778507558173,-0.893660980919821,3.17778738279888,-0.709447880642065,0.163972813640567,0.437802286509454,0.0030497787790392,-0.416709572435418,0.49295082535194,0.0070956226224758,99.78,0
45728.0,-0.893287246360045,0.794104715975592,1.10007264441664,-0.510433469906469,0.554212793533339,-0.649336245004633,0.192694367150244,-0.674172048142805,-0.387089429558217,-0.591267457318588,0.82872287395819,-0.0684466449420644,-1.25762127009393,0.0528582677407345,-0.149308448043939,1.00053503758365,-0.514694854398842,0.56850804217435,-0.360433262519758,-0.403827721979435,0.593896705297547,-0.879268124610657,0.0422143079671414,-0.0899872264776523,-0.56400091441022,-0.112506956816121,0.163115627351844,0.135928911114695,2.69,0
84481.0,-1.66773008296184,-0.628777409044178,2.36201401070563,1.77821710299119,-1.41451185999058,0.308313571457682,-0.186204053986801,0.62767135278157,-1.28645011313686,0.0201940294480711,-1.49072798168162,1.00595111655063,1.27760987401699,-1.08542368342411,-3.24675413462173,-1.63865100519718,0.560500508712845,0.502480135219039,-1.73695854564186,-0.0411867780248281,-0.284937749565146,-0.658164227262187,0.571008575197293,0.886049659988522,-0.335385111701282,-0.307914042083478,0.0241082622095738,0.0176837128052511,208.07,0
60649.0,-2.2470720656922,-0.192230764703683,0.747307042897328,0.296940430808273,-0.902657717245416,2.16204380223944,-0.895643302624777,1.4865588563623,-1.50142038235223,0.281094225581166,1.40567296283895,1.15671385656649,0.492529952723306,0.512977786477403,0.847163208013017,-2.57921738398999,1.4360695169192,0.27381848787692,-1.58774428876242,-0.666215824545051,0.0642842834120462,0.763802995484834,-0.0935027973640995,-0.985287340213196,-0.475036206730918,-0.0851095026273745,0.172319630949172,-0.160738597879998,135.0,0
88877.0,-1.07149499476933,0.295760293006435,1.3280947904774,0.920010433326384,-0.252622374424458,0.770579068826213,-0.528129932553037,0.762750961712891,0.285725419605344,-0.47219407858388,-2.07352659465293,0.107822065867519,1.18137452128477,-0.294350632665839,1.09890261784764,0.616448158724623,-0.721285696273721,1.16136200962022,0.430965224308005,0.410384417457315,0.373586896203026,0.9860732809011,-0.0513088627706686,-1.05557193519821,-0.310217951157995,-0.370536062373442,0.382612265464689,0.124112298481151,89.4,0
146733.0,2.04633933195363,-0.0684223114258567,-1.06971456239285,0.411661016843035,-0.113103618569622,-1.12697645529892,0.177242804258565,-0.311988456133533,0.534568934633819,0.062120995030223,-0.684963828817766,0.476286789853135,0.093781077785385,0.275354025755358,0.0842337580362222,-0.164846843216262,-0.233464778958224,-0.961858064898666,0.0728334289114983,-0.221061399692143,-0.280772768310829,-0.674706105694741,0.343295364121526,-0.0121279758732904,-0.313684029482083,0.20055810741253,-0.068040038746965,-0.0597840701063813,5.48,0
35446.0,1.37061898489289,-1.00090284692432,0.805964714106439,-0.593055158302217,-1.42613437181237,0.0219105020107554,-1.28173843915813,0.198344733415288,0.37083039670911,0.495200735819387,-1.74041140122605,-1.6667633865018,-1.65193359352201,-0.468308173604312,0.195277500774514,1.35837784692071,0.279615094111756,-0.779104108670007,1.00411760464091,-0.0001691327771496,0.0510314628927162,0.127251475427311,-0.108981147589504,-0.476595637331327,0.398698548078497,-0.139635359987517,0.0365846451909821,0.0176108447995156,27.4,0
50232.0,1.14902487924639,0.125963255139756,0.461180815196049,0.523334379730712,-0.296162821304633,-0.358388071345632,-0.0476480349768461,0.0487415672041901,-0.234543907672253,0.0691105870829214,1.81756596489029,1.07375233765372,-0.0853616158912993,0.551759155388835,0.48748088337195,0.0578644786220706,-0.26102451066513,-0.529147607892266,-0.254424166266412,-0.120524955650313,-0.107087118428239,-0.325989220958182,0.116979673356635,0.226664459072214,0.18009400950771,0.172627154057157,-0.0247863073363509,0.0048620009974935,10.98,0
54759.0,1.10268607108218,0.175632417349069,0.469810491454867,1.14392049555609,-0.248698997648768,-0.210999772612892,-0.0560949157864678,0.0947260814827363,-0.220338870150506,0.196972861856532,1.60292075198658,0.757659010424232,-0.574855358686231,0.663536516319194,0.527053686710831,0.0178924274560483,-0.342801983107939,-0.028701294695918,-0.622656292718492,-0.167929174268057,0.167136414535232,0.471079206610975,-0.0753880538215834,0.215629254000702,0.521419777722938,-0.28091275630581,0.0251653148309385,0.0121816431015924,19.98,0
50331.0,1.0714198846679,-0.166509936329297,-0.0604490780369325,-0.232048114115917,-0.397059980923753,-1.19298638764842,0.460709707234987,-0.306522432832448,-0.481696900023415,-0.0748052220617093,1.89756405255458,1.43213191661619,0.719186750215598,0.517479617306367,0.0255035214476481,0.162678937857766,-0.341339380564895,-0.737832882713641,0.57229063325378,0.207117958760806,-0.260789795742682,-1.02527185820629,0.0796055893086425,0.605935937626663,0.0579312207606592,1.04143579407044,-0.154202204528872,0.0052833525051647,109.9,0
79585.0,-0.348015009261829,-0.676398907823907,-0.279589931855032,-2.79311653227456,2.16378972136441,3.12584275380559,0.0958742131469019,0.59085166972475,-1.24201966706517,0.286372292424524,-0.475470883738557,-0.622030451548202,0.192925602794733,-0.102919464006746,0.352199666320398,-0.715036269478447,-1.03723992709934,1.39766454903294,-1.1492731721519,-0.090744235410117,-0.3668656812914,-0.857637681302841,0.324104730574919,0.983917727591933,-0.797906744383258,0.584471211174813,-0.0984804292678807,-0.0395117373582189,98.23,0
152370.0,1.97306317048559,-0.494447721286139,-0.247857454553471,0.546529451480432,-0.940788657041738,-0.655967023672198,-0.6801343006618,0.0036098041913918,1.65360538301449,-0.129586693516226,-1.18742194562974,-0.159808046984658,-1.10701525916736,0.0454783898694854,0.606956657430321,0.127133484288181,-0.42409735177401,0.342326410114304,-0.229214009183413,-0.300241049483435,0.180617476077355,0.720604357002564,0.134946161079669,0.0382638269569052,-0.139595653718151,-0.211681554554715,0.0337933526550235,-0.0387683960250973,9.99,0
38409.0,-1.30774753219618,-0.743195913619214,2.60659977671993,-0.278746328848061,-0.376697669682318,-0.384903511142272,0.408974415902971,-0.106669787413713,0.380108399043403,-0.855221322474957,-0.618066797260189,0.287445659451839,0.554301391757398,-0.816664124375447,0.158091636947079,-0.0625420992928895,-0.147164633375063,-0.210292812676534,0.451081055892521,0.702212886399237,0.0474704495237053,-0.0363617479835754,0.260515195630073,0.458520774645497,0.117930492941717,0.987560717835594,-0.239824946403127,-0.131445402400861,179.4,0
86273.0,-3.59545796976057,-0.0326158732659681,-0.109888034716833,1.73336720809288,0.757135809759351,-0.685407614717971,-0.247532899558009,-0.430772673182795,-0.180946729680171,0.442443194157319,1.91222411301202,0.181717416688073,-0.765606490709202,-0.863198585757419,1.23200627580694,0.283886119828705,1.25836487746089,0.909857617996817,0.484044524840166,-1.37135614374834,0.483873484507037,0.510363721234115,1.36138174010063,0.0832664217067478,0.208208383362688,-0.136894676622635,0.217883780502366,0.586236601950932,1.0,0
72318.0,-1.5010984789238,0.811407132256677,0.6472747530636,-1.58776437383386,-1.14350199844327,-0.833385898832368,-0.417281589612171,0.887116823131159,-1.36599453593599,0.0560059024390632,0.773690462388383,0.530514977347876,0.0504492202666775,0.15760337488612,-2.03226767963189,0.982721978041554,0.589608013379993,-1.19262019403516,0.518731443342366,0.0570855986238338,0.221315658059275,0.594382869634836,-0.0601021429928028,0.576414956748757,0.216890014416283,-0.341101571245789,0.230388337774158,0.0556193954570255,16.29,0
52885.0,-1.21570010355218,1.42605447065246,1.02509805310035,1.82422592366619,0.960674703021657,-0.619066437457395,0.761519439157555,0.267056340411819,-2.00651209235299,-0.0540193510892504,-1.18442964930926,-0.194633865123717,0.556984311378626,0.630157583446876,0.0184325370857833,0.434947928530539,-0.444912107754646,-0.170540426178301,-0.459669401365869,-0.0104757634876554,0.0892308199194363,-0.0691648726409452,-0.434508403747615,-0.0996899806089987,0.740044048139186,0.128728078925011,-0.1143312211457,-0.0723171870863943,0.73,0
157456.0,-0.30162282162994,-0.463945965970162,0.697425007986471,-3.15362586652721,0.306503547245347,-0.236181648579905,-0.0420233733884356,-0.117428163770697,-2.2804870377198,0.515956065693819,-1.7574153679085,-0.859651375533791,1.5118526214886,-0.79340561782169,-0.944966419486058,-0.272022441534154,-0.0956023306299754,0.0877520288191442,-0.458949181820588,-0.236784904769358,-0.140139613250222,-0.0341726709691367,-0.26825260232232,0.0390683651522937,0.243898776525639,-0.228774589359837,0.0953145083103352,0.121828940783209,10.0,0
49129.0,-1.45854946527026,-0.370837605525759,1.01675530048422,-1.1445871087455,1.59194097524583,4.50784126217372,-0.320400225503205,1.21542565812213,0.926932014288521,-0.879135698699378,-1.20131435575244,0.110421502576313,-0.340545695891232,-0.98142216365276,-1.4920075764012,0.0724609627875269,-0.415046594113142,0.228582716218372,0.186656455647562,0.155963040401133,-0.0343521510663112,0.189027191361873,-0.360199801790214,1.09951846013589,0.759029115789825,0.638460310086349,0.229931955958023,0.113551579938963,155.12,0
58759.0,0.201427725711736,-2.01425609705083,-0.544182540687016,0.964478240512302,-0.963226086333639,-0.0725585018171409,0.608335227308198,-0.268865763970025,-1.39540526454734,0.683640752332824,0.645434546826611,0.938420707647321,0.838902217155564,0.286461249040205,-0.831188236210785,-1.53983298667995,-0.243073060044189,1.55389987425994,-0.668362801095187,0.678527076854552,-0.0057178126412243,-0.720830956243838,-0.640464978374132,0.0348377413267466,0.548190539408401,-0.321064178578332,-0.0757150746969351,0.108282328536124,588.8,0
42957.0,-1.86526045398869,0.0569950801294207,0.971437012211975,0.116674242247657,0.553059018279268,-0.879862523171508,0.0117092463479211,0.472480699175345,-0.740616958400115,-0.220681431530929,0.974845863962599,1.01825925281403,0.722793205308571,0.457306509848455,0.152685160867774,0.624358114165309,-0.66751076775209,0.248159680017196,0.517803305412176,-0.111863864682621,-0.206286717268609,-0.419681173468967,0.931830666788868,-0.024472490608868,0.09461789720619,0.102969017952119,0.147684442018295,-0.06855485922658,8.99,0
39389.0,1.15032005657769,-0.724876958423798,-0.0088911711914564,-0.750744433584723,-0.553995383157069,-0.0022059069793569,-0.334439625465648,0.133648152504773,-1.24221984207545,0.751553782000093,1.59996849992755,0.298518173698195,-0.812917318526194,0.743097666538893,0.624845977959175,-1.72539547789672,0.42627439047116,0.0614002830715459,-0.930472194122961,-0.46100793707174,-0.669094151462035,-1.68086434124582,0.291932073286192,-0.334216936101113,-0.246748697329373,0.661749040374591,-0.0650645002440468,0.0011469560130845,74.99,0
85396.0,1.22539322753576,-0.690598578083653,-0.478234638461425,-0.910864821864953,1.30531945187783,3.88000063712174,-1.20544007778691,1.04868430001249,1.07313386913717,-0.401208246480984,-0.569425793884203,0.395539322394407,-0.082302633330525,-0.406667481809309,-0.111006272618549,0.209494121830773,-0.353594115828941,-0.188244383475973,0.83129809077291,0.0890598269088571,-0.274292823515606,-0.729850762645928,0.0258594898700417,1.07842886856059,0.287353015612575,0.95556067188417,-0.0355076595566349,0.0112742161890693,30.0,0
59406.0,-0.916561605774262,-0.0905932276843393,2.23660862364594,-0.354409615493433,0.10396042986796,0.396038740815025,-0.372183686564441,0.588455521644452,0.450185135489289,-0.708356938460896,0.313175781081298,-0.131613177909058,-1.95632173970333,0.0446149338038159,-0.68599812086144,0.394601402547437,-0.415708164130221,0.253253729929062,-0.526061007322373,-0.14789914473185,0.0787674824464231,0.138607022773415,-0.0426852111251388,-0.324418038057929,-0.384844245963758,0.171811282883425,0.0906424040288781,0.118409890803232,11.5,0
67659.0,1.24002666456488,0.336925602749885,0.28869680382447,1.12349997165092,-0.300268209335879,-0.974614736799041,0.200547751968091,-0.216611509417994,0.0284824817420509,0.0229881367781545,-0.444571394325495,0.0266504632786673,-0.307034281710411,0.450365560738632,0.953231422964278,0.0631856955669582,-0.408269371657131,-0.1142645863002,-0.369609453574803,-0.159270013794807,0.0252958762490264,0.100769734010665,-0.097063852051325,0.389718523466092,0.676458946226971,-0.327642137106053,0.0113550933668964,0.0200797472842555,6.45,0
85395.0,0.871831022012237,-0.119702759297648,0.196890559026613,1.04596701949532,-0.132311869292668,-0.179664981451263,0.329721132998756,0.0264006690503749,-0.377642102147438,0.0321733190468917,1.64204366251191,1.05634362674795,-0.197447995788437,0.738406320659198,0.446523341402242,0.0403089375750232,-0.358561714616476,-0.609121016863209,-0.204115658766844,0.120727371304935,-0.306939430141595,-1.26624306804264,0.115001585615486,-0.0630966760636674,0.0977366398081856,-0.854736315779557,-0.0027703075926634,0.0405687896320873,149.14,0
132835.0,2.02439437662296,0.496089379769055,-2.52405721634157,0.564522620938727,0.783268423203741,-1.18229521574915,0.228508552595855,-0.19489658121196,0.32283292408798,-1.02883315890156,1.53438319432458,0.175303931367677,-0.360803882614147,-2.29205777079289,0.481587311125788,1.04043207042067,1.44868068080925,1.84633363961836,-0.32824162111726,-0.156654273090974,0.125126280521271,0.52147165311173,-0.0987287347711792,-0.689312250352831,0.255208775379548,-0.0891524235123234,0.0168559077058165,-0.0076300997114629,1.0,0
53258.0,0.295316204291145,2.00698409167364,-1.89432164465766,1.59684201139255,0.898470814843166,-1.61976150738111,0.882625609429914,-0.152879891285742,-0.0148020172911631,-0.624126398701369,1.30023945937881,-0.364961692134407,-0.132812765753251,-3.64490628860334,1.32591613946199,0.401556874989749,3.19688124244909,0.910458204070806,-0.955853509639071,0.322371327871279,-0.155371313289997,-0.0248324904667408,0.174194521385906,0.0490469082782235,-0.46937681749838,-0.383094065018745,0.484514480302332,0.138261187962454,2.75,0
147285.0,-1.02736108365752,-0.228777591477543,0.922745321185998,-0.598767074854574,1.17484187604513,-1.34386841669687,0.463043092762332,-0.111312607166285,0.250600541533465,-1.02224026604999,-1.35207596432791,0.0748755204119233,-0.339521401194029,0.019812489177238,-0.781090162768967,-0.677066657415688,-0.110144987225351,-0.214199386108377,0.212320140412928,0.116788317846286,0.215103620354957,0.553494171186262,-0.239842384619499,0.0318789378142826,0.418962477633099,0.204175103794785,0.0439881910439315,0.128892938835699,22.08,0
70486.0,-2.80407381207773,-1.08403227278237,1.04778086374139,0.390753937541736,1.04808606196101,0.0603247938597828,0.287029214536555,0.0745247998179875,0.834329153443542,0.913305691191364,1.38775344681233,0.358351477067814,-1.27193475660896,-0.29458845753398,-0.206618559842564,-0.675759360570429,0.178976052785688,-0.931657284619137,0.0978107709413963,-0.90068304611962,-0.627964478398616,0.116438184379201,1.28219626961674,-0.275233920047119,0.318064559052295,0.343998086617196,0.506515481443357,-0.0986551909120776,22.64,0
142720.0,-0.342728803433037,1.3347573605723,-0.663233260635373,-0.486467376682269,0.600083273560624,-0.831621320105177,0.732194332894921,0.116394390983599,-0.300960890931837,-0.435489746468381,-0.937426151948856,0.669219570556489,1.25423508068738,0.455553858750246,0.345179712727935,-0.34682963171334,-0.420670784344147,0.100508369179387,0.0608853096200282,-0.04546784277765,0.431993075985247,1.3617314916124,-0.0376718839337782,0.801615762007818,-0.708691331399091,-0.266838757349263,0.254239501361318,0.264277120904681,2.99,0
80047.0,1.23196147714305,-0.434462506349544,-0.353180978426263,-0.312595909916549,1.43318641459256,3.95662797720679,-1.2019193124641,1.07164334814072,0.797960335232736,-0.181065671003018,-0.505376313844732,0.268831430787855,0.0016554182531412,-0.266007708194326,0.387423402344866,0.489388497245141,-0.674259422196508,0.209296139066571,0.331168848950724,0.0288354828461797,-0.143435333718832,-0.376046085176724,-0.006577129573645,1.03965500210205,0.413008924057394,0.331772082239704,0.0187912239772941,0.0209350004684865,11.5,0
78989.0,-0.33738566722973,0.584067814286725,0.57552667003118,-0.81997347334781,-0.096870323798513,-0.0381121193562099,-0.580812617748929,-2.83051594990022,-0.550637485826699,-1.2885669958008,-0.961141919682962,0.72918550299328,1.19383753396454,0.338534897880991,0.504566279511046,0.93458574221287,-0.830689838400278,-0.377730450364351,-0.598463648746101,0.84900876462323,-1.37904506039956,-0.191623574028842,-0.239514039892372,-0.382755786439994,0.901776873751847,0.891335178854551,-0.0653281168350613,0.207806622101614,99.0,0
75856.0,1.21151196560373,-0.227976474327136,1.05887913658013,0.427164292677742,-0.895408704377408,-0.0145868539171904,-0.788324347490078,0.103236995342723,0.780070727822401,-0.126434058821902,-1.02936992548342,0.0035826468322934,0.562949610898733,-0.2956785659943,1.64549925039741,1.05906988928306,-0.953956393555077,0.620566684141575,-0.318869130792147,0.0072016198021541,0.185022290827282,0.55651648207305,-0.137432270568954,-0.269814692672233,0.282249372554709,0.61889025955822,0.0099045628357931,0.0273172533760474,26.4,0
53567.0,-1.51464061571221,1.48179411403109,1.68668818818389,1.38835116234286,1.50562112747042,-0.35941483185136,1.61177013965048,-0.809444077149797,-0.811456817813072,0.961661990393192,1.50724853968666,0.325434377783793,0.309903483398571,-1.91016015631648,-1.52863519264721,0.512677330689264,-0.239375306565275,0.274170804768271,-1.06651257271355,-0.0016534005827162,-0.192153589508601,0.0285641528140191,-0.721211868787115,0.267799363489132,0.630410446505761,-0.141400897428805,-0.828163081449438,-0.528757033429587,24.27,0
79667.0,-0.975244680313134,0.943268725647528,1.25133621235193,3.08306058971492,0.0225588073594166,-0.192872438470715,-0.0205950456450004,0.533450525843866,-1.58365021460144,0.649035753531271,-0.0419373007684089,0.313178013159897,0.843141794421747,0.504526788528702,1.37898756755591,-0.287172834595265,0.49012093035601,-0.521696960687014,0.179580356550247,0.389801379321289,0.155768350752592,0.235361485486619,0.180207535666737,0.401129016205765,-0.421239593128714,0.123136846666699,0.233810145047914,-0.0066362704870037,47.58,0
80391.0,-1.01250134827634,0.333392563121165,0.869458928820017,-1.36925242666419,-0.742952819997964,-1.02651803917967,0.271069007409489,0.279936600332315,-1.43208943645881,-0.891417108495216,-0.521151395982517,-0.693907339046355,0.115519247863945,-1.1915270695642,-0.629163235746243,1.39701901269238,1.21813927180528,-1.09515924296025,0.102144869951076,0.201380894534966,0.110968145829573,-0.062892542912198,0.0538642220814245,0.304741692755284,0.174802792112182,-0.456245436174285,-0.0642960460904964,0.043682673951392,99.55,0
38019.0,-0.748541031736726,0.189924071091651,-0.335151903027766,-0.874584441665615,2.5871816516434,3.4530102187311,0.694690266126091,0.836401583962301,-0.672468353371036,-0.61481443211876,-0.481470637861765,-0.313258620375673,-0.132459806043858,0.36696304283519,0.429800141917708,0.658722526943496,-1.25754529294115,0.538962501305458,-0.71629273988597,0.293795745172231,0.235443646087469,0.20741099361889,0.11276152536936,0.976369166979232,0.140510003385513,-0.49278440627066,0.0826922513106685,0.158840183154811,144.0,0
166641.0,1.96249713749222,-0.657406090745104,-0.274338745164979,0.29149090250478,-0.552708624727346,0.657686656810746,-1.12044051631728,0.403535514164926,1.38181807116438,0.197101634734392,-0.095227072634479,0.102450649529295,-1.17880753225977,0.0590490093022736,0.0475686348784065,1.01205200527268,-1.01318820833102,0.918626736981648,0.230358664262898,-0.21832378956244,-0.0014328721553659,0.0405429467187374,0.268977650157721,0.0634238763014028,-0.497072427143662,0.16550619335059,-0.0076370051317585,-0.0458107013629311,12.12,0
115403.0,2.12033924401624,-0.610647971183524,-1.57015130036528,-0.443605123256357,-0.138721905536733,-0.532550257820632,-0.18885600497269,-0.126673557056925,-0.591007142002269,0.922063242100421,0.580209564070414,0.379000942440579,-0.751555671251901,0.682026579001934,-0.654684124416904,-1.87324950763215,-0.12050166846529,1.26047348513981,-0.363090648520089,-0.673138687748533,-0.415409468148207,-0.664350898712023,0.264028870229899,0.635941036451036,-0.0179883182969461,-0.423620188612354,-0.0141447878367133,-0.0585056314613553,12.18,0
133829.0,1.31987230243499,-1.56733032768457,0.43471315431456,1.89266454694715,-1.68413709133813,0.469562612501323,-1.00910725476582,0.307401626190467,2.15977331722549,-0.143896762063119,-1.70718214181217,-0.0700230676408437,-1.25373394587279,-0.559345565888449,-0.341888309016092,0.226148582983858,-0.252415422773127,0.497413746122497,-0.604749254463193,0.212545073956437,0.334770657232335,0.702085470033384,-0.0689548647093127,-0.0280947630750433,-0.367600829357603,-0.544280151860529,0.0605908110098141,0.0281566038746541,286.04,0
36840.0,-0.274622890790912,0.814072087144295,1.53836255599395,1.15004991046807,0.341211482975815,0.811378628342051,0.249659991137464,0.158892103203284,-0.799368112615782,0.0477386031259937,0.16990604738342,0.579046735478035,0.713133469379068,0.0108429352193341,0.295564897077137,-0.775423972873435,0.242524340176816,0.558415051201718,3.45776885701664,0.382099302575878,-0.175826024493542,-0.298842849850956,-0.36767246008565,-0.766063413918276,0.213819273939411,0.71054563071147,0.0791166701669968,0.0631183924231909,11.27,0
124170.0,1.91054229596392,-0.397848707027349,-3.09614992233648,-0.622974480648281,2.48778355194874,3.23332503829028,-0.465711876008748,0.819537721760407,0.875102924783451,-0.840821785647144,0.269785833605077,0.292957657821506,-0.361562599943403,-1.22424072750685,0.301010593860278,-0.0855466910783098,1.00022392531131,-0.0928280790287884,-0.0163680320804004,-0.0099055334319752,-0.21885708334491,-0.599347046673827,0.182480776600505,0.586852842578018,-0.0477204530111347,-0.0729605023665894,0.0026655519920432,-0.0191933796763583,60.0,0
127990.0,-1.6576026643023,1.15583884031092,-3.0233578379664,-0.427547814077749,0.930044548607034,-0.238899207638893,1.3937510690794,0.356597017025529,-0.434311752291724,0.103558096567323,-0.60314908761173,0.636406742001118,0.287793342632631,1.10909753402532,-0.136642009165538,-1.56829028746961,0.773066035519675,-1.97822491150626,-1.38999684008032,-0.650628289946231,0.585266903931989,2.07661952986391,0.179601828894562,-0.909888637618702,-1.38174006429108,0.372593388591062,-0.765798229397933,-0.247672222103214,82.91,0
47045.0,0.667352674053586,-1.96098184461569,0.841177719515332,-0.213183125574885,-1.53299357164741,1.18033465831683,-1.1113031855763,0.443672022198848,0.102701401933153,0.292836881655508,1.05506698515815,0.562622414545018,-0.316077850132245,-0.757849179686755,-1.40032034950565,0.0817061534657729,1.22505857827405,-1.73146318124175,0.43451718025446,0.535240588258742,0.49874632834168,1.14669227917492,-0.381759605447884,-0.19307313230475,0.391466551146587,0.0731917971724758,0.0350041535515016,0.0493681736787955,287.45,0
47525.0,-4.2460397914411,2.57950482550369,-1.95719918046866,-0.315220931781325,1.11555744912847,2.31332994754048,-5.05365711686014,-13.0226531548289,-1.81474918855726,-3.02878557857827,0.334421171219179,1.72680427817594,-0.159485972378099,0.657484928321505,-0.474868547373366,1.71785992891847,0.639677916522709,0.750895040400535,-1.18353103089554,2.62992140356115,-6.49218874623428,2.01536639440241,0.507009220282417,-1.46751133064929,-0.537149351147054,0.0874663329581437,-0.586299605081761,-0.223387407218986,0.76,0
60816.0,-2.39251308830036,-2.57215203610899,0.70734832309241,1.45340450198612,-3.87577850783871,1.95626619289541,4.26219025114103,-0.173811888946854,-0.630791467557443,-1.56957775722391,-0.0358735248710677,-0.0405321768858623,0.637654491932,-0.0705789544271057,1.47706504459392,0.452667906488353,-0.425525048649645,0.409657370944671,-1.36396682997105,2.59293677421367,0.965129278637058,0.674002168017914,2.7853355861576,0.258271285323395,0.304270245429089,-0.418172689063015,-0.316972415569498,0.136075154506757,1226.7,0
67890.0,1.10882266607864,-0.087904781320441,1.19876494741357,1.12031222258831,-0.661842546577165,0.478101835710814,-0.763226378137418,0.239000924515098,0.607436916314745,-0.0703345902440642,-0.647860260960231,0.307732895651609,0.724202340310217,-0.24853330932639,1.78538307316151,0.640264601401819,-0.707532453307292,0.25925297279509,-1.0240212877085,-0.0515269030711937,0.264859446482863,0.832958632966648,-0.124116718086635,-0.406552897117159,0.362245755769856,-0.181443867280169,0.0898797271012901,0.0398965551964071,29.99,0
128579.0,-0.629317408012077,0.772905073357179,1.37722861565577,-0.962690467869794,0.980905249553428,-0.45529386712993,1.2220177743987,-0.237497811393336,-0.64446846914734,-0.544857554995119,0.560779866606548,0.312264531361029,-0.394018534820367,0.193741799522264,-0.858525541238167,0.0749065456073679,-0.754035134619179,-0.106794853971649,0.548587420773202,0.0237898154209551,-0.304267314134297,-0.781862063989743,-0.391788306960822,-0.338315972039048,0.480825156196592,0.292419082464702,-0.217947176569805,-0.194154248391313,0.99,0
134013.0,0.0900756846458175,0.406978273149683,-1.14967640729404,-0.364684156269024,1.36024996651075,-1.17872411997313,1.19479741910233,-0.273697043010541,-0.190681583019479,-0.963054822561092,-0.826564680951287,-0.161842981717386,-0.0281823349526483,-0.906088505123695,-0.552082421221124,0.157572235865631,0.444447856099306,-0.0738469424460231,-0.317045422038346,0.0664200640773347,0.0099796575757231,-0.0907529671019498,0.348771802694899,0.579383656091597,-0.99815264193171,0.147995472528914,0.0789382629743959,0.181488332766876,71.3,0
64804.0,-1.82940214134037,2.60168604236835,-1.94828665564045,0.719251102568098,-0.524940630554681,-0.843265919700918,-0.468977057237109,1.53022339464311,-0.572320665860068,0.233800686141993,-1.93646877832665,0.363796429558325,0.512248282534895,1.46701389545585,0.620846617408984,0.161388515238659,0.12863011843258,0.296441280610341,0.651066688693568,0.0322339405717134,0.146921904892289,0.316958212099235,0.122882535443972,-0.616494645461677,-0.326884537352579,-0.331095729138452,0.262849590797179,0.132584626837337,4.01,0
56275.0,1.19965529726443,0.0184719409726781,-0.144102762111883,0.0864181307822869,0.0463026412382443,-0.27202420791272,0.0968693474161232,0.0088180900840055,-0.168957693941355,0.0240540955871016,1.2645009697529,0.604830005728526,-0.522974305984711,0.715377014362202,0.486833288125983,0.0001637201114664,-0.303751246421908,-0.31508458280417,0.073753789206798,-0.102058923126994,-0.0037919610346796,-0.0416358350880923,-0.0841207945585866,-0.257713409994831,0.439032104129423,0.63251289181752,-0.0640949933763486,-0.0127392549425143,23.0,0
148620.0,2.05302417115298,-0.359212366685822,-1.56590997119317,0.580834262268829,0.37737112084956,0.0750569220129806,-0.0366417317190011,-0.07478864837451,1.15084210973501,-0.0397902015809858,-2.03633125757847,0.049492466471324,-0.55861290659816,-0.100463179838296,-1.28291887045079,-0.689155659959675,0.0260049785950014,-0.494865788325015,0.538455164102486,-0.215581430354448,0.0090105529773999,0.372291014545412,-0.0698826542471578,0.102121544476671,0.38135364140748,0.562352977564766,-0.056511739139609,-0.0699129958526661,19.95,0
66297.0,-0.875272349808698,1.16015232788129,1.29425226528604,-0.0345222805485275,-0.39218171685293,-0.766207956404139,0.246329301887663,0.49171813281811,-0.850093988022912,-0.374026735514356,1.34944900254192,0.91941895819432,0.0694368639173085,0.653762610494187,0.0871985889804114,0.454756258050846,-0.405647042799748,0.108528791310511,0.217891850955163,0.0381430881488118,-0.107810782828954,-0.45556791494853,0.0645765255155417,0.517627691314776,-0.221446302858721,0.042212663167545,0.135414088063089,0.0392906893802852,11.99,0
1511.0,-0.839604941059697,0.917092767216516,1.5164479647015,-0.722513457524913,-0.280495631448991,-0.738683504960993,0.570512553156184,0.173506148078044,0.145741696588521,-0.144304368343873,0.923959193876705,0.0711654301672295,-1.77828168631205,0.331644551297699,-0.832506622570916,0.179303305417155,-0.389865464657551,0.0139524520643714,-0.030200228005391,0.0473592743360512,-0.176409628706141,-0.372164759483967,-0.0387966345045442,0.508456656931526,-0.273052137696766,0.272952438504361,0.395792714190492,0.229523131172587,5.0,0
126081.0,2.09161719212985,-0.616961803352199,-1.53193565114064,-1.41706147408005,-0.19696672773739,-0.917731439822603,-0.0721890414961383,-0.248562454918791,2.00132376307947,-0.975965831352797,-0.893018073373161,0.809995045231164,-0.133540203889165,0.0941374999130735,0.187392352136673,-1.24036307018244,0.165207957917194,-0.358487419632839,0.95660297852896,-0.188157747429622,0.0944680820842442,0.629542690228513,0.0250176394227116,0.751159094484817,0.305761299772299,-0.0818375038934085,-0.007170026989329,-0.0563188247703817,12.95,0
109208.0,0.194535658300396,0.513637730137848,-0.635149719245906,-2.33532890906897,0.880255196682934,-1.96213526929694,1.55313643382059,-0.845667804735442,2.14297341934005,-1.43736748198973,0.0438600806869898,-3.12968704609453,0.0260847541795025,2.17282268911745,-0.0184659519446012,-1.13267498503665,0.451744922505468,0.149904070278846,0.503827027066724,-0.262113761309253,-0.0267749914274856,0.371720361997794,-0.32602665496507,-0.149012501171061,0.101564557616347,-0.21879635438213,-0.307586833485663,-0.218702119178498,18.95,0
85893.0,1.19544388018819,0.189937933349493,0.616077830945883,0.650386502993378,-0.480866889144783,-0.717723242906109,-0.0317519332310557,-0.0694706656018214,0.0676830502767128,-0.100498922889206,0.242738617985478,0.391340780104837,-0.0834332617990733,0.351005606658953,1.295045907301,-0.0699552186458782,-0.0075477827960404,-1.05857742703884,-0.597984679753418,-0.157831087524489,-0.212520814250432,-0.59576138194135,0.210937487532929,0.386127879102748,0.09045789157155,0.10520388885329,-0.0140944334028408,0.0180902216901723,0.99,0
131433.0,-1.11329839171249,0.996118213006828,-0.937879031172945,-3.1571620660463,0.534181138485128,-0.475106649234762,0.464953481989711,0.733501409010375,0.537727721077978,-2.49422912305518,-0.143499548358312,1.38828670857166,0.469964985038164,1.12752681334442,1.38881443863812,-2.18494113980427,1.10379892084623,-1.48321223600983,-0.154479014595522,-0.443614277755948,0.402757119291456,1.19702706210133,-0.24958021359378,-0.898985113501884,0.17527181389802,-0.652274448356959,-0.16591757758319,-0.004200841894809,5.0,0
9234.0,1.1518516767717,0.0030417566825335,1.17482569228405,1.13288093006842,-0.689362202271838,0.0022268918459377,-0.492207059330946,-0.0092074026056735,2.11031705928739,-0.758847805237291,0.630152187337982,-1.25203401285738,2.31810827519992,0.823301994705624,-1.50035321866562,-0.940649927734029,1.33840965129308,-1.02964461905615,-0.32741758404745,-0.169382736016344,-0.240643285620628,-0.0173160566279138,0.014499897556747,0.432991206281696,0.404980558136581,0.49678772463706,-0.0076761369867141,0.0073317343782727,0.01,0
59088.0,-1.17754893130528,0.801283509787978,-0.820254070400114,0.351823219866098,1.5633466968541,4.16619429111551,-0.183638363768361,1.22604360745028,0.0416219282104647,0.209036987452569,-0.782504267528111,0.0900746280086843,-0.0778645722024776,0.066672929682879,0.0925308199922576,-0.379207164694042,-0.03557989929849,0.321103302396193,1.37581225968984,-0.119154793500944,-0.0486993699464192,0.021002202592228,-0.0918125282836426,1.03660603156047,0.248273874032271,-0.199645982795268,-0.218980827065949,0.0169985942532575,106.18,0
106858.0,1.99128695611578,-0.0814199282895,-0.125449665150041,0.530782738366834,-0.527059597840452,-0.690443682189249,-0.486040411792995,-0.212398805218091,2.47021010171793,-0.631571576139184,0.433639246535537,-1.49748843852315,2.63470910395562,1.33241060026791,0.274632662569898,0.0904006658198188,0.0799716389003444,0.0840239412774474,-0.428522897334668,-0.235611442254372,-0.252106991851022,-0.288822876807612,0.360338857326065,-0.108512557697546,-0.374870290409198,-0.962761697269007,0.0416288933185482,-0.0317339441157744,2.12,0
75849.0,1.20714875541856,1.19806264149051,-1.39708296730773,1.78880519551789,0.434366601310479,-2.17385721272484,0.681739901056969,-0.331267914664702,-0.243731847932905,-1.50501076958795,1.02785198720027,-1.14690737786688,-1.81455350627593,-3.0311958304206,1.20582649743215,0.954670877028039,2.99162289858698,1.35380141303376,-1.02820828423831,-0.153246160734755,-0.193027414938237,-0.537324389731152,-0.124465474896213,0.549680134198108,0.732565458677922,-0.322035074078381,0.0301263653875837,0.0991372271839496,1.99,0
19795.0,0.237678800872728,-0.768403067536548,1.98380524190492,-0.951634108384734,-2.14906388231879,0.848352106397961,-2.02601080462733,-1.41869515900551,0.665727426934347,0.460118866913732,-0.0675642699236696,-2.41664563897762,1.89124357038485,0.0332695540458681,-2.91915913855886,-1.73245212979516,2.59316830409311,-0.759670087160216,-0.255448232418091,-0.76369522466346,1.0002666439852,-0.8970431404019,0.241116489219989,0.332786822216203,0.198753838961455,-0.265813391647398,0.337907736388254,0.263786789494747,32.0,0
119098.0,-0.978471107264895,-0.242296239550932,0.960244928673591,-2.29213600689508,-0.26019317322795,-0.290699628103079,-0.420919974188298,0.570667670826114,-1.24193938739148,-0.382864750734623,0.241974030981872,0.176187490076401,0.544245318764668,-0.136233602331582,-1.20636132474988,1.82057911245732,-0.3776388599406,-0.843540792084661,0.359537481439304,0.110451599315978,0.158111121864403,0.0193400645725806,0.0252298714026625,-0.574689307937527,-0.395447896065226,-0.585696165421633,0.004746114146968,0.0114905875226723,42.47,0
909.0,-1.88326082408172,0.491980424644606,2.74958953387497,-0.0931858163262258,0.87241166817301,0.877891442018791,0.260558099452237,-1.23670073637624,0.54988398331516,1.74079902071124,0.309680505248089,-0.414699607186781,0.105360873070758,-1.35174593370631,0.0432233290227266,1.81856147621368,-2.20312549317135,1.00324321899072,-1.20614692904447,0.13384991276371,0.568691930861119,0.228457450196754,-0.672970534567727,-0.791104927129663,0.26918551995409,0.888587372085049,-0.203263334021574,-0.579936265413491,51.67,0
118743.0,2.06917351783663,-0.0092496776270035,-1.07797555120005,0.395876149035132,-0.0648325485033123,-1.16635796871048,0.218452688963629,-0.361376528593273,0.464371041540159,0.0580937814730917,-0.704376913165332,0.704558574674802,0.612946539260459,0.164344645743478,-0.0146929045948404,-0.112648700258055,-0.341236711306573,-0.915829978846371,0.166039267848699,-0.190175694930437,-0.287793882069971,-0.665753752590048,0.327120594621958,-0.0095730925350338,-0.271550795750099,0.198065787902971,-0.0670858262745847,-0.0595973322835086,0.69,0
60973.0,-3.30400333173434,2.88181277954231,-1.20949630557892,1.06009619623525,-1.9573916663961,-0.726151885238704,-1.21413631261465,2.33400068024627,-1.22937723137949,-0.715554828575529,-0.685582282292153,1.46017520514297,1.13339650113653,1.88945109704878,0.998765729923139,-0.0566317122399139,1.12923266908977,-0.371475438052614,-0.142700415222655,-0.473624565486398,0.443050984505118,0.606130486019051,0.12937310096792,0.439682231524509,-0.161668091448616,-0.34908914118437,-0.715103857143452,-0.151825267422155,39.23,0
81609.0,1.12973642283979,0.117033735373208,0.484942568762872,0.404770185482296,-0.0321026649716787,0.278483645417282,-0.182968931080896,0.207972721321383,-0.254472763609762,0.0080944075672381,1.97126170447876,1.34364369184243,0.398782611583816,0.45173464110102,0.814818800572153,-0.101596645269456,-0.122476540482923,-0.978844626490257,-0.555257319702092,-0.132550878281927,-0.147073178229733,-0.383122023765362,0.181787058030865,-0.286433662616571,0.0466926246082486,0.135667882243968,0.0016445808200911,0.0025429399536575,1.98,0
37124.0,1.27752036284618,0.696979942949939,-0.555093668431092,0.868461109051173,0.160084720022988,-1.44577494922593,0.448480926942937,-0.34982993588514,-0.251394387669905,-0.728955403115704,0.289501927497544,0.153070926094925,0.467480534094323,-1.40773496335538,0.907116705632201,0.524411901963762,1.00535973082255,0.19744485479637,-0.370253736871548,-0.0346581387005785,-0.14748691486484,-0.340124067449368,-0.0899695926747261,0.288889147854409,0.589468725546769,0.367007078780018,-0.0270482954645192,0.0440764656321352,0.76,0
76880.0,-1.72458738417753,1.39971106657232,0.175706963398049,-3.19110350589353,3.3500225621902,3.24607584867113,1.8581415490138,-1.27783141549895,2.89398950602043,4.15070222233719,0.785279581134683,-1.02052273626605,-0.378788881894448,-2.45558236428718,1.00957686009457,-0.194622714418746,-2.19697705206623,-0.403301913981025,-0.4673965404904,1.50373362248483,-0.690779175137675,-0.323501353541063,-0.353350657097306,1.00904032861689,-0.0964118040264725,0.406791528619308,-2.07634990676161,-2.0856045619279,0.68,0
4116.0,1.14623393880333,0.789348584307447,0.608383045460048,3.09678272956747,0.0217205045848869,-0.254847768844335,-0.0289014043042658,-0.143767558372575,0.921674857009777,-0.334999936684655,0.400304380477539,-2.11957657770206,2.26965622653052,-0.041522967571576,-1.60770502148707,0.391242360844264,1.40512979228744,0.147924125154297,-0.991849772543827,-0.128054970617371,-0.281048120998596,-0.3271706100763,-0.098337832506881,0.270999292344689,0.629861715346723,0.0364747853997344,6.08927644716482e-05,0.0409701207764015,7.59,0
3118.0,-1.01109196988065,-0.657037906021994,1.13641322195906,-2.80631515802088,-0.649333353079823,-1.14258782169954,0.64617319054212,-0.560092487555227,2.44585007032866,-1.59387412853653,-0.368920327613728,1.10761902102267,0.831216685709668,-0.823751050179558,0.86275637093867,-0.753173296768161,-0.578161521167924,0.34992866976944,0.444468746251856,-0.601267638481753,0.155092515395013,1.45586956312811,0.417193702330726,0.469641688305735,-0.692511325813819,-1.0238661356532,0.042332174827019,-0.134032894390887,93.14,0
38551.0,1.22318118402702,-0.104454634511544,-0.066893253905575,0.151096359398971,-0.541173764227948,-1.316231090985,0.208351730260052,-0.247156950421489,0.235313297106919,-0.0763245450170122,-0.530678472105016,-0.702123418044681,-1.60973036784715,0.716437624647778,1.03482589468881,0.123404610903444,-0.11147505994878,-0.4220611265969,0.0881572616876872,-0.0921280369797825,-0.0748513329675364,-0.373377731965902,-0.0497490142115701,0.426528762148003,0.357608380360526,1.00926354585185,-0.120359808003689,0.0004297615219335,49.95,0
75612.0,0.393738228135662,-0.353468277399579,-0.253975535020881,-1.82090969745469,1.85668194407846,3.45933330359196,-0.644373195927665,0.64549469280086,-1.10794756752547,0.911455092645466,-0.140770585499392,-1.15300433900169,0.277317339347348,-0.352689590138346,1.26029813227136,0.997230571222214,-0.151304990717126,-0.330520932306279,1.72848914019843,0.426355793878851,0.455869364678462,1.33845415805974,-0.0374434713731198,1.05838278135167,-1.007110322155,-0.131145278019903,0.118387899387728,0.0202681263108762,15.0,0
130454.0,-0.761535694291455,1.30012453795367,1.4725058842845,2.16847214709507,1.62285006048129,-0.0437564778703366,0.994430087409969,0.0396679957927704,-1.91971780082749,0.447150533589636,-1.72880061441541,-0.509412033968647,0.572180678762523,0.0682247641473801,-0.80719707086395,1.64214234665908,-1.56754228534,-0.477655764859566,-1.85831586373704,-0.112726264874001,-0.389187234277932,-1.44340987701882,0.0678128580751077,-0.783951315752092,-0.370030295045391,-0.684828446671661,0.0703037361150216,0.148688567152263,3.79,0
148312.0,-1.05525568232661,-0.754302576988768,0.790852313198447,-2.5237309097569,1.56650015498022,-1.66060153179526,0.567541830597215,-0.369201910775945,1.15248257836351,-1.72207216819388,-0.540227467110116,1.09115404661844,0.6697353221768,-0.375299790849833,-0.614272269241605,-1.3416977455452,-0.104997350383513,-0.516607501898484,0.174062933003175,0.248414939733822,0.239704845419063,0.830178440888473,-0.189520050708001,1.18308955492621,0.411836801456387,-0.239360609955208,-0.0926327549294948,-0.0676325466244785,15.95,0
148654.0,2.02993980692719,0.154036635216564,-1.49493113167971,0.530551495279398,0.1892356928541,-1.08917132800089,0.174231567141881,-0.236662857207475,0.475249145008318,-0.384101871626871,-0.0837028773434603,0.272247842480883,-0.14427012326155,-0.785210261970915,0.228274217854739,0.115456256227062,0.720783473649533,-0.547743811359025,-0.209359231642495,-0.185638565809008,-0.326611844972969,-0.837282875871634,0.41039430603571,0.989404521967708,-0.344827559251424,0.14571020583058,-0.0596579450071449,-0.0260816604279247,1.98,0
162071.0,0.68544272356983,1.43630240089321,-2.71964647349514,-0.022982958081204,1.4271700886744,-0.815297458537454,-0.0060987634234707,-2.96333632027875,-0.913307078609657,-1.85254665263066,1.68443526115314,0.884924938871233,0.0441873407129827,-1.92626960796822,-1.24518372382826,0.796584241484991,1.84456979431898,0.967944938532522,-0.699504013062457,0.554163239670747,-1.23820822938269,0.592687021960381,-0.0698601659829122,0.597796365970981,0.567297779723563,0.581061215408443,0.0157696458216879,0.236644807463023,0.76,0
47256.0,-0.722802600069205,0.772459139574105,0.779154667257243,0.359134906949583,2.44431131208849,4.30854665932909,-0.112142594034612,1.12321408669098,-0.588157974868601,-0.0275975462788427,-1.04209470531239,-0.379540091424117,-0.245035703079641,-0.35889810092688,-0.973209664587519,0.969300735734624,-1.16669492462208,0.388167105748327,-1.17304942987127,-0.0973442320092659,0.131170615093421,0.269990820963877,-0.28871272669534,1.00973300190176,0.156847722284954,-0.05122564438826,-0.0171569911117429,0.126200376898345,16.3,0
48403.0,1.26127922700247,-0.781413449688423,0.977792328172437,-0.526111043207686,-1.60269238762771,-0.700695733658875,-0.877551518310998,-0.0769144588767778,-0.482131177203391,0.612655324536921,-0.513409238264764,-0.109554303865986,0.506333708459266,-0.201562524888895,1.30083306012768,-0.807415403289419,-0.248880084314673,1.23100673780441,-0.979034085102255,-0.357377422330875,-0.35766850924354,-0.659610620096293,0.124892859579949,0.392573778364287,-0.0929825552271816,0.92448455013659,-0.0307508676443787,0.0313609430349448,55.4,0
78049.0,-1.27373793453121,0.719458764916431,2.04447020108427,-2.01259213407349,-0.865926049644815,-0.816341698492762,0.165124442383188,-0.136050250849298,-0.274659028013142,1.18493455875777,-0.455230603668373,-1.39847873128402,-0.619325856039325,-0.804105606815378,0.576033373994148,1.38824570286312,-0.189990771869501,-0.938672721426334,-0.284799922016594,0.618197347929867,0.14284148487521,0.738968163396746,-0.387501578778095,0.388727468675405,0.629718706051605,-0.183412837800488,0.437237037957787,0.0929365365383651,14.0,0
107681.0,-0.631894047770863,1.29410180937628,0.933836048127226,2.68873308708083,1.21794847786883,0.551975920684122,1.3703620528652,0.0002295503404009,-1.03134521581161,0.419790046629638,1.27673111064922,-2.80714041672568,1.2242229459116,2.0173834833831,-2.11837411138544,1.10063522432287,-0.533150724128219,0.809965559665262,-1.80713867933871,0.0203341783250683,0.27497019337435,0.665191801254348,-0.0353485298729975,0.6719047546335,0.0173938622690243,-0.007861151920225,0.0222448811347013,0.152492639855094,111.07,0
52718.0,-0.95944042951014,1.527994824659,0.704808620603233,-0.207116453524658,0.160148023913709,-0.0507299462705479,0.214647226874441,0.618240619987627,-0.756780340138981,-0.328065716597978,1.45148267478656,1.26081703406902,1.07991694470047,-0.167377853121074,0.340669077802497,0.438194571709338,0.0224342620406161,-0.0805147866217688,-0.0772765232803271,0.177893061655649,-0.184132875322661,-0.478012621646489,0.0093821767477181,-0.337997218570605,-0.113599580650828,0.10836604161981,0.246378209211931,0.078925513695138,2.28,0
167469.0,0.958595535784397,-1.9885801309983,-2.412005118713,0.462198056778744,-0.0224284270075123,-0.312616840862546,1.00980593849878,-0.483304305938126,0.218629107174858,-0.150079820265001,-1.13697774984749,0.46166212633956,1.36199800671509,0.299171769478214,0.684538989506821,0.298146303843864,-0.789550982344095,-0.0290218802626486,-0.159265097960791,1.16512084069713,0.542301422747456,0.306472547677913,-0.556199802393214,0.219223753823024,-0.0216866289887803,0.724970894211171,-0.205126792623009,0.0388744256442209,619.01,0
76965.0,-1.03451503432331,1.14483249345204,0.991555395427682,1.23858592179764,-0.207642134750143,0.401565866126798,0.29640465591275,0.623927959669976,-0.636805911660936,-0.0706057103426364,0.914654972660041,0.910466279590674,-0.311840150082728,0.514460174931274,-0.484120090079976,-0.883791135719057,0.537782649301557,-0.127289774708876,1.02145226005756,-0.0178544341830572,0.0574920999519072,0.3730637510992,0.0350596525835109,0.0362554541715491,-0.0780830955949873,-0.244684741929083,0.202578083708965,0.103135951822316,50.36,0
151396.0,-0.998943945572651,0.787825408179091,0.564335163619486,-0.397478199835437,0.394732782085979,-0.759835803580339,1.14311731000033,-0.332276349980567,0.213493387109157,-0.276084900968788,-1.16260017506767,0.3748715246159,0.482245016020166,-0.367036374193106,-1.07860970279289,-0.503667464251107,-0.268786245039374,-0.481756793781134,-0.0553143178920145,-0.204544003676894,0.099216125788443,0.746370725855147,-0.0768806692091294,0.131232658834662,0.0813678357931232,0.393031440929344,0.0340749165104703,0.178936753071327,38.99,0
128875.0,2.05111860951311,0.334753582893178,-2.48139427316,0.437801762084851,0.921366689634116,-1.15149864869197,0.647552751289387,-0.327263286969224,-0.312754714065211,-0.0843873241797105,1.38078713502514,0.460229471624486,-0.444015526842871,-0.25380573505785,-0.251207646146271,0.261743366672161,0.376723532695128,0.448627365203269,0.0102433129595259,-0.159649969105208,0.0683864699124716,0.211322333975822,0.0321135313054567,0.703238896646343,0.249294063874235,0.378424739582411,-0.0989499364328933,-0.0523687597288255,12.89,0
75860.0,-8.39624548347374,6.48680855836374,-0.934466496038127,-3.77240005940253,-0.468992677027137,-0.854982887200218,2.02736229655312,-1.33883223907546,8.11941932734734,12.81617773237,2.65542575761596,0.134140612144856,0.0374969796297998,-4.59343595854277,0.679998571886176,-0.766689321805743,-2.42183061986724,-0.642504037224911,-1.24647629098891,5.17493799815019,-1.8554637173555,-0.388481490373083,-0.109551112347545,-0.0989451313609162,1.07053829119226,0.323829379231974,-0.230717586261416,-2.50580994952694,1.54,0
65751.0,1.44300401658651,-0.404001094156586,-0.171704593293001,-0.947345288060754,-0.446618993397395,-0.607646227087227,-0.323048416703098,-0.091658248690369,-1.16198012462028,0.829452015858333,0.8026678599599,-0.486041453376709,-0.667731980028611,0.381612621471261,-0.0472970650966334,1.36814196908543,-0.0882926758966941,-1.09858898871128,1.35215582602468,0.0363979833073083,-0.209657460239565,-0.806273376351744,0.0456538248580014,-0.398608958756854,0.382797371491711,-0.501722077479831,-0.0255956480501374,-0.0052839161610707,8.0,0
144167.0,-2.30538220103373,-3.16235722532551,-2.83518926004289,-1.37010392348974,2.69764756705377,-2.76628459812051,-0.0850431406932828,0.0951844901425735,-1.28701018581611,0.26635037965738,-1.78624469058833,-1.02486360534217,-0.499027730740943,0.923799629340268,-1.29493119027983,0.535526201206615,0.231424840842689,-1.30715410336056,-0.107409849035889,1.09870874146309,1.05158843947717,1.65612682702499,0.251302352093634,0.35026677769632,-0.902726679610414,-0.167051850519479,0.38731972328948,-0.170354231226632,163.0,0
169366.0,2.12422641202044,-0.932145362354286,-0.426914098281473,-0.750769753208838,-1.15249716868524,-0.839187253216838,-0.866537918074643,-0.239888689075325,-0.0588340224981371,0.695786852479966,-0.600149834562911,0.200509534414554,1.48541852854319,-0.733629353351913,0.032830455176601,1.08789457913733,0.0685774962210449,-1.30849260189721,0.424418523349522,0.0885924591438951,0.350260532106459,1.11963336092444,0.104073955446987,0.120212033486171,-0.115953555540859,-0.0968098445654703,0.0151054301245497,-0.0415121016542577,32.37,0
148682.0,-0.820289007166283,0.313442271910113,2.20427106354513,-0.844515755902154,0.543323116649275,0.293848508098025,0.338538825885046,0.0855736011620068,0.184770628711361,-0.792890569400569,0.686777504323,0.708897551052843,0.148417391988177,-0.380473981248695,-0.459957082101749,0.137886638195414,-0.887874768941873,0.877186060508043,0.0161749077589078,0.114148002945611,0.26828664517726,0.953691076733951,-0.525829208811112,0.808177300666574,0.733416700785734,-0.117086866546416,-0.112424798039499,-0.157980318160813,8.32,0
3067.0,0.268243598973375,-1.85808168738408,0.628406116433622,0.55697749609612,-1.66174048287421,-0.272535441571297,-0.0007089806249951,-0.116693573685687,0.94791936784344,-0.634288650998578,-0.541713195100418,0.779014564227921,0.724470570126224,-0.451068792397828,0.295469251445896,0.199762452356431,-0.0923343552748636,-0.359711315636285,0.0711370117064921,0.973295585430215,0.186092886299401,-0.359646143021675,-0.379081232083533,0.514973243987123,-0.0489602440649683,0.935535487245672,-0.12324070158922,0.10323677234973,500.0,0
75046.0,-6.56322810919042,5.20760443204541,-4.75006505546907,-2.732026345033,-1.34935154446778,2.44151633609125,-3.69447526774836,5.36883866035682,0.454117956736069,0.795453910757643,-1.47321715424419,1.48441954338756,0.532172909175842,2.41210675626823,0.477385125163307,1.88474914727888,0.408747742089584,0.289782368643061,-0.726387330286954,0.620417969938766,-0.0625156858844475,-0.865874843356604,0.591043742477081,0.976941500293697,0.675518031870455,0.812845564309442,0.261990874203711,0.266849761470134,1.46,0
35614.0,0.963632603302761,-0.186943483461144,-0.340373714730618,0.855308962894896,0.265558222270608,0.104578014216247,0.36610243603423,-0.10085240942745,-0.340109247087941,0.0843196529434787,0.402626838575439,0.932462548238008,0.96269507547835,0.390965435322743,0.235872321569237,0.569368547799464,-1.1429056679395,0.658366994682774,0.300329390473627,0.295178982047298,0.112361609253849,0.0033725117197325,-0.411809374860717,-0.794551139078596,0.780008767501162,-0.293888344540557,-0.0176316049074829,0.0289935755949072,170.32,0
150796.0,2.10537811463908,0.0957801651876102,-2.26379139091201,0.0912849098632089,0.882610097441301,-0.338244675464319,0.0990703892229419,-0.112725626887854,0.483263951498883,-0.297242835954325,0.102136295819541,0.111484472265242,-0.239466908638402,-0.532099605577363,0.387734393076102,0.759846485766168,-0.276177567709926,1.40255978795651,0.307163879761477,-0.185324322127127,0.157169340140224,0.593088199769843,-0.190230973020104,-1.51993369953855,0.379330900282733,-0.0289329034835387,-0.0070317738234587,-0.0569374086536698,1.8,0
84201.0,-0.669795258036995,0.517229442169747,2.66089285752833,-0.700498982438858,0.106631754405864,-0.217912125079084,0.645197572860243,-0.316164266342316,0.647088734543446,-0.483463704738691,-0.943195791922125,-0.210779870345193,0.290006218547404,-0.892326654968744,0.366909048391695,1.22523098800434,-1.77671561997388,0.599562399141092,-2.21861435026696,-0.130497480373637,0.243878321118071,0.978006554143021,-0.353375062042581,0.0305994129800046,-0.149553961979662,-0.663270227353618,-0.298263533664029,-0.304071340354596,19.95,0
157251.0,1.99272433590417,-1.85175785610128,-1.54617326134304,-1.6019031666804,-1.17165457139931,-0.73032848643564,-0.753667061182243,-0.21890589181432,-1.63668972338833,1.80381742374824,0.411654240454313,-0.894224606356408,-0.595896358091526,0.283580917319805,-0.28099232675583,-0.281067647939137,0.141032236304822,0.763293013807977,-0.0640613801340102,-0.16628197302145,0.205996313809572,0.644898739565189,-0.10605021244481,-0.398229253224439,-0.0183114570008154,0.0695852726529068,-0.048224409436407,-0.0480864900891054,175.0,0
161985.0,-1.51924136466336,1.54657907618855,0.931430822750015,0.982974867950933,-0.168417312388269,0.523072782030876,-0.0417236290520673,0.985973512023571,-0.276451478962692,-0.866665197403633,-2.14055806047697,0.613067379675508,0.6109528253231,0.106647096878436,-0.841517390138277,-0.537204698412608,0.445144211947857,-0.441131350995586,1.52459004027521,-0.0223560249822707,-0.499351519330749,-1.38070424110938,-0.157262989158089,-0.827659977135772,0.535645191254878,-0.744290335738335,-0.0083446809982639,-0.0183302793978641,22.9,0
1051.0,-0.838376302599784,1.32722717390624,1.03781800243293,-0.0562493903808589,-0.0872017454096893,-1.12623444034007,1.13114803269994,-0.528431554170539,-0.4961861882795,0.0387659992436611,0.0673407565090871,0.560418858816888,1.01712302429634,-0.0890576835155685,0.491357864952123,-0.273956033377617,-0.245894171122274,-0.626966584089763,-0.0517704083987019,-0.114637241356715,0.113110764000574,0.16794833566379,-0.146024432201004,0.789217152185725,0.0468165638416979,0.345751395424273,-0.690741719382759,0.0219756667582117,36.26,0
144535.0,1.81534154458828,-0.0666042478168893,-1.85897943076024,1.15269396202187,0.558873154135079,-0.87196076233598,0.766323752705113,-0.359863828789606,-0.341359116075058,0.468125625212915,0.697487512943039,0.849224421800833,0.0271940777654232,0.928837859549419,-0.408029574355074,0.0046077958233901,-0.852524196371113,0.168732629269962,-0.0089884682947644,-0.0185566284130678,0.140954188550164,0.21479966085869,-0.0895584354243803,-0.345236760583208,0.303350336031292,-0.606511215535122,-0.0484492598979336,-0.051112827546841,120.0,0
52946.0,-1.20077974988253,0.798671063884782,2.16682689639016,-0.0345667986898822,-0.605080887385249,0.803539562013691,-0.485175046733444,0.909029800473672,-0.0441485586481323,-0.775013165401774,0.4670302562148,0.436328660019029,-0.880093894324047,0.150953654946098,-0.30774026662489,0.177000725210327,0.0097642702069309,0.23420702676473,0.271972589762968,-0.20107027693116,0.0654572231732423,0.107607670601112,-0.235457414713829,-0.297077683768203,0.085296797507973,0.374820887279892,-0.188697631568486,-0.0197815294991134,9.99,0
127222.0,-0.799537629832902,-0.390996018524604,1.29493284785414,-2.53373377205956,-0.225293473394378,0.547435887412115,0.589949383877401,-0.167472078036016,-0.780386026044557,0.144754839999221,0.0675291277686985,-0.556854946277558,0.146443864489581,-0.784683298093524,-0.85867892977139,1.87625665694288,-0.821755041172597,-0.74539679970025,0.618914146457202,0.0093932859302435,-0.150368483171127,-0.37178211648348,-0.217634505544703,-1.12598493538658,0.564037253005174,-0.437007582868166,-0.443073313897604,-0.272179040322788,138.0,0
62635.0,1.15283460858663,-0.0068457949997453,1.33213306803181,1.2381066508135,-1.22008486888204,-0.674820236031636,-0.604342396099014,0.0822080308351638,0.726754364757177,-0.0216346383028401,-0.375409636577797,-0.351758731772378,-1.1663156647143,0.225363155885644,1.5133982646764,0.579334070471208,-0.485739304912329,0.379164794093536,-0.750427497120107,-0.20756205150979,0.109248870457497,0.299908876207242,0.0444664913523867,0.666273053978578,0.261683732665669,-0.390639693852433,0.0563427705361234,0.0411555727613471,7.54,0
138559.0,1.98431221238383,0.399178180502404,-2.4154656569652,1.48187368221816,0.983008972035769,-0.900257048395321,0.667538779243931,-0.301530631466507,0.215193593162866,-0.357569544651547,-0.747052745288192,-0.325170635182369,-0.827281070413835,-0.883475264176366,-0.250382487869665,-0.163527638225569,0.993334577762974,0.145953731766138,-0.392143975661603,-0.202141685385268,-0.0363541043738796,0.0135134242423543,-0.0229791809667483,0.465362925885133,0.467230038313833,-0.516070910735825,-0.0102437263355057,-0.0197405009276965,35.39,0
56844.0,-0.0447500773528732,-0.979372077953665,0.644653725622163,-2.85623347721009,0.713112882474107,4.08171702008884,-1.36369449835788,1.08930165252612,-1.7457799966472,0.845350924795552,-0.807015162468552,-1.1150285797748,0.382363886012381,-0.942916934699202,-0.261079011754239,-0.240957287442857,0.235663769948828,0.66993030917875,0.422067750201193,-0.0683606043263163,-0.199589356461441,-0.259895798599866,0.0051229411372637,0.979693843920726,-0.005719683751018,-0.220834650317758,0.0922034223808748,0.0335863322616476,52.0,0
156220.0,-0.698715015232602,0.290728603016138,1.0896398319592,0.464928557392281,-2.02186142935664,0.60535597308811,-0.563775283657186,-0.0441974608434077,-0.0758152843874727,1.41878306129639,-0.936031249537839,0.441648173072132,2.22983410427863,-0.949139208309269,1.93121279204667,-2.0907416236243,0.275582217835694,2.20160261508724,1.47768244349931,-0.516946953519644,-0.0363554570315856,1.15932607824594,0.264715622425983,0.0326003669175836,-1.73367496551169,-0.131429011229165,-0.789645706631369,-0.592552748960353,120.0,0
126400.0,2.13468056550653,-1.14737030024178,-2.46046080301311,-3.20532229566492,0.581573146029932,0.564587543979741,-0.353386871453525,0.0948995829799837,0.519189759649134,-0.348307890206884,1.03249687607494,1.32434012317267,0.373107991416225,0.684274463773416,1.1116393017022,-3.35006366101142,0.520460150835,0.554137569062578,-0.182133593071831,-0.633397377028896,-0.151722795741681,0.343944843457814,0.060537321806169,-0.939329094719658,0.231112150497728,-0.619711029089563,0.0757137601310627,-0.0764820288801391,17.22,0
50954.0,1.15397666272565,0.173536573798565,0.272301035009071,0.541050606882495,-0.20191326333718,-0.291689182711478,-0.135093010391995,0.123443805771553,-0.115751210405401,-0.139275016683606,1.72065406541002,0.600983633841259,-0.642175922395768,0.0914677762717897,0.730675459086442,0.420371001678866,0.065251028604736,-0.156140966966094,-0.263590363678756,-0.1336185596637,-0.212290519958823,-0.670658483971368,0.14798971714019,-0.0427908100349715,0.0846303584038721,0.108524152661161,-0.0169723990499533,0.0169927661105143,10.02,0
145706.0,2.07953630990271,-0.135303444061851,-1.37657091794981,0.269297202147046,0.158416327028776,-0.817556150249669,0.177395770594869,-0.283195756659752,0.618338238654973,0.0728493011517914,-1.39428300298025,0.101097815643376,-0.0190934545086319,0.278838162856103,0.115295846265444,0.108186016350993,-0.526979956681772,-0.615453078858032,0.402808025858526,-0.182302541065884,-0.327270786276748,-0.851859537927637,0.243001375927381,-0.659573393682085,-0.219110755976474,0.237756041652432,-0.0760524214558807,-0.0645699383836055,17.99,0
72002.0,1.17139766307718,0.673120840260271,-0.240413420698645,1.37974783164717,0.0970109698868728,-0.964592229493436,0.22935859478385,-0.117772372430965,-0.0904092875097626,-0.721015756867778,0.607018737704971,-0.0162913977391803,-0.311845549562544,-1.25343174255708,1.33677688859437,0.217148125214467,1.30120238376704,0.0588722259043392,-1.10539488725725,-0.151572658519057,-0.0207135923922334,0.037976405585688,-0.0517057189951095,0.262015066718969,0.568905531741962,-0.317296301617832,0.0510108355340454,0.0570150737883188,1.0,0
133575.0,-2.74414964141957,3.1428303104205,-3.22769279684678,-1.83098913854464,0.518968320184839,-0.73906466393667,0.312264195222863,1.23077847327676,0.562099276009225,1.50868487637254,-0.622836115916926,0.208049936679617,-0.958672803273107,1.42273554875921,-0.653665792924878,0.108522901902724,-0.573143580378468,0.605120951269892,0.320351697150195,0.646450112323865,0.104005575898168,0.495850727976147,-0.0914616172336711,-0.36015842064892,0.272729489746404,0.147791579584278,0.840821151530721,0.54726726430091,0.69,0
158979.0,2.01706752749999,0.464240102740557,-2.49103442997511,1.26165168238624,1.27502749731613,-0.384458362156912,0.557673684793187,-0.156459891242553,-0.0990085105229296,-0.191217192225491,0.74774450980115,0.535689615902336,-0.329498431929342,-0.81812547482933,-0.988332409104949,0.100290111328748,0.592088692549389,0.677988751327882,0.0262363971110661,-0.201439373894562,-0.0165161458491063,0.123111970100689,-0.0586003270115289,0.0961816991654969,0.508795207452201,-0.512057449185243,-0.0059298064622178,-0.0368114690999224,8.4,0
74236.0,1.02829773027973,-0.458643221356403,1.25811723011963,0.783359747393337,-1.11883681446954,0.346086019488377,-0.878126030924893,0.433081635694239,0.90078168931582,-0.0795799088970813,1.08732804753987,0.402795670222423,-1.74524681137239,0.165346148043832,-0.0786323464457883,0.0887474321725609,0.0223890775918707,-0.0471444350933044,-0.183193746250989,-0.179322322841443,-0.0019434128312315,0.0444062598790078,0.0701222960009566,0.228782450716282,0.0586653189710821,0.318736221615009,0.0139533357583839,0.0169042737294071,35.64,0
89067.0,2.00164798336181,-0.163023648634141,-0.959618973315542,1.48075958911167,0.125982291729379,0.0433558762148737,-0.0843705574493138,-0.0203584533158214,1.2438235976664,0.0035332481817264,-2.1741003201923,0.246912767773122,-0.656272266804762,-0.185300649980346,-1.60071831766566,-0.658865234195489,-0.0255306590295716,-0.682900630671124,0.514761332400538,-0.324963509789696,-0.388580157696259,-0.726735174250485,0.153906961163715,-0.821340973522117,0.12909235970909,-0.767217976252031,0.0384321354830927,-0.0528050086958908,6.0,0
140252.0,2.29684677292055,-0.71633540408946,-1.97457864825127,-1.33877710880581,0.178845681427206,-0.399557675863551,-0.349337475180506,-0.140763537222522,-0.683567914938606,1.06447662278648,-0.196354540156352,-0.901853593408994,-0.874144746995013,0.509532359653916,-0.191824217830836,1.44226012902003,-0.423857084099774,-0.780412477096044,1.41464889118645,-0.0894605346304667,-0.0025935103759334,-0.109437825123702,0.0626714594190824,-1.47922887841588,0.0369332797398808,-0.238524982280787,-0.0560747199755857,-0.0911624116291337,2.56,0
52768.0,1.24145175186954,-0.0162868012347518,0.739682869066874,0.0202869948682815,-0.926495390747792,-1.20606751818926,-0.158883082465043,-0.214355121575361,0.309084265151799,-0.229833571020686,0.13758788018903,0.553056528642927,0.488635064105214,0.0693472540646655,1.18274183051887,0.291972978955294,-0.267876925537663,-0.575247177267669,-0.101042557324589,-0.0299381316728705,-0.101669970209961,-0.283002197939987,0.123424581168674,0.773460831329894,0.0840385830907515,0.882287466405834,-0.0693606912787314,0.0152406097105231,12.0,0
45910.0,1.29640093999147,0.254285124643899,-0.167605181243775,0.305373149544451,0.231611929585886,-0.0865141352332312,-0.0603907579973924,0.0337879876952228,-0.105602791912967,-0.103824924405906,0.541089628991449,0.392436315020626,0.0718140803518796,-0.106584152643584,0.508897686677938,1.02839026272511,-0.665024842555939,0.610791253348192,0.533373248454334,-0.0503838153882893,-0.316155090498202,-0.954738212186177,-0.0237599064731713,-0.885513840214123,0.332788966181443,0.150359747421208,-0.0301190342428814,0.0081246208547583,1.29,0
84557.0,-0.744536622764688,0.692936951000171,1.67669314749885,-1.36504969785238,-0.855402713664928,-0.756226253607395,-0.0785967537352401,0.211533822476523,1.28830532831429,-1.2346256451593,-0.458862178274043,1.05578762296743,0.935353795256764,-0.424345966545317,0.959360176337477,-0.558995222705592,-0.133064821479722,0.222662772069563,0.660789534365976,0.0789116250758443,0.0307875907537581,0.448032008398645,-0.200617524480211,0.422662038056048,0.137962536933337,-0.751777363017944,-0.046217713666466,-0.198212514123308,1.0,0
143675.0,1.93601814777482,-0.301451848693101,-1.07845334092164,1.32097909098899,0.278319645715955,0.525110676372924,-0.175932507827534,0.14782304884978,1.02525086741371,0.167701879976795,-0.742916188016986,0.759278144266964,-0.857380652705943,0.03335471207146,-2.26057644499429,-0.373751514476931,-0.363355020361396,-0.075337478033621,0.899396222173198,-0.272238219462167,-0.343394367685659,-0.688545050047157,0.091491804043484,-1.14605304723287,0.121156586448334,-0.76981638793582,0.029117904284446,-0.0623200228310315,27.45,0
85020.0,-2.47160428835121,-1.80911606193504,0.804878430676923,0.656722385366783,0.848304461197979,-0.542638293997799,1.39269963028936,0.14379934459716,-0.920152368740649,-0.724862072664598,1.05549167399536,0.0352179775689776,-1.31534877892489,0.901661062481935,-0.141961432670227,0.12813803733455,-0.532106274865742,0.19423538851564,-1.02799757722669,1.10684712721004,0.506796306123107,0.117850424408104,1.05752645156698,-0.0771037745150118,0.458101142493947,-0.492736822507073,-0.135354476728878,0.14886449333966,443.4,0
87622.0,1.94199389124029,0.177028095916784,-2.33252595515983,0.728244171443434,0.644338867887566,-0.654253468778136,0.0810668457593531,-0.0572441415554331,0.484645730709939,-0.907576807987863,1.41103579218654,0.424373336635992,-0.593627195998959,-2.39074977101963,-0.972721232742229,0.508414432820477,1.84563091777692,1.09179512592171,-0.0582358064146591,-0.0905271939166935,0.0450658515621214,0.335649423209018,-0.0267389013306162,0.559055427893747,0.15849674791522,0.674935865122042,-0.0478505462544469,-0.0123451156703757,29.56,0
116055.0,-1.37552683844982,1.04925100220727,-0.180062501926203,-0.469583118450904,0.491242423291215,-1.49230129270681,1.72540324334644,-0.837037272569203,0.422880432123802,-0.242678653953824,-0.005349676567233,-0.344933361378394,-0.227204764724921,-1.37967479027296,0.556874166612785,0.005230417522855,0.34264372133813,0.482470879306918,-0.721534914662379,-0.309652107809916,0.20631603626241,1.03837870421947,-0.190067229293942,0.393838292788129,-0.0761102539754499,-0.283289703054147,-0.568419918191188,0.296681014759234,85.95,0
155624.0,-2.20571065300419,0.905867582203859,-0.284921858643154,-3.34807178621849,-0.60718792976518,-0.811109985427067,-0.34435141071909,1.12783138140148,1.16582454596785,-1.66894069986983,0.542531285646856,1.74963760804236,0.261735004201324,0.585459613551686,-0.672271894324361,0.490747209142586,-0.729592807077522,0.309998089690603,-0.287185444037333,-0.22822526145006,-0.0552108378210909,-0.306804802362705,0.0697678736311923,0.745159485290129,-0.457676315825851,-0.90633498980443,-0.286268853606753,-0.161239935279618,12.05,0
43825.0,-0.992187653102528,1.06997105175129,1.01198512864596,-0.0065425734672582,1.60420865180513,4.82140545806699,-1.88989152801306,-1.39104624875242,-0.616336184399399,-0.7305993280254,-0.396039810148748,-0.154383314287867,0.0145742663270993,0.3310951451049,2.04299102740054,0.794384220569588,-0.728068491338619,1.36979651167102,0.559877901100787,0.860798642754789,-0.999719311402302,1.04816338288238,-0.161844216881344,1.00173164233042,0.239628574445528,-0.0593126462688658,0.110694666756431,0.130092675284131,0.01,0
24646.0,1.10082826580664,0.115819157849071,1.53903071360819,1.64340475512462,-0.75378102626807,0.227847022508428,-0.629308180509322,0.085985816336731,2.11690122969103,-0.70514070652057,0.689060692020201,-1.19230218268929,2.47971313958199,0.819952754894643,-1.03831749734175,-0.667816784904618,1.04412823221747,-0.714929407720047,-0.666192041776225,-0.18754826909978,-0.273328338968605,-0.166427495879835,0.0926073805349816,0.374218064287163,0.335809737613145,-0.488461420832697,0.0709948786293061,0.0304464496131645,1.0,0
56949.0,-1.65476329771901,-0.727133151526472,1.75020558464354,-3.75788353099647,-0.115465619301775,-1.21266380995858,0.201514210442202,0.0873360534959346,1.67680687754061,-2.26464899882469,0.826972265227669,0.417837057879609,-1.53705574323537,0.344917693953014,0.772354068664192,0.377886573988286,-1.15138207278448,1.12739491365491,-0.171061479493145,-0.360440647208297,0.0785272126266088,0.167442543111761,-0.42846936605219,-0.0254161325939484,0.600784895997319,-1.06645556126756,0.0618177555230689,0.007833639204441,109.0,0
87917.0,-0.520516958487645,0.9765237983587,0.528617824976708,-1.52530115690895,0.473217903509933,-1.07955716298284,1.16375656696999,-0.422982476764678,0.360842813441762,-0.0645254844093027,-0.31473485210084,-0.121001368952874,-0.379487909673513,0.041825319075228,0.558061626403604,-0.568337529070309,-0.151625217897588,-0.756908071846987,0.690126181820103,0.272510346909876,-0.304928760456646,-0.576766883823407,0.018060969963267,1.16311939205103,-0.539338150753028,0.505502307952429,0.110009007212497,0.0492451065496533,5.0,0
147244.0,0.0651826816078713,-0.18408214030044,0.132535180503751,-1.75432549198745,-0.108598387724406,-1.07214755694647,0.801341503576074,-0.324736066781468,-1.29865999637491,0.0291672999345306,-0.717071024524904,-0.52158531749812,0.599856962370183,-0.213193574443698,-0.374678089137803,0.854348481831769,0.1251340538011,-1.79783583360366,0.482383681171623,0.257303727583104,0.0881757476624033,-0.0037789182976249,0.280784694816481,-0.104687010081627,-0.404058450668243,-0.498191258587544,0.0098061112681723,0.0470994990808399,102.41,0
101378.0,-2.22625383115557,-2.53623580516038,0.863680635661047,-0.443467709010651,3.26683755381128,0.359444163539148,-1.68198055582922,0.91860949684307,1.84674369969806,-0.910667794247596,1.09313077078395,-2.92642992499514,-0.431489386962391,2.03740173225591,-0.218779030101029,0.275981872625984,0.195932487958311,0.28493004945915,-1.86350505146517,0.390927124576024,0.467674733130354,0.699240870177086,0.61233714325397,-1.05489297612548,-0.865276014416189,0.19807377599177,0.0588622015587681,0.232465716931567,78.23,0
130927.0,-0.439827643938969,0.977614785585454,0.330589690816452,0.104566852129101,0.855509342758369,-1.35141731367503,1.62346867931457,-0.278225967596045,-0.440098103604371,-0.680901298722682,-1.14895814100296,-0.707191838485403,-1.98196262797858,0.737682470935353,-1.14998342457092,-0.610621617278102,-0.187532191070273,-0.505641892477497,-1.03116861480038,-0.353510100443295,0.162896387023443,0.472270518377284,-0.264888206540797,0.357550071859359,0.233911151682259,-0.652447731715124,0.110052983097551,0.151749069920531,23.11,0
87123.0,-0.304597619310009,-4.00999599882602,-1.55395396881536,1.45008690100236,-1.86751692854385,-0.459095766566786,1.28706474214806,-0.478208634576064,0.792460391631588,-0.648972012715512,-0.362217057048252,1.22332494363655,1.06466627219763,-0.0202272503188728,-0.102963927563906,0.0154656724244956,-0.068400434649445,-0.932398481967887,-0.334813478898532,2.2287268389292,0.322725470323542,-1.52588573193764,-0.515079082604202,0.416913693043118,-1.093331135644,-0.0032006963707059,-0.255558048407389,0.163506039935839,1184.84,0
45024.0,-1.27828310613349,-3.7260457385631,-0.902717904229541,2.79654207137512,-1.7509872274169,0.199763263448393,1.22341181342568,-0.106145147091878,0.793278633770414,-1.34838465601979,-0.268622011332732,-0.318749437022518,-1.56456067000751,-1.22321651321228,0.0776554788852188,-0.0589517606127297,1.70649286546842,0.241388712423875,-1.12172134365351,2.24008628152088,0.664177863088912,-0.592257641697862,-1.14197410527671,0.322686601999827,0.0813281176495333,-0.354448531477765,-0.150956237283035,0.269036104494035,1233.16,0
168428.0,-1.17178782422015,2.30347739938738,-1.88535150977618,1.00167063522727,-0.179416446125028,-0.0287210342642918,-0.914345748601759,-5.10666230668846,-1.18677311306926,-0.932428254471001,-1.62297266593466,-0.694059957924265,-2.57717860647471,2.3254725209546,0.335769096451092,-0.328484796345598,0.397748028012757,0.196256522210694,0.129442370121606,0.978843824670821,-2.25542026736918,1.64645245388979,0.443926579124201,-0.167502102671553,-0.949362115720785,-0.52878560139997,0.377178294954835,0.310305177423369,89.0,0
41688.0,0.406789282016633,-1.97074434720619,0.400878701842944,0.917919796295747,-1.63077854415134,0.178518126837399,-0.336951402309764,0.0723624789814828,-0.268335764522626,0.493609742029838,-0.955796425436435,-0.683699524305616,-1.18100564442478,0.164822904677088,0.782745114504084,-1.61516906140377,0.316296294320365,1.24628638129989,-1.60265098352974,0.21748533656012,0.0324589886789936,-0.294838261272199,-0.390194639362318,0.0343530327900171,0.240169118023869,-0.234038542571764,0.0020851821227212,0.103630419021699,446.0,0
160625.0,-0.453343474971871,0.847941199410133,0.791141747705495,2.34265306202699,-0.0543178450416951,0.329217092991161,-0.185048195075302,0.453345484325842,-0.230632793376971,-0.0571455089877745,-0.838904944013482,1.24493390982269,1.34814505455248,-0.131199066296743,-0.175635481583752,-1.62425163921751,1.13150112837013,-0.673914839225903,2.70353883639167,0.0884860228496565,-0.280555096338429,-0.544066276192034,0.536672981641908,1.07252936908894,-1.30994570770819,-0.861095869094995,0.127979295419162,0.196494078900782,8.5,0
122922.0,-0.467149348236759,1.06041112820681,0.343548021785506,-0.0293625369299897,1.20260161990134,-0.599376538108821,1.00840291051857,-0.457843981095552,-0.512877196987937,-0.511219889248329,-0.1572610338121,-0.483657323656723,0.399723645486139,-1.33311501733694,1.29724685721038,-0.0773886541237365,0.764480325013776,0.472955280841098,0.560305718030584,0.115983245873794,0.0986426444782328,0.46996586453581,-0.616223544389054,0.665618720453611,0.775892737383645,0.908725031635393,-0.479830072097103,-0.279671107695714,12.14,0
2621.0,-0.329524688765374,-0.417036218280612,1.77799217017833,-2.06479456034662,-1.43940046205513,0.0313648171248483,-0.366459565745431,0.124618168214937,-2.47514837387985,1.16764907447398,1.43107588025643,-0.644122328445941,-0.239462032923277,-0.176545472633352,0.156156624163516,-0.409163233371287,0.562219128571518,0.137051925535932,-0.218055218011304,-0.352111078137039,-0.196145902933454,-0.299165131495711,0.122599597958387,0.146329082895205,-0.484284627927791,-0.460442538140922,0.0022347764357432,0.0357436380395806,75.0,0
76008.0,-3.1591524728283,2.9436339930018,-1.39850525189711,1.00956827885133,-2.37466317761826,-0.175231056687248,-1.81975717793823,0.46943058260875,-1.17755063082946,-0.120521109950124,0.545030269773677,1.26579780008186,-0.0067475140023837,2.11026919366225,0.787267638197793,0.275945609456083,0.982302227294495,0.745333925580513,1.79033407411197,-1.08045903698037,1.9150556302804,-0.0574765144438741,0.481488086772759,0.344816719950975,-0.339566652365012,0.475672507328063,-1.47633309664886,-0.596901361826236,75.29,0
62012.0,1.11108917782071,-0.134609307650117,1.29369459912245,1.03066946535637,-0.770576876654524,0.671229366460705,-0.993413814217111,0.460160611623339,0.540243236245849,0.15105804408323,0.975766879771418,0.344999676443202,-0.721576241945673,0.215153362272313,1.2150883671906,0.845926770977072,-0.822078224626734,0.856478857558686,-0.77976453131761,-0.191416774302381,0.294203208618627,0.882842405387464,-0.0725518501703137,-0.313769409896554,0.275944898259868,-0.202431185113283,0.0831853067139202,0.0235033890489556,0.01,0
61212.0,1.11910203194068,-0.0991390612407722,1.60881283031498,0.738994290819305,-1.22590071021084,-0.244463291716569,-0.813189206825204,0.131143479994133,0.576970402588694,-0.167141285976666,0.419560799880834,0.860249048887661,0.982593884564364,-0.322704686692322,1.71973191719232,0.358719706270437,-0.269813149830782,-0.301039848378736,-1.18223077770816,-0.0747008013804128,0.293567989415013,0.983285741897485,0.0539879626118974,0.676019411211719,0.0949945471015393,0.465725192067638,0.0448300288279769,0.0356611826895762,3.75,0
119206.0,0.186763971637623,-0.833002131873695,1.39857499712638,-1.76491685193183,-1.60905710327231,-0.185207696436282,-0.65924983370837,0.151210603922115,0.286344062073697,-0.0691374787678341,-1.52530396960575,-0.717802063870209,-0.285108992760792,-0.545741029928339,0.876752584957439,-0.946655847662474,-0.320377109846692,2.0227769646529,-0.567227239209535,-0.329377830131617,-0.0193811435534169,0.40452219218935,0.348672251843397,-0.110982910245254,-1.33211030619598,0.829582937252031,0.12466558242313,0.127759034793187,88.0,0
4648.0,-0.719243336050615,1.49865758814417,1.2505170303089,1.51766657572305,0.0005858979316674,0.0643875183020809,0.182354368580784,0.425515445549986,0.74263801027467,-0.707518618150133,0.267992340396042,-1.90658497107265,2.07560614591904,1.6592416287054,-0.619124764342564,-1.15467729588088,1.50103369528973,-0.438113441278128,0.514202294219948,-0.0086201446463972,-0.14366048223405,0.118600149366897,-0.114323844484947,0.0523929455502892,-0.0752734378526717,-0.261253989025028,0.284544439477792,0.136189637260711,1.0,0
133870.0,0.084706724384886,0.931953651665814,-0.347572970572932,-0.629733454764619,0.880499233657866,-0.514251738770385,0.817243966892008,0.0913077487927938,-0.217651370868774,-0.655074147379947,1.05467475315465,0.28031353058133,-0.762166374682903,-0.676483812921745,-0.828901175153835,0.465039741935796,0.253562634188911,0.231913377632168,-0.0525766353533448,-0.0214312996702178,-0.283410584057238,-0.730341681014381,0.113776335311648,0.583111127554098,-0.504440729908674,0.0945214924645628,0.217401159717127,0.0734876444268933,3.59,0
62201.0,1.23441492459919,-0.581400912177854,1.07097630065024,0.614586206952211,-0.998455210805888,0.665831860668704,-1.03223281459218,0.239811579759824,-0.225432653050692,0.608688584449146,-1.25589152145496,0.184900593075996,0.619699198021712,-0.56090940769743,0.255777957440618,-1.52912550150207,0.0641773560595248,0.975265889384518,-1.18725396255448,-0.520460437878239,-0.42430035584478,-0.527831582490918,0.0318337374729806,-0.492250815869066,0.300266755331008,-0.330561804810781,0.112201620476181,0.0366618408004675,20.15,0
49030.0,-0.957320292488628,-0.039065210626726,1.29026302804371,1.03060891987619,0.955666690070207,-0.716963646480066,0.579627663375939,-0.127977769439648,-0.285695338264313,0.17108467117487,-0.290954785666419,-0.335091320094362,-0.468272175602797,0.269682206666667,1.38909776203268,-0.692114498243853,0.021984352194181,-0.262135917656135,0.0365213860593036,0.520564570098127,0.190660501707442,0.536238636359725,0.165647431400137,0.0635707194421312,-0.24367200385452,-0.316655282737095,0.212080133372422,0.0201237461691249,80.0,0
28288.0,-0.895610820216283,0.272442787862378,2.69012823080765,0.80181608964955,0.244176259478722,0.80465534034102,0.173086314796588,0.177491636988922,-0.585700505815189,-0.102574566198492,1.35305259582868,0.89739573881186,1.10611441928153,-0.287665864340063,1.16199180252359,0.183239547543122,-0.663534180020815,0.660442557300901,0.213252100844417,0.428940183167874,0.26242531099833,0.774238277351212,-0.147331527795558,-0.281101659329546,0.158566695446888,-0.215402389662571,-0.0579144738124217,-0.131049452065242,72.0,0
127949.0,2.1522377162089,-1.78330108236457,0.0871573823332346,-1.57167052505879,-1.83752069534667,0.285784947229183,-1.95997921091014,0.0768041376486601,-0.627205022737809,1.41883029589005,-1.15021621662615,-0.126901976637741,2.21099635089077,-1.33968181028013,0.387046137852365,0.209367544712378,-0.0613842383217151,0.632551592180226,-0.480386196584979,-0.176881027731917,0.0870655415340796,0.738296909225585,0.209851394441694,0.50609915711591,-0.441485552429013,-0.117410460547445,0.0760865651292733,-0.0098578868385339,65.0,0
123384.0,1.93795708619666,-0.560958361598748,-0.57320690313775,0.298453788804061,-0.384523702457659,0.303689590352172,-0.772998143664963,0.314818469018135,1.08322240815935,0.235347437063024,0.244915573142158,-0.045155102978818,-1.74452337532105,0.452120943475531,0.134627617248999,0.791884835463355,-0.800066862429926,0.444637141485107,0.21463497826576,-0.24282410191653,-0.189609541123021,-0.622846326740506,0.398759057289763,0.217944367909405,-0.618286797094115,-0.0420053871990397,-0.0335586443774294,-0.0467043085623659,25.0,0
62220.0,1.25640922552336,-1.34812871435971,0.944996540515618,-1.38237120936001,-1.7653497659755,-0.060053368066826,-1.33133834220693,0.110395705888247,-1.93492536452285,1.47756058139411,1.71221281914961,0.284014265401451,1.00131016617298,-0.374913592400603,0.314398276862543,-0.263445418193174,0.447666385298927,0.0709804336917198,-0.524121091249698,-0.171514344375154,-0.0973740102032222,-0.0267715483861971,0.098887691459467,0.203030766722545,0.0200225983608023,-0.305865188676814,0.0597548750127972,0.0338227542362957,81.37,0
120100.0,2.04028945119999,0.0547858495595065,-1.35419011822904,1.19459529445391,0.66031475888015,0.171999397161784,0.10617252221471,-0.145175122320252,0.579441086870152,0.114312685250152,-1.58154602809522,0.859444028980337,1.28800688390488,-0.225615420402553,-0.685124815936048,-0.382203019979468,-0.503737358154014,-0.287920469925002,-0.0207696641189238,-0.155398876276296,0.0745133292688901,0.55490044213384,-0.0491370324343423,0.0738229772398981,0.466730866030395,-0.453470020485295,0.0275589368279172,-0.0477011467370993,8.36,0
82012.0,-2.65745964032444,2.70489291645828,-0.721027800811339,-0.172832442521968,-1.21364227030937,-0.751489490513547,-0.860994283534972,1.84731145274652,-0.527341499972954,-0.0051062518101308,0.675956908214484,1.13477239012102,0.256370188169209,0.748791178091577,0.136199653329139,1.0912179925908,0.279153813762282,0.563094839624949,0.183069005021709,0.201929301292342,-0.188311986211956,-0.784860099651816,0.167069877669713,-0.0721485386227076,0.14700856505168,0.101978045047673,0.167851599857671,0.0647881434671174,8.99,0
2942.0,1.23382369408712,0.408855747670521,0.455669570784152,0.763890380549765,-0.474324583697064,-1.24476189860469,0.136484129250516,-0.260522478797643,-0.0852729926913072,-0.301656005665663,0.3327915509598,0.677726751443329,0.799161901963411,-0.393401436407031,1.00096670153215,0.353941567647605,0.0771549126630477,-0.482822484756974,-0.325459068218171,-0.0509417428057098,-0.258940249311657,-0.718294355140386,0.16206776973022,0.688754030913038,0.193943615866247,0.0720984677864192,-0.0185242196794081,0.0354796555844789,1.78,0
128269.0,-0.56466174153203,1.07151804385128,-0.0923535385356247,-0.534529303700979,0.258430744274839,-1.1627109679406,0.862330407549461,0.157822408249989,-0.336639487389844,-0.708877954275204,-1.12134672002086,0.591880260991993,0.576864772227069,0.339135923673311,-0.832714297950691,-0.214822811017024,-0.172189196069693,-0.761147247743582,0.017029671680545,-0.0364157019259363,-0.0891030558026951,-0.190313069062239,0.146155832291172,0.0731840483356332,-0.778033035423936,0.149842535684153,0.267240402852901,0.198106085392928,27.18,0
48642.0,-1.71361940573679,1.35746603968657,-0.138877929465537,0.260420697029185,0.880218574269288,0.228353715261056,-0.138276864563879,1.16009560766303,-1.09056962688318,-1.69488134875583,0.979780632265275,0.351806685761689,-0.156938144394739,-0.628699402003184,1.76991041656254,-0.69549176396834,2.72312900574189,-1.53481872354243,-1.84101894940679,-0.386923829626241,0.180030201095508,0.336668472305896,-0.134926905895256,-0.735988123628073,-0.324899649546908,0.418468401739989,-0.177558260502251,-0.104505467558266,0.76,0
87001.0,2.0028727044655,0.12067285307332,-1.79618385968421,0.295358653159073,0.465815039639587,-0.762517309813255,0.137468823131892,-0.20083787952727,-0.0105135381402642,-0.168178223606574,1.50562417930959,1.02311640145131,0.759222881611195,-0.763430358906576,0.0257284267076578,0.624026105279807,0.105386895630545,0.721681263929386,-0.189307658713573,-0.0511250836849213,0.230665289175988,0.733407975975838,0.0283718534293717,0.755013417450467,0.073746577178061,0.6198982957391,-0.0698941174224545,-0.0396479508473636,20.06,0
128478.0,0.663894321552068,0.362230099877726,0.644992972119105,1.08105629219242,-0.28511135917783,-0.0915854443961467,-0.192038174583109,0.238349153322336,0.301476253395552,0.273545074875567,0.554041970298515,0.0201706214571198,-1.23897957784589,0.403965709701793,0.346567209547391,0.28300422708657,-0.654629199651232,1.12667807133954,0.193176774101342,-0.225297809767196,0.394522464482368,1.22628415352257,0.144783033816731,-0.030921300237939,-1.19221454267137,-0.597739485986116,0.169636990861145,0.0406631344439976,1.0,0
78358.0,-0.695785260223824,0.148656767499252,-0.126689055603326,0.319652009340859,2.18560560648936,4.1045230352457,0.644810183563319,0.889029134922685,-0.669253974044317,-0.395682843125014,-0.6181773335563,-0.190106726375443,-0.186180604232008,0.188281800221045,0.213439936483591,-0.561757883987407,-0.131663759849575,0.297865455592474,1.47763154290297,0.582297316221399,0.0206732285968841,-0.238581696783813,0.134988465467886,0.997055298376207,0.430641048200132,-0.210809316167889,0.0699483305801348,0.122678155287609,183.01,0
68360.0,1.16248238570925,-0.726598933005352,-0.279893013919542,-0.77804241614608,-0.499873044120292,-0.486037862261419,0.010983160605491,-0.21628313810375,-1.45776747473723,0.760221321811769,0.830120034408933,0.824313191643568,1.09762183039293,0.313246624770758,-0.0138179607674071,-1.00703185469199,-0.48406643263372,0.991803905552735,0.0204299819055283,-0.131575320875868,-0.711247295724974,-1.93096174294993,0.0687350364452857,-0.353457905596283,0.0276501871206245,0.632376826073548,-0.100008804953193,0.0159515414712381,139.65,0
155244.0,-0.390053868008588,-1.69753636211322,-0.481772007595742,-1.78232828719473,0.0097001223058392,-0.0462723650272734,1.01523018430711,-0.240750906287584,-0.440968242663081,0.14067365695877,0.113492917964002,-0.170786089151263,-0.508454709198863,-0.582531774044644,-3.01528913681226,0.43740322077685,0.0460634758891493,-0.839649073201962,0.227270845373409,0.686451231505424,0.887569641903283,2.29369911680158,0.64664858201493,0.76567792655279,-1.01408812088783,-0.194948762373233,0.027158766585354,0.109387516851795,300.0,0
55641.0,1.2476432402641,0.192634099635498,-0.458893048087764,0.378397908874634,0.280190737315324,-0.568862828174038,0.407744343246345,-0.186243579180373,-0.443657447708816,0.164090036191855,0.766034386761254,0.594228559508792,-0.0329482258401503,0.695572016203151,0.0664421510207925,0.273051455013709,-0.733991240253042,0.19289237238239,0.456750019511634,-0.0266903383173867,-0.0009825399621766,-0.0685050829815017,-0.234830736370616,-0.29856431392428,0.739025511091813,0.451171979136277,-0.0749745640720483,-0.0116581476931814,33.98,0
77745.0,-1.86639660630644,2.7233764335485,-1.51203071190339,0.871893759589863,-0.776728750251684,-0.929037852326911,-0.502459072759289,1.57855066003991,-0.733375921697544,0.176483668389049,-0.721459953563112,1.07720094218631,0.870345491954058,1.44129809628277,0.729271508470971,-0.460244321813372,0.742029050537139,-0.550410790732457,-0.0899742838972653,0.0041081586109484,0.249768574273139,0.670559108154864,0.287024244569408,0.0925068122546892,-0.511451187555614,-0.364597318920773,0.273704521446509,0.160782325523608,0.69,0
140657.0,1.96308648903692,-0.282678481251005,-0.205404629776487,0.599198687817095,-0.698121137477046,-0.695196766292317,-0.424498048365808,-0.122194372207104,0.947607478474707,0.0099746772152471,-0.701184426303833,0.763699442401732,0.782041150398689,-0.216036546225176,0.436260862771143,0.39168422141456,-0.58210158530294,-0.438584971584086,-0.179627123378873,-0.139309400938028,-0.189295571450587,-0.41925520731434,0.391598997797479,0.0433772179426574,-0.557348361525628,-0.0279472038949582,-0.00993102461039,-0.0344392563382536,19.99,0
57161.0,0.98812499976043,0.135780486013882,0.966309591948644,2.61751752687027,-0.390137353095632,0.454496097512851,-0.276852175130371,0.346896491502331,-0.329579041026155,0.677428593331316,0.959298993892951,0.212315285958081,-1.76169231285406,0.440155227141975,-0.925553899106056,0.196089121119105,-0.0486509767075857,-0.506433770355989,-0.728713920581894,-0.229644278957323,-0.194735901449577,-0.60329274347832,0.117159803152332,0.152088548408069,0.1812858638714,-0.178388624061951,0.0057428894129832,0.0175065502575184,37.88,0
78901.0,-1.48591612932313,0.312752759863832,1.1252839563486,1.27645876222998,-1.10044526596428,0.549982957602788,1.18111337894661,0.569276667265965,-1.26030076158714,-0.578493385916891,1.27568191294327,0.0157090327220926,-1.22037845290379,1.12861295135428,0.999154080460703,-0.255812825861134,0.262000210289779,0.527227151691614,0.49711314889338,0.587136540995848,0.445093443840442,0.533592561455196,0.475301790301349,0.178318482624937,0.441573874592808,-0.105300402500628,-0.144665009988278,0.0146678350246378,325.1,0
137268.0,0.174871916201942,0.122629788538577,0.526299492905492,-1.13762971381733,0.146283377087817,-0.104785382516336,-0.0430253872104549,-0.119052401184648,-0.651943898320893,-0.159349891310289,-0.763720878957966,-1.85711652121564,-0.616693983435401,-2.1864863424955,0.769011217230353,1.2104032936755,1.5664959715442,-0.0254230293554377,1.28939769407973,0.30234529297367,0.264695912912633,0.949723035815782,-0.206914189222267,0.306043000889926,-0.589608158446454,-0.0169291738550655,0.0605299299448369,0.0034189082158295,13.99,0
140854.0,2.04049117249509,0.261239306604669,-1.46127490628159,0.52670234385828,0.272092972347197,-1.14795083147925,0.277860406288826,-0.338080460328934,0.275934787922899,-0.414156933116566,0.0993993321003849,0.958799532726515,1.18093829610261,-1.05378778276789,0.0350008986453077,0.109292971274977,0.592022486858092,-0.624178879660353,-0.149538385709082,-0.0962991284130847,-0.317115195054289,-0.750555365003156,0.389501155969282,1.08512162153835,-0.285936974439301,0.135671405724684,-0.0540408779762628,-0.0227104690500836,1.29,0
144225.0,2.00781011497805,-1.14222519436557,-0.275544331320393,-0.878874255446865,-1.35274981727935,-0.618311446945373,-1.05589884233166,0.0058013382110191,-0.179352963356428,0.896334109972297,1.0971864711353,0.141155413538537,-0.0581343659259127,-0.150646641921631,-0.114907904750829,1.61650384945361,-0.206872220365523,-0.832212460676765,0.709017852705706,0.0714137059312818,0.131243904379273,0.199004702326612,0.322020441145742,0.0504792274459768,-0.577361751665144,-0.467228470497672,-0.0001751417009382,-0.0390513836272412,63.0,0
79449.0,1.04999998107743,-1.17573023423211,0.0547016334325953,-0.71770918445455,-0.935070679374654,-0.325712729640031,-0.384148347519019,-0.168999116534471,-0.687753262799282,0.499738812640856,-1.01527109755486,-0.710336545992733,0.722909296137371,-0.292921121651148,0.974216447356275,1.61398333594114,-0.192933829226984,-1.10169067672687,0.817696914596336,0.563479382591361,0.061116320544752,-0.404801216042485,-0.212489895110033,-0.569663302496899,0.302889356770758,-0.375455165352418,-0.0225120927165058,0.0528270754226741,225.0,0
34657.0,-0.349883465705068,0.733818797571277,0.502763773386637,-0.468233582013895,0.911858856539108,0.717627059517651,0.305983906106288,0.472598002095977,-0.146144242515543,-0.309036658627289,-0.279883156675965,-1.25165727478284,-2.27259742931334,0.210295717697732,0.85814511699297,0.912167486652503,-0.443758561777057,0.793278968905626,0.507967961992202,0.008090600430336,-0.320596212205745,-0.996114846145581,-0.157662270056589,-1.8336869923754,-0.116098909415698,0.199824653042813,0.235398530473605,0.0629761137246876,8.99,0
19915.0,1.39669031160792,-0.406132887915234,0.653905459971591,-0.252987348864676,-0.993016734391554,-0.760931326187488,-0.614884269121095,-0.273100732185979,0.776793135179951,0.107846935124945,0.427890099711288,-2.61280467256074,2.11053112446218,0.882145171715268,-1.27345333735472,0.527071500387117,1.38792438766456,-1.54856669444135,0.73291850318546,0.0302015032950084,-0.166939938006607,-0.119999423936194,-0.0260356180459889,0.375857490136812,0.548905178514451,-0.284769960750329,-0.0101072638880197,0.007859813284889,10.0,0
69982.0,-0.548454104269356,1.16744969894643,1.89915606893933,0.318280785695535,0.0207702336675803,-0.558054417556823,0.648273481287318,0.0097139480242452,-1.11840351052931,-0.507585253046198,1.78691160479894,0.741029666403541,0.36575657791989,-0.191518030630402,0.574919590828901,0.219397478549688,0.106803216675869,0.354061336084844,0.905655763815572,0.124038100671834,-0.16250738081017,-0.52018745007588,-0.160447641343602,0.510689559533757,-0.0094008647148937,0.196355033497543,0.034907774025317,0.0776359659413471,0.99,0
69113.0,1.29305346794745,0.457969173071868,-1.94045010818654,0.173148862363531,2.60956976701555,3.01411706933283,-0.269414758067989,0.754420440807174,-0.221009097149639,-0.6207998601217,0.34874843300146,-0.296104948188729,-0.118735702614523,-1.19258200683639,1.27839349886921,0.923267816751005,0.395379379540966,1.0390376966389,-0.252923895786939,0.0250200757274697,-0.121125631554031,-0.427753296365488,-0.15933569505727,0.857134710770907,0.850054898722773,-0.311685062523481,0.0375362125837485,0.0506175099603134,1.0,0
26058.0,-0.682512290992761,0.953029527462908,1.49684848508699,-0.258873916644286,0.375183817989458,0.374617523295024,0.459411947625014,0.306460867531478,-0.633797828834834,-0.130053965607977,1.80450275716536,0.950376078669347,0.169512602125238,0.3078794129611,0.634556374295099,-0.21922642302495,-0.103401273478605,-0.801741891873571,-0.417480022983828,0.0413298018408834,-0.10150354426967,-0.227057323657802,0.0563312809755635,-0.3002829344563,-0.367988069171009,0.100360121973301,0.164187727136145,0.0994533671238652,4.49,0
51265.0,1.24708939551158,-0.626456436542184,0.2386953348271,-0.417429140185041,-1.22332324732918,-0.908379548947138,-0.794066345144187,0.0754043766822329,-0.365053185941994,0.184114866945501,0.165285956405046,-1.95855243452089,-2.47328710302157,-0.761811240097682,1.50002097417125,1.35478146649357,1.57187094446526,-1.076395379317,-0.164770485194588,-0.0182195819889409,0.0900396949708499,0.0019422160960298,0.0659703045371741,0.257077068519438,0.145794884833522,-0.268802131002406,0.0216345681459207,0.0469242164939431,49.9,0
140713.0,-0.987074010516257,-0.641640580801183,1.91289704142707,0.642557300399561,0.0489843828091807,-0.663104396657689,-0.546201987343174,0.110468172698696,-0.117076307547967,-0.155528858427038,-0.790526210203942,-0.753845192393965,-0.404519150525036,0.160007591301765,2.44726081251726,-0.522946337500454,0.533344974753874,0.581259180212029,2.68957543983977,0.718037566785695,0.27787894091291,0.509034766181088,-0.0077645438787041,0.0708260011483115,-0.0092435241812176,1.84650819586575,-0.0348990022386925,0.0920154216941112,72.88,0
82624.0,-0.83248056709275,0.292144793498282,0.251112981642282,0.123016575126848,0.0665824215226528,-0.0149305296953831,0.41765078427308,0.365409406847197,-2.06304816597151,0.226447471101043,-1.38276505893307,-0.547745935497194,0.147751142128259,0.754142476613908,0.999743392594446,-1.8648519142102,0.341880748123626,0.884960763916269,-0.116120153696108,-0.237460030511308,-0.472859909098942,-1.30159893626637,0.287561442373383,-0.877191516295653,-0.357587094019394,-0.570018740481986,0.0296439818817381,0.0376704588025316,106.83,0
163396.0,-1.99196290120714,0.472968903827329,0.0005214727639034,-4.47284728326433,1.18537473595489,3.8459031057405,-1.01357352855522,1.21756236221531,-0.873998173890065,2.40909523399636,-0.260946124656008,-1.07636844795157,0.160162664553429,-1.05520031548968,0.0100742302178082,-0.25226930003779,0.0101783283945606,-0.228527890281005,-1.05755768553198,0.598969350813275,-0.603562794730223,-0.981741276037252,-0.0965551580713664,0.608020670088304,0.685835363531181,-0.33712777435156,0.933659232656682,0.526717810188453,10.0,0
55399.0,1.26659774651487,-0.106205718295704,0.479140588639332,-0.253251796001779,-0.60484263286804,-0.521691378752694,-0.346951468019228,0.0253286961012228,0.217523498021353,-0.0310922457839711,1.11221296409223,0.595369602703685,-0.289308035462312,0.384217179750015,0.61803956117398,0.716293823867233,-0.711538452855084,0.231138971013529,0.444785697563392,-0.0722401975216843,-0.109427088878952,-0.35220005411326,0.0505107277132709,0.0550844247603829,0.118678266953238,0.90875668493913,-0.0772191616443839,-0.0051939328088974,0.45,0
163670.0,1.97709257747735,-0.415970159719405,-0.428159298810348,0.166221839500708,-0.63409444523053,-0.372529889627849,-0.654079299661392,0.147581259695782,1.31539030102813,-0.0116101145453566,0.435901505398472,0.286141084379491,-1.44897472266855,0.550643040031502,0.552876961783304,0.581181672628627,-0.937464512903439,0.795756106335295,0.273258619345267,-0.32189747591205,-0.105289517690435,-0.270110060111621,0.319917276491038,-0.436539505536015,-0.405579030448948,-0.918706494605406,0.0453497355340918,-0.0435699223322357,1.0,0
123186.0,-0.768039025574193,1.13065986635566,-0.463334490223955,0.91630334795402,1.1393415517959,-0.536576984793631,0.862165542673397,0.268976147751308,-1.19548214628494,-0.0751226727665853,0.335994695880941,1.18859374019587,0.767447715354407,0.812731367853615,-1.12411916692172,-0.844757935450121,-0.0554232849832312,0.167384000272411,1.14867079669809,0.159342630174382,0.236941172545064,0.75036284394361,-0.287501863009232,-0.349166704080694,0.095383176936259,-0.377306468045581,0.321652914080773,0.108392492079358,17.15,0
149453.0,2.05796296012275,-0.383553031278584,-0.602480019072751,0.251409023114943,-0.251075895879827,0.018072769614538,-0.581465693608559,-0.0701122374372625,1.13598568787186,-0.0299624705927027,-1.68473170613296,0.723122150072464,1.6521064215511,-0.586873314365296,0.276802940194626,0.556659105799746,-0.934166257907453,0.168855754473364,0.113829279121811,-0.0704219476810238,0.109536467403563,0.608534187469692,0.0187714168904126,-0.908812854141339,-0.098676488574457,0.626277818559952,-0.0120970856090107,-0.0540336294340677,11.5,0
159675.0,-1.11147208805104,-1.11024624781814,3.19099053561748,-2.45626584599163,-1.60776623500599,0.526555416992189,-1.47166093374677,0.400193652605191,-0.433949845371467,0.302174931931767,-1.88090826780245,-0.119479645507051,1.26137485489909,-2.30329943436646,-2.58728903241239,-0.772475974484655,0.759711401480479,0.0807361138990239,-0.514605651652744,-0.176753673217564,-0.0859139356039909,0.658518684005353,-0.404853526862511,0.0484869325500121,0.607904220365932,0.0682627068016164,0.23677325634636,0.179872956789189,19.9,0
138007.0,2.05245949046666,-0.013938028366036,-2.30436448713159,0.126398286307552,0.9653704889567,-0.513144441577033,0.614783809682746,-0.272736369893267,0.123488233506779,0.141260232521423,0.481516518342905,0.890636267049559,-0.163178084085733,0.817502154380376,-0.784601297880192,-0.593633866327066,-0.486486161889394,0.0192922933363387,0.55461744754943,-0.178674806184752,0.16703162855388,0.607316081900794,-0.122853013317133,0.271738227316497,0.587869710878954,-0.0910122607810314,-0.0628305149163598,-0.078910723975388,25.37,0
157757.0,-0.458621773689576,0.682699395919958,-0.717700493667341,-2.7412829900963,0.79994570700212,-0.651982955144735,0.84297048631917,-0.432881763454238,-0.388895723073424,1.38716248869094,-1.36141631435332,-0.845326268377232,0.970517011252105,-0.747652380526367,-0.488045428227949,1.12751682724628,-0.695389929559789,-1.10286498145696,-0.160340186601634,0.580389473761996,0.350170815111158,1.50218057323091,-0.225763658542937,0.0927971874095637,-0.43076290248475,-0.215199122019883,0.606190882808856,0.299291556796428,15.0,0
152016.0,2.26655047307712,-1.39920794549489,-0.557515575816738,-1.43750947305283,-1.59857637246499,-0.919530917610053,-1.21533533846151,-0.23864858295238,-1.07127987429735,1.54517605367103,-0.971626200867369,-0.626887381981147,0.706098510226388,-0.592747784699206,-0.10045338204946,-0.456770268523093,0.433269302306026,-0.026153596672739,-0.227549597136836,-0.411973684892911,-0.136976731567286,0.142011367266195,0.253494691930467,0.0336106440102945,-0.278441475307625,-0.180197665369027,0.0273484173326362,-0.042797083844852,21.0,0
118632.0,1.8950417950286,-0.212642560207994,-0.473692071603096,1.14653848018542,-0.222397632306257,0.135821482839694,-0.481087208757039,0.239034687009555,0.707338062613146,0.351304445883203,0.650793997149167,0.42111635668473,-1.33143745231935,0.527143878147193,-0.140619485397399,0.488770177085852,-0.738743815073621,0.250092787817468,-0.123598122535316,-0.290226819572728,-0.239994256853127,-0.735674247730347,0.455103812604191,0.579536985710552,-0.471577810800904,-1.08271178365243,0.0316774342693297,-0.0306866476670961,16.7,0
14229.0,-0.470691525246831,1.1297984806156,1.81640858127808,0.10245205507986,-0.0206795798717552,-0.631220702196252,0.544050541288462,-0.0309125189196504,0.569617075485262,-0.525215161358498,2.48040710740123,-1.64282181627897,1.84894947362764,1.72657069893917,-0.637384806192103,0.292631258303153,0.145384133394256,0.314188222873942,0.0204879414507083,0.0828012655055805,-0.308435835821034,-0.606556499455019,0.0051120350237679,0.463172979465365,-0.263410761381016,0.0014256318759386,0.236073033234676,0.107289589562336,5.49,0
60117.0,1.14564879667341,0.452437448800257,0.80300816252235,2.70007522209018,-0.270233282139435,-0.249777844528495,0.0710893936817687,-0.0516702475693566,-0.367021517085165,0.530977377410908,-0.874334294292603,0.231981710379317,0.0187064420527539,-0.085013698906724,-0.71811562539879,0.174564507020577,-0.211481213017613,-0.682452154897901,-0.588826196036414,-0.146587276586536,-0.216408284730187,-0.513273064965754,0.0127232951913712,0.385540682122946,0.493523715950027,-0.093181140307585,0.0010290067151477,0.0243155771470007,14.06,0
2790.0,-0.678097263150974,0.774111634563885,1.06982801917137,-2.20585166358553,0.239830270515219,-0.849156231927468,0.966564870440652,-0.140874451471365,0.794797616773672,-0.708545847020339,1.72810162375408,0.902011535246343,-0.681719561307863,0.311359945484952,0.470000900394828,-0.742824618618456,-0.45877538786314,0.0462106635338984,-0.275463286030279,0.112617371471533,0.120434140553702,0.770675638982828,-0.23800164325654,0.21677391111176,-0.0166016743803795,-0.834273153810506,0.35453222601823,0.0341597480839333,1.0,0
71006.0,-0.798355302894296,0.700236281762534,1.97280478037809,0.21151599100014,0.12957734829482,-0.639958091820889,0.435949190584228,-0.0665835491519571,-0.129968257857008,-0.585192532917137,-0.725971231542088,0.415326323431133,0.378101854828359,-0.333556165562542,-0.365951502168308,-0.353772718908052,0.0059583092467491,-0.611547393354116,0.451410227270198,-0.0581597305717253,-0.206283541471601,-0.479221575472352,-0.17832384030261,0.431948280487532,-0.055269529233775,0.146488179426401,-0.0411981055709112,0.0940626720266793,0.0,0
119759.0,1.84546352031411,-0.635460950929927,-0.697288226773144,0.0814509013051928,-0.291138861063721,0.173662310539141,-0.490836960637874,0.123727112321624,0.748518231636449,0.121723726120432,0.600924542366154,1.00936798606914,0.275956156346232,0.0930449258742049,-0.121130321515514,0.74733762878588,-0.914540027255886,0.14626166394931,0.381427188978826,0.0327904649144695,-0.19200354644694,-0.695936689731817,0.347664042335083,0.345569478118295,-0.632776679966909,0.193317660968018,-0.0626561133923196,-0.0363337181225099,87.48,0
99229.0,-1.09710540514512,1.80078548655158,2.3007014524813,4.10352327370013,0.168701009737616,2.57788892800587,-1.00212193602356,1.05389207334729,-0.34959326337792,1.20876980081884,0.538899650456743,-2.24636537063967,3.32384085813356,1.12802117974085,-0.0791764753539861,1.09925129617362,0.0500716966394196,1.92928072593593,1.2928126839127,0.528589555000696,0.0450722736204205,0.499879039601221,-0.363346497451813,-0.38412541739638,0.208759310717631,0.538774083777192,0.35601145088167,0.149915021332474,8.72,0
149087.0,-0.978077620362688,1.51978919475289,-0.665485952567786,-0.597191529405891,-0.30441524822725,-1.17794478382107,0.222086903027272,0.678791486026036,0.0307568300572069,-0.413109280313659,-1.48191785551713,-0.0786790240090942,-0.772672716394464,0.815647855835166,-0.343292843881692,0.207529350219021,-0.0879225246714278,-0.534886502206831,-0.058707357506214,-0.210815036551716,-0.212516378977394,-0.722708229541657,0.16818955942416,-0.146987249797431,-0.418244031301235,0.14711337117345,-0.0282185758839002,0.0139666784089609,9.72,0
164529.0,1.87797599887303,-0.48111588220057,-0.31983886523776,0.52892288335313,-0.678113902854359,-0.481881758682879,-0.425560478221258,-0.154691001775325,1.24782669870182,-0.234930071018119,-0.864866623548044,1.23065852884253,1.63755518380955,-0.4900047688843,0.328408722073711,0.0531478342335046,-0.634011593390069,0.0726895688238581,-0.206399508971763,-0.0077802319764565,0.235359737467287,0.883977774075565,0.033798908550487,-0.0414261198299148,-0.0476616219033446,-0.217019483563517,0.0407143258853015,-0.0247988226001679,65.94,0
126757.0,2.02619260428717,-0.856758637580174,-0.301249117427302,-0.316202381091374,-1.13809371341734,-0.724772207354443,-0.687908795831897,-0.22796419794903,-0.258463008207864,0.744341287974508,-0.733616237213495,0.909763167941235,1.90706713531686,-0.494418414171529,0.202243093986895,-1.16181475093607,-0.320641991013096,0.659742915934966,-0.825712351359929,-0.407774688208384,-0.578866185550476,-1.12621663629205,0.466882082839984,0.0342621925958755,-0.725880159271039,0.221627418440508,-0.0123424654608516,-0.02732229866118,54.99,0
79989.0,-1.47254412418731,0.003285612969364,1.68209330456597,-0.43066911082264,1.51607768993354,-0.641677544563252,0.0816654804105652,0.291534572786766,-0.782524957087498,-0.853919605806699,1.29456696195679,0.522997592688991,-0.149322030822505,-0.143949196215038,0.147695584885654,0.614495396495066,-0.281683577430181,0.0040972577401089,-0.627505487806922,0.170535646934175,-0.0994612245422119,-0.700335823635794,-0.0208056713865856,-0.368540918886716,0.2004659096354,0.0430974626932117,-0.0318314107245972,0.0746456059279809,6.54,0
9858.0,-1.01035526397359,1.37687594322916,1.60899541908965,-0.0307615857206216,0.146189542734248,-0.15667818812949,0.490273156729346,0.0063229681035994,0.812396890946178,-0.0557464794337527,2.83670298902407,-1.25587281364807,2.39160498350317,1.49920562058448,-0.411342456446207,-0.0659610165496343,0.366670271351933,-0.235906680342907,-0.36004524162017,0.151330982084519,-0.281296010181136,-0.465593612169291,0.0732177394777165,0.162910235514218,-0.281748677718864,0.0103880056090439,0.103527018901699,0.160446039502577,9.99,0
65064.0,-0.703258822387378,1.52029043541364,1.21939756355921,1.58917182260835,0.405051084241603,0.334414882091751,0.330112099133903,0.59029207888228,-1.74397682827632,0.158040048332566,0.211931186234742,0.356798403344307,0.367251673581007,0.591730568665684,-0.364362078386949,1.21529441666134,-1.02674786287052,0.470787809446714,-0.163516217707269,-0.141604925176302,-0.12516427386478,-0.636129444514337,-0.0788700667904028,-0.554848918929743,-0.105182132867037,-0.271985853308258,-0.0833041115116972,-0.0115616622928213,5.74,0
37248.0,1.18778131157113,0.526521684151866,0.0601562205470309,1.1644068355148,0.265187464340405,-0.623033203881028,0.542004884230265,-0.236251544574595,-0.50181098254599,-0.0227547436204675,0.116986271551362,0.974533964042445,1.10979126381182,0.356692903832772,0.797786557049428,-0.398590730879402,-0.12452486131801,-1.27088865887568,-0.519726803278615,-0.0841920696301714,-0.282203250206484,-0.768988522749299,0.0950350040019632,0.0651216313172173,0.46385863197838,-0.622506010182277,0.0177036468463954,0.0216071500530019,16.96,0
140802.0,-0.323662917594856,0.767033405504424,0.671194698762429,-0.819994254810246,0.568795856102754,-0.805466673322262,0.957879700712329,-0.0978275089176174,-0.675635274956271,-0.46187010696541,0.81547913509163,0.21879692260712,-0.638137956211269,0.625011139245351,-0.364838691282853,0.155659007381717,-0.707494322371505,0.387934334131968,-0.170075802086205,-0.139904441352175,0.373656123836518,1.05487026824217,-0.340026466133159,0.0773922661818457,-0.118342901960296,0.627297261803762,0.0637980004507172,0.128098684042266,5.74,0
86527.0,-1.13818234630376,0.195858464486253,-0.267970166178302,1.18010374144958,0.797942627247188,-0.66129465807583,2.11208616342796,-0.701623924751924,-0.22970220164063,0.403326302148756,-1.10028986645352,-0.598159257559238,-0.824212523241259,0.268091805595025,-0.090958300093331,-1.13233419448266,0.0221854386164935,-0.297366113414932,0.888665629336504,-0.391271418705792,-0.104654463691759,0.726896846109299,0.398281215091146,-0.0729126057649649,0.1696291188221,-0.373936288240619,0.315058630120237,-0.15622891793879,170.88,0
14465.0,1.25663340054825,-0.214577937875255,0.21798476810339,-0.0249311369457884,-0.059011734526997,0.41930276056807,-0.565742304871849,0.062685927546212,1.94425677696359,-0.549938478032167,-0.520873958790037,-3.15703657798895,1.2389548621562,1.58009760271114,1.02214600969618,0.642040441700758,0.109678118273389,0.26288106323464,-0.236648325174688,-0.0707421172748612,-0.125803937102788,-0.14963838855663,-0.170041454282868,-1.33155659505439,0.285775049474354,1.14793415926589,-0.0841914348726709,-0.0094639897906452,39.0,0
43353.0,-0.824706237874633,0.94499051716285,1.5861519786023,0.0482184501573897,0.0205209927305499,-1.29099332961205,0.927968722487072,-0.0981331576509512,-0.540067965317284,-0.350071461939363,-0.400310600211293,-0.836539828703946,-1.57353275260467,0.602264459231837,0.796434646088228,-0.171205774844509,-0.0204852588462181,-0.227545871539415,-0.0075533440521077,0.096396233736756,-0.0280341768337061,-0.129462037229752,-0.236319239715385,0.700393992803162,0.461201358892428,0.40214978968509,0.211678767940544,0.119614777607279,19.26,0
141098.0,0.112324515845081,1.00119762316955,-0.529248835186316,-0.753107142203176,1.21967789183361,-0.199407199766221,0.910803185305918,0.0468110009499104,-0.383552165916799,-0.696626760937358,0.84456841327497,0.812490945890655,0.625975314798089,-0.964274813991358,-0.9361901518432,0.545819210937985,0.0030765860954142,0.231546442692489,0.119664386491987,0.0874964386786662,-0.297569638366542,-0.712963971086887,0.0489362799697111,0.134221216669052,-0.394026315557326,0.119982312789013,0.223723701906371,0.0717102474631552,8.07,0
108397.0,1.90701039541722,-0.356876780140098,-1.61344395873085,0.661511588314583,2.15923854907694,4.20865398547891,-0.968157064919743,1.00004997496376,2.30736304018216,-0.367290756201766,0.405620520776899,-1.76170340916593,1.26544283377985,1.36743384890752,-1.53283870955819,-0.526565936574301,0.598222032021979,-0.730663415246056,-0.11857050368512,-0.241824935750811,-0.671872693721141,-1.5260972900823,0.481789688196021,0.555884399500973,-0.308301207034406,-1.12391646368236,0.04555913347354,-0.0416589067621472,16.44,0
70562.0,-2.92824778548437,-4.46059265523363,-0.340551043075184,4.62810186916228,-2.11941185978918,0.843747853343458,1.97517750893492,-1.16615723177235,-0.861880653891936,-0.0457060983748511,-0.98301035514668,-0.612977447381832,-1.06606610195007,0.752762208624433,0.498350985173345,-0.157026392204623,0.575016123728275,0.0658611199357559,0.435084511530942,3.27775563419501,1.54770226726705,-1.73378467854589,-1.60065633109409,0.430335052345191,0.135912566360486,0.0569739925076716,-0.151966061362889,0.502910720319468,1687.37,0
72538.0,-0.521788845255744,0.666633415179132,2.85513220871312,1.60143841246349,-0.61232842650418,0.236552219891772,0.0509416473836527,-0.0207050828835561,0.300038482929386,0.0429047832131227,-0.812431298012518,-0.493768398850594,-0.757153833734716,-0.431693291463193,1.101356738077,-0.727460717287793,0.352760420633824,0.381695553665111,1.6620708417205,0.169268555321337,-0.0467937382323515,0.190854403500784,-0.255140926761433,0.372997095964111,0.0573532497277389,-0.160873203875705,-0.142365005744951,-0.119585222615842,9.99,0
40325.0,-0.16913352927821,0.432826911571128,0.196161553751966,-0.705606716031197,2.58739713840958,3.49388546608168,0.163012302771897,0.675011774252401,-0.595724527375397,0.0083949064612682,-0.0057030738160074,-0.352554711982477,0.0284732672639568,0.195526231586382,1.58663933442702,0.0980773701132075,-0.630536410533552,0.102947306726975,1.45969011033586,0.344708736671605,-0.324543348589033,-0.99502351651051,0.0745598774119657,0.988765564202054,-0.578629418562514,0.160134985423749,-0.0607753977288302,-0.0795896433668331,18.91,0
43502.0,0.802858018031985,-1.66134986813983,0.912253631080693,-0.380945581775073,-1.43527511802001,0.989696152583183,-1.12784768469195,0.447656837735961,-0.0858772535657127,0.377493619192596,1.26622307730437,0.381253175455276,-0.515834916223399,-0.518580375525501,-0.795747375749802,0.393871443098044,1.03801308747012,-1.85279072803418,0.415109699828628,0.393795429393325,0.232422870723134,0.378283727869157,-0.125771624037875,-0.259701944986456,0.111751911447022,-0.223116715319615,0.0404778676121247,0.0439609336833513,220.77,0
119921.0,1.76007422004775,-0.419756297078751,-1.65436570419437,0.47706424947541,-0.181728170412529,-0.953338857371314,0.052276481791292,-0.0687591921107597,0.965373347358229,-0.68167669365902,1.09572003216822,0.288338551995212,-1.66743600700543,-0.928694628425264,-0.62080028629558,0.170974138568819,1.00334726220677,0.586637696134008,0.285726701664864,-0.063818409142118,-0.136373527291182,-0.46213408320386,0.116429225860679,-0.131411672333994,-0.207720223795103,-0.114573830405046,-0.036298445804511,-0.0159658401819831,114.34,0
44676.0,1.3865066645679,-0.757067352047339,0.182618152732629,-0.998819868544405,-0.545457229410433,0.39314915675494,-0.907971801086133,0.129806731504776,-0.411256271765106,0.558679452175028,-1.34566727402681,-1.1929620633495,0.0121614245781416,-0.267976789230229,1.38643293164681,1.531750894999,-0.0722358216368333,-1.1943072088853,0.602776756209194,0.121348954075825,0.0301333374698614,-0.0515729858003482,-0.101447328213063,-1.34276067934062,0.345569352898414,-0.218858987761568,0.0322948809087951,0.0126369674403877,39.0,0
63942.0,1.23802982744284,-0.0838919153497338,0.0438374393873072,0.470285845934134,0.0164959385517607,0.270432893026603,-0.152621840849691,0.102226587477455,0.342490710942589,-0.0191650037487636,-0.0745519019234018,0.569007245567747,-0.31080142309487,0.140065628833361,-0.781132173640348,0.274332659093175,-0.619247142833117,0.213656091997279,0.944792482703975,-0.0622949611227769,-0.251243254463175,-0.628245157899027,-0.154345355003847,-0.815906614578549,0.559773483703153,0.323808050502456,-0.0334118721845248,-0.0070619115734347,23.82,0
93866.0,-1.21858662347249,-1.52950193113946,1.39646822419873,-2.31445190022662,-0.789670899558453,-0.391988647525683,-1.67157805508494,0.59982638843019,-0.60016910992642,0.197420498590254,0.932347027903571,-2.68086076594015,2.42103026705815,0.997239774462872,-1.75772986227249,0.432857254474769,0.59531571241641,1.37202439869414,-0.604720009535711,-0.109171556706084,0.0081174159597678,0.124990576273306,0.121332066089619,-0.424370890871596,-0.788067983212291,-0.417233452675921,0.0745702692438151,-0.04958859783814,54.0,0
140967.0,-0.190497279322738,0.0434615985588579,-2.79990270331558,-1.08500687307724,0.276357439902421,-0.322326778550223,1.99611260455497,-0.0964173569712806,-2.05245231128155,0.40018914812569,-0.0979560754039558,0.756135432285668,1.14122303498936,1.00006670107987,-1.45800097628437,-2.24675501284196,-0.263580180098267,1.78715682218312,-0.0798408958658962,0.142677140039217,0.372539357783775,1.24396087447047,0.672726072517721,0.219443715900093,-0.950971271033398,-0.172219391830602,0.359388750133449,0.351652401077264,304.24,0
141738.0,-0.568577214539008,-0.861169533035422,0.403410358526347,-1.52383237663486,1.00016390044364,-0.321394902644527,-0.187552344141845,0.0551985870395284,-1.22381864848191,0.310091616796293,-0.459451073124149,0.558377360604798,1.32434696772559,-0.19213218620065,-1.07731103540078,-0.935830443187506,-0.963894259842219,1.89634199867008,-0.340179034504568,-0.150089937506422,-0.146792861501161,-0.1471687836757,0.159932836980919,-1.08119536341313,-0.8396365116812,0.458947838762488,0.14467334046413,0.218366879336416,48.7,0
148179.0,2.04644014654983,-1.20492222471297,-1.13257329211139,-0.483319544580866,-0.940438095396753,-0.813353617071049,-0.542618453694564,-0.247978790804182,0.255716164284298,0.638874609571347,-1.29676361272213,-0.547375457749974,-0.52964588258855,-0.467786679253527,-1.38014646698879,0.0802177652324031,0.858546012062988,-1.53771995298313,0.803786999193292,0.0266724316713863,0.497267351669781,1.60209181854929,-0.204177012302418,0.0940891565798809,0.417958956319057,0.290966367515883,-0.0267038981557821,-0.0608985692458844,80.0,0
36167.0,-0.824099818130596,1.01843283881637,3.04077774088751,2.73904435264824,-0.789826903654452,0.439836698025795,-0.106737278689273,0.192525318066268,-0.27054903450297,1.28699268353052,-0.80982153605471,-1.63413149298404,-1.57013043031592,-0.158976434472018,2.15623092597855,0.543189175594536,-0.283667253832979,1.02206182726775,0.392428992043761,0.404792085129538,0.137803770968652,0.710889952970813,-0.206594204918641,0.340569495800786,-0.0045908740799203,0.39870150661443,0.323371257943748,-0.0025522439270712,30.33,0
46133.0,1.17448741762774,-1.40939824899275,0.685344557974287,-1.96862314587293,-1.52205905450585,0.286871856369195,-1.1696343275457,0.277600578907737,0.925224976798818,-0.371681039259177,0.685987420459227,1.13879831680881,-0.23199818948738,-0.297167141395986,-0.236892594581213,-2.3459072194417,0.487254071251962,1.23255012689651,0.406440109023972,-0.410225140178932,-0.460054993211199,-0.654498704830519,0.008282184423808,-0.31135251829084,0.206733967302144,-0.0547063476725787,0.072973867721467,0.0216734181253782,70.57,0
80469.0,-1.09264209087795,0.693645032069373,1.96068337684398,0.493490546519562,-0.302265365864563,-0.137451748072505,0.590824820886916,-0.617094920486567,0.944912962369126,0.838703167848548,-0.542896713748667,0.199603092574482,0.588350741279554,-1.17359068157517,0.247497058089084,-0.631551799656758,-0.175653228090628,-0.104009613042197,0.754137841355781,0.10136724743881,0.0873725288314022,0.877752281794907,-0.128106151955842,0.486325420820246,-0.452952654598185,0.3921062313245,-0.736725289027301,-0.0949627251943955,29.99,0
77683.0,1.3697024941207,-0.325608345410659,-0.145943814805841,-1.41122982460889,-0.420411941096525,-0.76668350966334,-0.0824714842953974,-0.186020296713553,1.64314345229631,-1.17544182686721,-1.17243446440384,0.617097310273407,0.0656908246590542,-0.0493871388588868,0.537341897734733,-0.788659718565148,-0.0176474883264183,-0.284024253085214,1.47079471428418,-0.0823768363333988,-0.270739332842782,-0.482628796029416,-0.137841982920756,-0.40431540737787,0.700859420154202,-0.0314295643759687,0.0091410079049246,0.0023509113276978,2.0,0
60224.0,1.25862617366804,-0.0742865337490642,0.309754343294186,-0.109058268363722,-0.521452196806967,-0.709006148627311,-0.170496032586052,-0.0398013333491201,0.400587879458497,-0.204105233433765,-0.169094522377929,-0.240973943242756,-0.926756733062971,0.464389071649784,1.49861917600514,0.0106579024073255,0.0322396405405257,-0.823469653966452,-0.279887927589396,-0.169300156992728,-0.0951064472829056,-0.266423174456308,0.0894145527875956,0.119188583699242,0.134435155519065,0.993386040334705,-0.0736067095399579,-0.002186420115873,0.77,0
156657.0,2.09087741017747,-0.125258291365812,-1.47018167009818,0.0606722927801437,0.415011097643654,-0.304362877385337,0.0634037002184667,-0.125318404948852,0.344570833107707,0.24218179239063,0.0536739678399435,0.815842644730614,0.205059947138591,0.401518975841329,-0.591036197751044,0.386379185981891,-0.912152075335207,-0.0473572052720778,0.8195421428031,-0.176896885656038,-0.303948287209591,-0.770626036201424,0.201010319248126,-1.03573653782289,-0.190901803090937,0.241521972085209,-0.0756147173896516,-0.0803209656466004,1.98,0
76814.0,1.12541811499546,-0.30518812052712,-0.788438841284193,0.185177435227536,1.83330876653454,3.8037626124583,-0.654630625277133,0.952216504325721,0.434412682141799,-0.152646618887472,-0.477045648488699,0.346537899915698,-0.12707937459636,0.0478510929762703,0.119717991695804,0.170134226925461,-0.60761905843134,-0.0987684634293404,0.406670688596027,0.0905674554460156,-0.359227865243241,-1.15969130096502,0.0232421474637004,0.966978921619493,0.507529820717796,-0.630712176461535,0.0386257294598882,0.0360120128498354,65.94,0
35772.0,1.29179298470679,-1.17548126066489,0.49598806845847,-1.19740543438339,-1.61192418183593,-0.861957377844836,-0.789628964957507,-0.21247995779436,-2.01791332286611,1.35559009133641,0.319056484204893,-0.372783936979742,0.872377105770035,-0.284114728526355,0.755626361180283,-0.876270439363208,0.954505283748537,-0.720785995885764,-0.832322169294774,-0.186615954149598,-0.0953918029228586,-0.0114916678266081,0.0481330465945816,0.613764062562,0.25132617187694,-0.214380441496593,0.0316758957467956,0.0366340183207962,92.5,0
82434.0,1.17262624328018,-0.207571405455486,1.23031081425366,0.871909951388156,-1.13674109488646,-0.312737108508656,-0.65061918727153,0.0985719953689063,1.00067087262792,-0.228549483236239,-0.811433990117038,0.193515893100642,-0.420192554461815,-0.313427140107701,0.251452917623598,0.185183256685245,-0.147539475363512,-0.17790893424811,-0.038829902837857,-0.121348470256023,-0.0944515438754162,-0.110629585816206,0.0333858179702774,0.421576613454128,0.237087227813387,0.317467902970765,0.0130128409082214,0.0271047718418133,13.32,0
81159.0,-1.51641889045031,-0.132097757196672,2.53043666107995,1.17839837204785,0.208409880737504,0.142898432730055,-0.214599528041642,0.164893591829174,-0.0467165721950255,-0.420991271069303,-0.356443108141429,0.604799622111484,1.08037129743033,-0.509605383382273,1.07884575528568,-0.44077384411564,0.105289903714026,-0.113993801582021,0.135140796226593,-0.0436299331397651,0.188068145152229,0.824776862008044,-0.406970788393498,0.167063937492437,0.280451123894379,-0.100659653329917,0.177869042283563,0.0269537387717214,101.49,0
151171.0,1.90623191513319,-0.376211275225015,-2.15858244095858,0.283866441151707,0.377984754780227,-0.424861786150088,0.0180594164875433,-0.0329919886799437,1.35122889456665,-0.831844592762881,-1.42070350901733,-0.993202575860057,-1.97076112559088,-1.08369010667084,0.23905085046968,0.255637523947611,0.972883025739219,0.448181660502507,0.315979673495441,-0.0931572722906632,-0.263939907479988,-0.811431159991797,0.0907486486339782,-0.141765840350991,-0.064543761154341,-0.0784046536833917,-0.0383714288211928,-0.0113213316938227,94.84,0
116812.0,-0.630143489736574,0.907545892263039,-0.537125138582243,-0.563878621452459,0.818082619753093,-0.542049596854557,0.698441939283481,0.0899264954921815,-0.174086787928786,0.0901387281317444,0.801920063264751,0.753656044309088,0.0881588466561623,0.621051021270751,-0.143206867288752,-0.266518382839994,-0.645088252821393,0.584423422307294,0.281755417015405,-0.0764113800895819,0.434076210317061,1.46645008952295,0.136010132652983,0.739159810049259,-0.787010139209438,-0.315426648625676,-0.0630708378923256,0.077303380519363,3.99,0
164775.0,-1.21252774302648,0.730184956531728,1.54961539034963,-0.954036615371446,0.0086430712189789,-0.0920189607404303,0.124385887291385,0.595537327511492,-0.570630206083441,-1.09058338451392,0.339272000412279,0.843626339685021,0.39460088674653,0.266667456973281,-0.512564008566136,0.79251351860763,-0.751414243997371,0.277571009084211,0.372448424188061,-0.0120421210804653,-0.16169508278544,-0.744488628939993,-0.173554082153302,-0.405408667210047,0.21759953143854,0.357894515425695,-0.143519248985666,-0.0507947038966588,24.48,0
32840.0,1.15586664320207,0.160060053352276,0.35490291930089,0.588614796669359,-0.351385664190438,-0.428078400847845,-0.186154932762491,0.149258496137435,-0.0309168336660983,-0.116516215204179,1.79442122570261,0.324646885675898,-1.3264890610066,0.230543536457399,0.785472890410805,0.389500581292679,0.176806526983496,-0.145771600923816,-0.334046885459848,-0.199503505146414,-0.211476716443232,-0.681091337262917,0.188901607397004,0.145292586568695,0.0384732227886885,0.0988527205138108,-0.019280574183805,0.0161721152002182,1.29,0
133575.0,1.67528987118965,-1.92473910804271,-0.967075625317939,-1.80416723307974,-1.5746167860584,-1.10299740898137,-0.388032833606993,-0.311207851954537,1.0740928887878,-0.344048862994324,-0.882616978832598,0.839565019018379,0.537124704854073,-0.174845761786901,0.356445077263471,-2.2206226110543,0.222624496302307,0.77501673825954,0.238610608787995,-0.0829231330133212,-0.598145929775247,-1.54213650657839,0.264957170924247,-0.0009326006886104,-0.591561041642445,-0.689637284009988,0.0031169754460504,0.0087318075735078,262.08,0
142714.0,-3.59151524294984,3.91035185116642,-2.89168545046504,-1.9184926207687,0.217415588054801,-1.26624182772695,0.750557413554572,0.725793754770214,1.36185617338377,3.20907185266552,0.9402472818428,1.30720430087997,0.343036116929906,0.517577968138759,-0.748240729391496,-0.574843009961392,-0.416779300164726,-0.151375501908387,-0.3272960763523,1.4761302961353,0.0157371101722437,0.753112165274799,0.0522524472925103,0.716571549658519,0.398850087223014,0.0991059338307836,1.50151863824358,0.926508844537772,1.52,0
81077.0,1.02730949705196,-0.131385976512494,0.504357692567704,0.633051849992803,-0.669528900127406,-0.767945851913674,0.0396843674440994,-0.0583047349965982,-0.141149821823202,0.0796551587101567,1.55633370403912,0.784258872807253,-0.437680305947032,0.597737765849365,0.399003245960643,0.481991314749688,-0.559715425301298,-0.0155009152277543,0.06898911881398,0.0543263420384057,-0.144809912903842,-0.695283874584464,0.0771464864329707,0.517252566766523,0.104834488489153,0.0569663076152866,-0.0539813637930729,0.025311202226923,92.48,0
162024.0,1.97420664353684,-0.387429642030099,-0.451688882626986,0.134795202653802,-0.515102054539697,-0.229196917414682,-0.633304135687295,0.147492312391814,1.23657156821836,-0.0360341716226643,0.508559421986061,0.570484765180378,-0.892646609280607,0.442820056957371,0.546119071580831,0.520115769983435,-0.94115872916563,0.665693874321114,0.227592318053796,-0.290590665071591,-0.0983440511760322,-0.216355657038565,0.310271639882193,-0.551676893665408,-0.391563896911944,-0.910489130410983,0.0519908932017218,-0.043761075451267,1.0,0
34912.0,1.16292430316903,-0.11005270240347,0.737011312183527,0.743236992726879,-0.769405548440407,-0.408365219607509,-0.29011552422103,0.061149901925924,0.442529921977182,-0.0529115523253596,1.0398722392341,1.01063172029477,-0.596728237523982,0.0805284195346572,-1.03918220321863,-0.173634888844766,-0.0596949397958371,-0.112242652436644,0.435337853983551,-0.133544141237759,-0.0507230300014802,0.032415475657117,-0.0494344865122132,0.586991617992092,0.454368453419643,0.487970778757691,-0.0286226327409643,0.0020523849459874,9.9,0
152386.0,-0.0814697965827251,0.610522876106772,-0.0643247739430314,-1.00468472041223,1.30751283758698,0.991400849443249,0.618699716588359,0.434763971380787,-0.181158137774695,-0.356936064345893,0.738861085085187,0.553303449489881,-0.595632413935238,0.469339912942347,-0.229512509402555,-0.55706208928067,-0.0299361067718954,-1.319059150458,-0.619422252327933,-0.139860705174495,-0.176581050393903,-0.284727084938747,0.069003610975864,-1.65417450117267,-0.669297611131031,0.254346620827999,0.288661219943632,0.0688193794785091,2.69,0
130871.0,1.92446560475565,-0.518360661233909,-0.184738703642315,0.447061433062732,-0.893661178936077,-0.371284939810986,-0.758337762052968,0.126091387705037,1.33687672476668,0.0292054244185418,0.644387718151645,0.736735070514701,-0.867883679747769,0.179745823635184,-0.136810498299568,0.283085698537914,-0.663545610255414,0.768659885946177,0.0262470699477231,-0.270199695202693,0.241753666312759,0.876326035281495,0.128861247140662,0.078684949942643,-0.169501621566379,-0.235505756989794,0.0322989975835492,-0.0473640248740445,9.99,0
43985.0,-0.361838790345807,1.01352726107742,1.21265904652663,-0.22566016842884,0.34028972299219,-0.420348891675932,0.688931480513929,-0.0135409230620147,-0.340190946374095,-0.311969258409119,-1.14655001714727,-0.318449700693912,0.192882942412799,0.0895023083531955,0.908110289946124,0.44233742087423,-0.698673815660047,-0.0798638565155853,0.329289627984588,0.130572074652711,-0.281335999468266,-0.748407147121015,-0.120437047876427,-0.474153668019288,-0.0807153445919305,0.123110744020765,0.263455943662305,0.112795540515384,4.47,0
79742.0,-5.92613353308893,4.89308363054424,-0.728684833058107,-2.66157099389082,-1.27140400903685,-0.763058422578076,0.113549408435364,0.670810737842452,3.9652073639005,6.34265206347148,2.09693551071652,1.0963083941639,-0.0237773602163906,-1.36456286503361,0.357319332007642,-0.0446921763577099,-0.73993015865073,-0.731111255112322,-1.50650630922039,2.90825533230167,-0.686552639473535,-0.340238859004141,0.245000211968252,0.164483217495649,0.631550931471594,0.735716058363854,1.82471100991477,0.693890581714841,0.92,0
154623.0,-5.7706239838926,0.789242325921358,-0.712486018852686,-0.284229014846599,-1.44338810915786,0.165583421897671,-0.307462517137564,0.975234872707916,1.76744704890879,1.17365481151937,-1.40293149525627,0.0954979436916033,0.058150354689651,-0.155420379757788,1.24319158410013,0.578852005305575,-0.305134755814366,0.323894192618398,0.422718766965103,-0.735431055913257,-0.483898236424262,-0.292315858945788,-0.378890452884296,0.506337514706568,0.600103048534629,-0.486351362126555,-1.66117804921501,-0.365026166558858,71.1,0
48097.0,0.0183930445578677,0.642336634469315,1.7415225287772,1.17768474964047,0.239718878948883,0.851614896629403,0.442402853185565,0.0724054470230495,-0.309254751500744,0.0733927421027072,1.10688593945053,1.29599578783702,0.889697192528978,-0.37345739836826,-0.320088040633887,-0.681461149194466,-0.0387000009323563,-0.285155069546736,1.07636174625228,0.163342527862241,-0.222787175795782,-0.273893188429872,0.046315032822738,-0.308742982233105,-0.443222964204113,-0.55668961762768,-0.0472993953981679,-0.197328065860624,26.4,0
66624.0,-1.54516096064851,0.844568870372376,1.17311799947897,-0.386968027461937,-0.799719433664017,0.31493356266144,0.0575002318477922,0.699475510632281,-0.272748720230788,0.0039423253638708,1.01620158643298,-0.17181379603086,-1.32485729398862,0.751368115000392,1.42054026901854,0.111793743773311,0.174289387149216,0.230536808022452,1.24114026581528,0.096341681056116,-0.103184265500568,-0.19615746378397,0.130295316905735,-0.29533637178565,-0.0135867944002239,1.14757222660036,0.162803238954425,0.0899749813455313,88.36,0
154179.0,-0.714315911131801,1.92447193145441,-2.3313883796841,-0.736357846847116,1.86299430306699,-1.00113527791531,0.666442195474972,-2.64799821763739,-0.426215247371895,-1.27631712461346,1.38745503697612,0.132840625076999,-0.842164667211808,-2.24862937762932,-1.58009340673484,0.775966090747166,1.77094021347095,1.17116995734895,-0.885039629806097,-0.771088298382098,2.39714552432085,-0.402421397345947,0.0865528386717714,0.536364909347647,-0.343668212523334,0.404094624302322,0.0602733782402526,0.157346190216924,0.76,0
38993.0,1.0682497421418,-1.35768864924841,0.0672625904969972,-1.05843048162356,-0.58701090221588,1.12167191630358,-0.999291151624795,0.279125395914117,-0.58299336124231,0.64931929002802,0.0795235583301539,-0.355984330132936,0.670961921407452,-0.312874483677478,0.80055927960326,1.90434177489872,-0.546798151385878,-0.222826015578934,0.748142275019918,0.494841053420316,0.455854433890475,0.882536298484863,-0.456240695056693,-1.6420925267406,0.494354464899455,0.0504133209482626,0.0152973113740657,0.0259299513266435,189.0,0
148039.0,-0.192621848887739,0.709538017943524,0.438933367747262,1.04769788065396,0.356008476987273,0.0049568465526529,0.262692768382324,0.212260557522966,0.0585034595816443,-0.363477716133066,0.478980004685795,-0.499091461160547,-1.7020450150753,-0.719064133478448,0.217344769725168,0.587869246538802,0.355038562733873,1.33982867647676,0.702093990547987,-0.164208087436051,-0.0941545130912702,-0.271491699895861,0.207069352156964,-0.608783693480287,-1.49936564577155,-0.982680320787447,0.233420552762763,0.28876504539369,44.4,0
147818.0,1.88310458909152,-0.69243585359994,-0.539021134214792,0.158412229358904,-0.623262456813403,-0.170231123553564,-0.596918335814169,0.0053181751093144,1.49241137592357,-0.250876254275804,-1.06157540192978,0.448009428104586,0.265018602983334,-0.24436133039377,0.553841157464964,0.159816314139658,-0.526219913415191,0.194219318383191,-0.0911193807648703,-0.0319179454080068,0.207345742285782,0.670678037828072,0.0974761816874191,0.711147595527378,-0.156386211163417,0.0889442422139476,-0.0008766476676203,-0.0241669484841786,74.95,0
138108.0,0.323400171148781,0.229062539407819,-0.277181762713445,-2.01680922932455,0.417770807244035,-0.706088236835321,0.513074802292804,-0.346203172120908,-1.29501528150668,0.294623173866374,-0.895404236226522,-0.429569708268091,1.41692450974236,-0.419636435969011,-0.176912046709382,0.972481160382875,-0.189562402984681,-1.20303371045165,0.32223465003867,0.0785722478278897,0.497428833006508,1.38141754364192,-0.269038887090969,0.559952026977514,0.0783078092778446,-0.037475968053233,-0.122618299855802,-0.0122723575791461,15.0,0
164061.0,2.06636601900243,-1.26296332128172,-1.28855105178936,-1.21951452694383,-0.470770105044877,0.285643979864078,-0.673463908289327,0.0347503100363156,0.313988555771876,0.46045646657866,-0.305132934423667,1.11420565485506,0.362875251577163,-0.37658622583272,-2.22682842162767,-2.05450155115375,0.163436655908033,0.834763127113976,0.803651637226965,-0.443203567250389,-0.717746449501638,-1.36338735034206,0.269576337157544,0.116423311770702,-0.289046461049046,0.624574900745133,-0.0627858509471161,-0.062938649967648,59.7,0
259.0,1.09506741758645,-0.014392711873676,1.4085521053371,1.26654595497494,-0.944750548960972,0.0295778555402012,-0.598514656274624,0.175290620846689,0.485230980297051,-0.0592393079665236,1.23998859979243,1.70394442100088,0.789333517666953,-0.325086571570067,-0.633020578062678,0.174004832657164,-0.47489538415665,0.25910843466382,-0.0046935636643328,-0.0721128650647818,0.0131070803638065,0.248009414011709,-0.0025637252100311,0.570099686164159,0.387136518269248,-0.442319387400223,0.0745306108253938,0.0322146896005011,9.99,0
69314.0,-1.95577895354778,1.52052236188922,1.06950015961909,-0.24123764913298,-0.454600522568718,-0.472127800767438,1.23298747988565,-0.229068371106282,0.808731764175905,1.55929109831732,0.393532177713816,0.0857380856437511,0.0414111167210031,-0.520923763661794,1.24436134240811,-0.350524955791923,-0.220589546959742,-1.04660791794127,-0.583483017654264,0.574359125855242,-0.538236998265126,-0.426746015743097,0.187314804785982,0.374006973353868,-0.0473384676063826,0.0343847362426366,0.269587366491742,-0.235225762513957,94.46,0
121783.0,-0.657498338493746,-0.81037617749665,1.33172630854703,-3.07215041853854,-0.102629550761692,-0.24532117833795,-0.324588499821514,-0.189259323269458,-1.91496527791406,1.1710745159026,0.578641380159355,-0.421131968048399,0.496666490652438,-0.827653432063033,-1.41821503000452,-0.166214923375095,-0.232497347763434,0.543494772436817,-0.532551562408754,-0.378657556084963,-0.0671983618272078,0.307276159723017,-0.101465777758643,0.748179155726368,-0.207242355789931,-0.382074363094101,-0.309447160085432,-0.0090068959901708,5.2,0
142040.0,2.0065644920323,-0.0780411625417098,-2.11031749670938,0.297520122002907,0.552047978118142,-1.10079944636251,0.686726868309457,-0.385904043440904,0.185951043632849,0.160368450470568,0.504921648268438,0.748715991728545,-0.596228902828552,0.9175821955452,-0.840843275563733,-0.581973422910381,-0.445302023839709,0.0790870623397048,0.559581875508116,-0.196539711337978,0.18230360561924,0.624305945570888,-0.159396046299301,-0.293453490979434,0.545804302824828,-0.0710509517056715,-0.0667930177655768,-0.08174205448859,43.21,0
111108.0,2.1039865212983,0.0604504890131413,-1.43008743124848,0.324209020153171,0.38742281924605,-0.722014166672766,0.0501312851403856,-0.343432482536811,2.09279206423714,-0.4621673284779,-0.087521903656816,-2.43605455251175,1.50365002711007,1.94088814834997,0.210023971592925,-0.200995590771326,0.0936766204989793,0.507054876926256,-0.27956584310449,-0.276411097449159,0.0926942612737593,0.652320102870772,-0.0064321146769671,0.429441916143924,0.358568801581669,-0.474567863328523,-0.0250818252011532,-0.0566797581058794,1.0,0
31904.0,-1.78613158819144,-0.498018688962333,2.80785081297789,0.513738711299612,0.904726689948318,-0.286465045785367,-0.492285717270704,0.455010539834625,-0.227988327098302,-0.769797591547599,0.139945023371031,0.389416523860223,0.331832582360674,-0.109531255167352,1.39537533948244,0.047468622501308,-0.189187763591443,-0.565208253216716,-1.90681326445432,0.254682760365413,0.356869269947759,0.634069506067954,0.102030973284623,0.0738041688223466,0.218558148529839,-0.38666200990114,0.0622476449507148,0.106795186695887,45.0,0
79534.0,1.37329077085929,-1.42611917550744,0.0050006777574975,-1.44627522149548,-1.10737920230347,0.260056890262721,-1.01987024415611,0.0389705995373026,-1.63052353527226,1.43250290946626,-0.201511187684339,-0.440981092399889,0.239992951240148,-0.441426693397292,-1.19957252464718,-0.341163845998647,0.267310048651683,0.49268158489142,0.881713976052406,-0.14956660349734,-0.378200461730285,-0.769843382650088,-0.162598327517169,-0.860807367932938,0.498343701612872,-0.222000896317073,0.0187554288531533,0.0117921863498826,96.82,0
22322.0,-0.752257880436737,0.389442653908781,2.88842677048091,-1.62221466886359,-0.463103862875922,-0.510826211591372,0.342213236418892,-0.133593855980546,2.53758146153042,-2.08205284316309,1.06613141994442,-1.96166838777243,1.26078933421389,1.00117634032003,0.190675771749098,-0.841468761969173,0.735534768488257,-0.087069158795424,-0.718151370904254,-0.114594401783473,-0.0945485752158168,0.298239946071897,-0.269329014185774,0.556661413945058,0.318552961279323,-0.845290259243947,-0.0676844186439637,-0.149874765409549,11.85,0
36501.0,-1.9381796448062,-0.947773827693065,1.85996492117726,-1.37721316161569,-1.05694391109596,0.970832010149807,-1.01013412513538,0.978489428225337,-0.184579943719675,-0.310658281244852,0.456461982938292,-0.336174609526771,-1.78903981625183,-0.496071248182226,-1.8966605051642,0.546716455115872,1.11078641848951,-1.51427096337427,-0.0648842612086609,-0.5220979914848,0.33015412642092,1.20776555790095,0.0563850680594481,-0.241942381543844,0.181724596411095,-0.104879779131888,-0.0859429942506772,-0.0889934520895621,84.65,0
55607.0,-3.78274294915827,3.36136726697169,-2.47332644531507,-1.78660898956679,-1.30512967300807,0.13712401652848,-2.00956366119832,3.18983047480332,-0.627266321309777,-0.647386488424034,-0.840834909388984,1.89148916270018,1.63489384776128,1.80575085739114,-0.253024570850477,1.58831797630904,-0.162178460657888,0.223012209030435,-0.286539550430437,-0.16883749295953,0.121987164160709,-0.323884509158754,0.168490491943846,-1.65591126609885,0.302193480926373,0.891283900222556,-0.533677897694945,-0.137344111251311,1.46,0
147633.0,-0.0265426778690907,0.926629702271206,-0.773803195660918,-0.398808818085121,1.1334829458326,-0.468119949666238,0.688342258117866,-0.0113470360269924,0.463920141439318,-1.0019430037391,-1.21338863294434,-0.626563326340249,-0.645712884112298,-1.84305566158193,-0.670410797090768,0.260922811389128,1.00116478136572,0.436534604090093,-0.256200211221978,-0.0379796217976072,-0.0380984798970291,0.16258628493027,-0.233849578249723,0.176706037748949,-0.0317700569631089,0.570289216315176,0.115244613918865,0.0772386120106665,1.69,0
153326.0,-0.550289432040563,0.735744534973997,1.66375228290302,1.10353703067156,-0.319080670519763,-0.152060405985238,-0.0307532227478182,0.0793807699588811,-0.524991353949586,1.01939387575392,-1.18049662423579,-1.21257863951116,-0.664542318522864,-0.284084218340666,0.474886380850127,1.62477994581807,-0.922153969560626,-0.0726381604084696,-0.890439127456615,-0.107220988644091,0.0638133708919074,0.175174083498058,0.235126850352183,0.081502781774108,-1.87720439607253,1.88337921590693,-0.636097342360086,-0.292703115970624,9.46,0
134778.0,2.14036608421184,-1.81404673319824,-0.0082642875430121,-1.55140465842936,-1.96456559054046,0.0182271372581017,-1.88746780389836,0.164412129788668,-0.745228973461037,1.63688242501958,0.245280235887277,-0.268693824311232,0.22902580176379,-0.675721830727467,-0.55967530358285,0.204525851754996,-0.0200363407539393,0.916974316141846,0.0686068612204719,-0.353619369593622,-0.096099086269497,0.159665064358715,0.269087020624775,-0.373577249855327,-0.560387860949208,-0.247861592616762,0.0536685226949688,-0.0375283520429473,50.1,0
60511.0,-0.798719030249624,0.27080932104149,1.93428936810675,1.20103023138262,0.54655348307233,-0.664800449315464,0.0260515166316875,0.113289529400181,-0.55938166100772,-0.217158833048701,0.0973354930903907,0.409679639082541,0.503744708658702,0.171310635740567,1.42709392551994,-0.382413031826458,0.057867250085021,-0.524348196363663,-0.0995335787381742,0.189720976057595,0.0529052817497047,-0.0143013822126776,0.263638224767567,0.375444877586204,-0.720894703987939,-0.60634492858615,0.188078522973793,0.193764382586833,15.0,0
51672.0,-1.33182756170613,-0.126572978386111,1.86285832870501,1.69543756456619,0.0992785747762068,0.771984689997161,-1.17134975741806,1.04531809095106,-0.41394786877369,-0.233678799718529,1.30539760357713,1.08193633586946,0.104312272614384,0.429178636339206,1.1021389174642,-0.756881242948805,0.718127788789133,0.0813546428669468,0.981097758695394,0.248451771947397,0.33386936808121,0.727221029323115,0.0135778698813648,-0.270922946033778,-0.713659123056414,-0.209331247885844,0.161109447096831,-0.0562126489374714,6.51,0
154296.0,2.01244097843384,-0.176168871197777,-1.22370258261901,0.28037482916953,-0.161017823907709,-1.00774500249288,-0.0058716338269151,-0.140926164658533,0.584171934599092,0.213800909788362,0.881854473882147,0.278457419892382,-1.44528042450571,0.947235998019988,0.271286495066754,0.0002128239229285,-0.603437113673396,0.530630432029148,-0.0594647377004644,-0.334249607077927,0.305973087069346,0.955242278487528,0.0221123691225408,0.0173041090672361,0.149559185018432,-0.116612642460624,-0.0258916268636763,-0.0705185539158548,1.0,0
45219.0,-2.39237257814784,2.14588306270339,0.710303403385021,-1.90644213447333,-0.0521169825705259,-0.600461800246429,0.859421362311895,-0.311265828356624,1.66956288763194,2.69751391307791,2.04945493764568,0.79045106431132,-0.0662664146741571,-0.847061065394041,0.10506257872914,-0.0473126068028249,-0.838891683907868,-0.690480378101215,-1.08617346543264,1.12536254320741,-0.261159894044482,0.0008521318615052,0.0196622437402088,0.244428307634234,-0.0105501898633235,0.705765458933074,0.299825507957796,0.110621731838029,1.46,0
143473.0,-0.827661155842957,0.475403320256725,-1.03734651577455,-1.0890368970334,-0.48900292451927,-0.244839172115825,-0.656743325835556,0.916322422868843,-0.99273138087211,-0.320407769705173,-1.47353401549657,-1.69026245326774,-1.12797313077469,-0.70437221891697,0.632781448869821,1.54259993277173,1.68757708195038,-0.690911741519903,1.7713239076734,0.0538519015173748,-0.284611893791293,-1.16419968082141,0.1970681273928,-0.161400102664459,-0.658992611886584,-0.521359049639014,0.0305504618464125,-0.0797794004938201,69.99,0
138075.0,0.422471194980104,-0.32907944978179,-0.462128635205086,-2.96308008778186,0.139112700414175,-0.783745962145072,0.192079933878052,-1.11543545260422,-0.415773202554974,-0.50965264211974,-1.14873313464607,0.609414659062668,0.843343062348982,-0.0447835427300109,-1.11897034666898,-1.53282459196532,-0.382415675183925,0.221655649081707,-1.69930809636812,-0.703832020674647,0.210675925989593,-1.43388927021981,-0.0361789268189487,0.61087836048965,0.200339616390245,0.202367512851903,0.152713256585644,0.292379503406162,57.48,0
72876.0,-1.02291219294218,2.00539882687364,-0.248342268031479,0.749492157363045,0.0625165937537753,-0.949298627393137,0.748690529113216,0.0915358742371437,0.155261863872569,1.37727539523299,0.0477882832349415,0.37644241914369,0.142680538342216,0.325894086989953,0.920196852581921,-1.00145800817203,0.26804951163837,-0.756677511414892,-0.221037490888928,0.493038602284845,0.0568763672366445,0.730848289506513,0.15408602548101,0.404605234989588,-0.614274713058904,-0.414210378788426,0.587958667695279,0.192169406051873,0.65,0
48425.0,0.988221710104197,-0.295671282833752,-0.0832501710340724,0.206410603265909,-0.476985934155111,-1.25489195319865,0.547092070124529,-0.370703403872426,-0.118753831291857,-0.217275852115968,-0.110631818410615,0.388212918974274,0.262658814273412,0.419638748859896,0.848537788550545,0.128432169986279,-0.209130255409942,-1.00281023008047,0.226680526952198,0.268507252945348,-0.343549873169517,-1.4004253995488,0.0641678956176134,0.420107348548933,0.048122528837276,0.604057779589542,-0.130230430574281,0.0324032553142347,169.0,0
138150.0,2.08858415647253,-1.69149189852256,-1.59530380627466,-1.68569129231506,-0.759631799390148,-0.12865753249629,-0.790197438226191,-0.100672470153064,-1.54242054727829,1.6751698024045,0.130492951855452,-0.424898255769314,-0.0549328323340361,-0.0467953303687895,-1.18377192972535,-0.457423006266536,0.254085787900063,0.199776079902937,0.604272583750745,-0.189655797528249,-0.341850834057882,-0.817482737132017,0.193133918540351,0.141550658052615,-0.228937594507531,-0.392069829713402,-0.0377885656289689,-0.0427882023029863,131.89,0
72213.0,1.32413868142962,-1.08990093486648,0.142506620263976,-1.41610628104771,-1.20829686414766,-0.571951757776003,-0.674490390104079,-0.0731937101172388,-2.36434341854468,1.54802583911834,1.68131783083811,-0.126582920265272,-0.0271191871797851,0.223056343747375,-0.0619715554909965,-0.705261377811642,0.743562208222962,-0.545456298084117,-0.127835789924346,-0.267000078844845,-0.44050691230043,-1.09225396791028,0.204092881117446,0.143771485092764,0.0739161017744915,-0.533627434127976,0.0093571097468189,0.0172787090386154,72.55,0
139180.0,2.08079545834917,-1.14254912391651,-0.453453039377427,-0.950589121963531,-1.06969615952542,-0.0408002417085323,-1.25264278631291,0.109585010336183,-0.0375831838188422,0.890985732345132,0.85860585163063,0.196239604317013,0.265370916316447,-0.403689669427162,-0.409230199752245,1.43199744786506,-0.176080929511562,-0.425389038985831,0.611640851643745,0.0580391309240636,0.523283198297972,1.50941379330315,0.0764976677277443,0.824591809701374,-0.114150990841003,-0.0196068934106259,0.0070481560902414,-0.046067275816464,32.4,0
96682.0,1.87073624920567,0.303512168924523,-1.94327336639682,1.1150889122872,0.491024379949573,-1.2842972664325,0.408299734739515,-0.486455103737243,1.93835380867455,-1.51898667157406,0.891502676216492,-1.68053211264906,2.66486710834835,-0.889588387684843,-1.00845905333211,-0.0846148355179541,2.38833003053696,0.481062406732779,-0.404803728391231,-0.010275034338043,-0.261371654237831,-0.299722729277357,0.0042382970454664,-0.212332858876706,0.161065296117719,-0.34169360759475,-0.011396968276736,0.0022694261871223,81.58,0
72801.0,-0.654229964345032,1.19468599985007,1.44846607937604,-0.0818154560112112,-0.133110445491683,-0.904206956428862,0.71561666087344,-0.0581812909513896,-0.201777958657889,-0.0071748987053862,-0.383876087684352,-0.0566738163424342,0.009233521410132,0.0754248571177529,0.867862987454757,0.182999739326514,-0.403688226051088,-0.362863822540879,-0.0136738419618993,0.220921037065426,-0.26051958207375,-0.617574773977143,0.0082355654128637,0.355973885201903,-0.137985017836234,0.0769763956203724,0.375560905176856,0.178833676899667,8.91,0
146680.0,1.53659279826686,-2.00992572797528,-1.27777869442935,-0.705358256750516,-0.815711478885719,0.144346051470151,-0.39673179987614,-0.136934868810851,0.0473439384832118,0.454935897465528,-1.42195324171749,-0.146952157282851,1.01923670988877,-0.640428826369162,-0.402476154224487,1.17359199733284,0.0553922289440331,-1.59688001487418,1.08900253407728,0.766997365685258,-0.0448337341812272,-0.850472590831953,0.0496641832266389,0.0328119102887074,-0.467306575476223,-0.602534653337354,-0.0590138677247831,0.0195079546753813,364.12,0
34522.0,1.33421911918444,-0.714001162147155,1.15097015387581,-0.561641411943868,-1.34850293801014,-0.0118507847377413,-1.18490808965481,0.102536886103678,-0.223988366092439,0.444195849851327,-0.199737263520665,0.0581859340653056,1.04270495719695,-0.85239029071442,0.518826720393287,0.851116756797419,0.542874999883517,-1.5784405373893,0.0986702699965299,0.0746463620703794,0.338553326762383,1.15066761023931,-0.0745301547540223,0.161063962746965,0.415757733701077,-0.0188074438365359,0.0736770026009758,0.0222887528390943,0.0,0
131517.0,-0.818209386878523,1.30412941930975,-0.664209646490558,-0.46925663360762,1.24798354300807,-0.503290952270471,0.751847403652771,0.183016484415467,-0.604120803141916,-1.32566592700723,-1.18367292890289,-0.0198418804836745,1.05394503224327,-0.738022931494305,0.775186355166824,0.292916579345187,0.331240791813183,0.930477772791963,0.286293558702012,-0.0319126842026527,0.288580534109876,0.743092469800164,-0.411637190733229,0.0008943888006689,0.394216593262693,-0.036788788294377,-0.1154093974163,0.0920609852516723,13.28,0
113346.0,1.82655360381536,0.0906425339796587,0.243830663516685,3.90690156935382,-0.143234361035554,0.908784350655606,-0.577031647169166,0.229840013432204,0.0833300200063563,1.19320633712195,-2.20745517850955,0.0165900299362625,0.332594381716255,-0.651027349686929,-1.5758216560515,1.04421981336946,-0.825065792134214,-0.335442796956119,-1.00502781403717,-0.205729056812193,-0.267829105061185,-0.612598824338293,0.278442521027119,-0.713179429593606,-0.384836872543397,-0.266499362908429,0.0266404860810331,-0.0265954032104891,34.29,0
47107.0,1.29646018694348,-1.05678855695261,-1.34715650816015,-1.55978364521747,1.43532046441026,3.39896079455859,-0.918617854033113,0.765676782259629,-0.657086294877026,0.529983623635948,-0.382655306224104,-0.532550477946136,-0.0177726015989836,-0.251402522685948,-0.369378416688513,0.807042804280434,0.222196477483907,-1.29252771199068,1.28204410271994,0.338181260106019,0.0504588429759259,-0.0886194358314,-0.214043874950703,1.05136484528152,0.815652792256715,-0.139520482395738,-0.0076694184599478,0.0164256461124564,94.43,0
162673.0,1.02272921774395,-2.10272479515169,-0.917377963595013,0.45459287708624,-1.15659240753793,-0.00107502603566,-0.088420828230001,-0.0365064088247068,1.22201300540205,-0.269650853128172,0.467726120100953,1.08452413237662,0.184178331694395,0.0684101758865574,-0.113488496902273,0.446926521461323,-0.807661326962961,0.816060087545571,0.126503115822162,0.81503387610458,0.508310427414141,0.572017257218571,-0.349121768715016,-0.266516663283552,-0.337652757730244,0.0730289359353873,-0.0808463769146097,0.0304088283911068,500.0,0
34679.0,-1.16918629340781,1.09979610857155,1.16438278047959,-1.49913278706092,-0.216140462955867,-0.963443224167373,0.548250570557711,0.106427438568542,0.300789621910733,0.252591187982573,0.979855006069681,-0.241023674301557,-1.79925511621775,0.412382942909901,-0.0982347053104913,0.669955475110344,-0.798368768609875,0.235559755012641,-0.406752183261367,0.165700903508925,-0.0627055647107724,-0.163820707438154,-0.0784115670193141,0.318513722208284,-0.281763062471763,0.747431504379897,0.309838799206632,0.289274335452428,0.77,0
152257.0,-0.308678150354375,0.994101160759591,-0.105269841016436,-0.523689871561453,-0.0586259510488762,-1.20914506212383,0.579408310000324,0.299041110031897,0.0023064727054582,-0.597965225821431,-1.31174633082416,-0.465597400149259,-1.3669145987577,0.715767127062913,-0.284761856743073,0.0949529027226417,-0.155193694411314,-0.533922913910001,-0.0840745013609344,-0.224452376330787,-0.229797740459737,-0.699136991919784,0.160579269011683,-0.0017606148350978,-0.511902323752861,0.144777068221384,0.109942537157522,0.0320047026489629,10.99,0
91157.0,1.92354412121878,-0.498101801268938,-0.257179404891857,0.52605353240906,-0.568010281058385,0.203198932302572,-0.971361969122068,0.215340866463143,2.73058156336579,-0.336531627693563,1.43058821772839,-2.23183271567497,0.016353989488276,1.75861234927703,-0.690806401831852,0.280001042233579,0.121324797504173,1.10874756046865,-0.207808486664927,-0.327079602695353,0.0808558198943575,0.577370947242874,0.179954764375652,0.622267886261545,-0.208268052062925,-0.296911295246423,-0.0024031454567855,-0.048796554778857,14.95,0
11826.0,-1.87408627656997,-0.0695371895946956,1.39592851270972,-0.369360541254955,-0.269721140898112,-1.51991020982972,-0.0695722332199966,0.318399769317877,1.77865809959692,-1.26571818994918,0.143524785500596,-2.49475275944545,0.427487890814463,1.52789871228286,-1.69992031537456,-0.15125336172448,0.98887757135439,-0.353283906926027,-0.59404950511344,-0.372646527565198,-0.180695080373635,0.0341507919803824,0.747460741977924,0.897337246899952,-0.0834256536081592,0.854282646049742,0.109358079104066,0.0190829919065315,19.6,0
165291.0,-0.758977310993611,1.53495630645587,-0.129519272780062,-0.729361438020949,0.262800226096794,-1.06698243375159,0.880204424007939,-0.0486623956297161,0.215243419013243,0.263735255832141,-0.694857581305696,0.826893450370472,1.13418037583391,-0.167763606567771,-0.449310942359313,-0.220848679456656,-0.373391771356228,-1.00106290490516,-0.222201790351829,0.230742926145951,-0.291948621073854,-0.487768214235452,0.103632276869411,0.0001477337879168,-0.380021151132652,0.109658200978273,0.0410909328138429,-0.0671972835254555,1.98,0
169502.0,2.085233363671,-1.11782545041571,-0.484245025609942,-1.40342159177362,-1.19180522216944,-0.47033073815887,-1.01588289526007,-0.0168872879980992,0.0164809722935065,0.681732026113656,0.629851288092259,0.867998601183868,0.693749108601174,-0.0464181431917496,0.217665020030539,-0.821726527455796,-0.63967326919304,1.5521172826527,-0.185694365260813,-0.481047116931805,-0.496974877901398,-0.940808496714978,0.429906138050587,-0.354112154374467,-0.792649977720834,0.528277724024424,-0.0358011340508001,-0.0516234745814615,31.72,0
121293.0,-0.815019870372434,-0.0515716142258102,1.20378121359449,1.05822443777247,0.770916893927232,0.897237290243622,0.404271707924214,0.371076560626997,-0.12497202020773,-0.430960091121247,-0.0507049504204808,0.735690259035791,-0.339782843068493,-0.054488001659191,-1.49652426372757,-0.603045373343156,-0.0415705258182059,0.0606109390983524,1.61962740251556,0.358964613333531,-0.314786912134234,-1.05858075877717,0.374887927614448,0.202329480100876,-0.353568891706099,-0.968201166092101,0.153186187484446,0.180594524177348,116.3,0
155745.0,0.299700435131659,0.692746976149031,-0.433485474468641,-0.561264801388462,1.19339674786473,-0.359977950535334,0.894969704362705,-0.208448900322357,-0.13127507664565,-0.510176112260016,-1.46163216668564,0.0411588157478884,0.876306843454615,0.191720168544807,0.582465936149452,-0.137547560729972,-0.812261968430843,0.379770633402964,0.300381681627666,-0.0209940531446793,0.336344586376333,1.06633255355319,-0.227480603662,0.0883333645038795,-0.242219659416582,-0.149640281067311,0.125290521027843,0.106112904235317,9.4,0
146521.0,-1.0346419451791,1.2538504486222,-0.459017764592686,-0.797250524972487,0.509624125903238,-0.495483180178079,0.692453416617972,-0.033140244802097,0.75013134003682,0.197422132579048,-1.08981106462829,0.518265292279985,0.688254319609362,-0.145699384394135,-0.166105882037605,-0.310356672738399,-0.576344075517152,-0.232533907171055,-0.27299097921744,-0.055496959020864,0.141050901546927,0.685753048623859,0.175805477692819,0.615089749773506,-1.01503634990652,-0.640075149948885,-0.202750779755183,0.181389629907402,13.49,0
54879.0,1.35157630009503,0.0479973823844837,-0.598281829670553,0.007942943724644,0.287480420798464,-0.46054534510036,0.237288602637417,-0.189534017296515,0.22063204304472,-0.0910233292535269,-1.6736577937176,-0.709693898450543,-0.582157417164207,0.497362670062878,1.05295236593189,0.425814327745214,-0.700598651332822,0.0322160267165086,0.54725478248957,-0.0593926471157066,-0.154683635505865,-0.497198359571168,-0.23367058199818,-0.975737514445121,0.671267911291178,0.687382476992826,-0.0813792928512722,-0.0099309471941391,27.83,0
86357.0,-0.697105886490812,1.05666897875034,0.748422622712824,0.0186614599068882,-0.292817272225792,-0.892158662290853,0.623220395475121,0.351961392804319,-0.987491633953691,-0.491307997562745,1.06006201992956,0.323111917371255,-0.976259973220703,1.04148475797617,-0.149514362411382,0.180393634835392,-0.250482271971909,0.293426351316965,0.251698556950053,-0.147560450932096,0.18867459026795,0.280594946651661,0.0265398287842925,0.53793223288696,-0.377203987531432,0.228273924088825,-0.053331324768494,0.07815630303984,42.81,0
57627.0,-3.70887344929387,3.05763792152317,-1.62781218844187,-2.71011237211475,1.56852701081953,4.75891475798373,-3.17866544676573,-7.32211965614888,0.376123986938865,0.0330665242617244,-0.500785578000229,0.587814142612563,-0.314352897560301,0.787338619365053,0.355926738478937,0.950698977457949,-0.254820825345125,0.212686682068417,-0.453083287567674,-1.77207400048043,8.35564286546959,-3.28293291348042,1.20181952977413,0.883361114296961,0.102699558813647,0.837168961082579,0.374018774383856,0.19020372710835,2.61,0
38171.0,-0.741922284490266,1.22891151064001,0.818875443191174,-0.237128568344004,0.20544726464522,0.0121972808593013,0.282624428573547,0.542495162526759,-0.535630368771373,-0.587758458515588,-1.0489778722877,0.0007574707673539,0.376910201289522,0.405287731008067,1.10514164244683,0.266197600254516,-0.260569110083016,-0.506743155613962,-0.0356925877674321,0.0043762444946969,-0.208321193681676,-0.632925014627291,-0.0290201437186339,-0.783130174135872,-0.123085750746205,0.1547107861167,0.154336535003097,0.0475317291305629,9.21,0
130478.0,-0.990623639574759,-0.143796995451822,-0.339967780088472,-1.37613859743964,0.171538429381206,-1.1048738773914,2.47861472147715,-0.624102142600173,-2.36806118958913,-0.213831673797982,-1.15284783488422,-0.862643889427392,-0.300952903088335,0.664755304069749,-0.583378729667046,-2.31969433122174,0.228793988668234,0.802211370692474,-0.824999361188027,0.117870895143768,0.0723211621150597,0.197194713053706,-0.0502179069099523,0.0251814466591223,1.40387446002242,1.13591037226385,-0.195793975547444,0.0296226062249889,282.55,0
158021.0,-0.702790428181329,0.720406636512539,0.9342701622712,-1.14531501058955,0.818452719276262,-0.946817662562218,1.1817011012598,-0.273955036034273,-0.144021027767585,-0.201863325800114,0.766480234566862,0.345900909890859,-0.888688645175973,0.209018387790344,-1.2726555744136,0.171937737654069,-0.859793134888601,-0.273147939101213,-0.251707212339735,-0.0685826156312848,-0.25784613905826,-0.538555366533331,-0.153338765103057,0.0576671923723828,-0.302110249263983,0.0421762436224188,0.0132382102031736,-0.0540165180394867,8.7,0
14439.0,-0.409597964282656,0.58966180723549,2.06264617380185,-0.407604432735003,-0.305347472410893,-0.0336833787244671,0.0433713583031526,0.17717293865143,0.93923057517324,-0.83658381544938,2.49255176936339,-2.12436345811035,1.05585412015161,1.71013107110246,-0.0426295825413057,0.250544972197496,0.444867224775493,0.373570057076533,-0.380408442653999,-0.0803320667432085,0.0996592849683328,0.485864989216875,-0.0925515291242054,0.219470492943845,-0.398984022194419,0.991944280420389,-0.0292591668152049,0.0323642005806414,15.95,0
64270.0,1.20365373577768,0.120749853470921,0.595486283607391,0.564089732553947,-0.628486735041547,-0.813983579660498,-0.119115564604979,-0.0032451246086422,-0.0469175868527392,0.138456354756502,1.46102772077089,0.48735516848685,-1.00516539666007,0.686715185204319,0.447967052129468,0.495778719465151,-0.530931355227429,0.0333763322585709,0.101931429705215,-0.167303388121114,-0.206583685779905,-0.692136406892283,0.164401438604128,0.497467331361848,0.119778113817337,0.0685709473634014,-0.0402977638988195,0.0081974269254134,0.99,0
130836.0,0.927604866947252,-1.93083084095416,-1.37402746312505,1.3107474322131,-0.271622744578743,0.983132351449383,0.128946255243837,0.0592757178638977,0.535827893564906,0.110003425944769,-0.0411578039799984,0.940603812635021,1.01364936751747,0.112365702366028,0.189487842479612,1.02378961931842,-1.45966091036078,1.24054166141295,-0.25609685322557,0.996933579341255,0.546780812588178,0.43680737838693,-0.461997448043913,-0.267746458188015,-0.143906086146691,-0.61317175229178,-0.0534028044059137,0.0547048750206009,560.5,0
67461.0,1.13412642696936,-0.14011393368254,1.23568059070582,0.805721769274819,-0.812373273730056,0.193163252756365,-0.627780549780267,0.151377597591494,0.767158859659286,-0.316442128122633,-0.331429597348331,1.08648240916284,1.07891676248395,-0.587860631532898,0.336493236656682,-0.178681976997741,0.0438510828137157,-0.813493407061383,-0.406766275108433,-0.0594660782164451,-0.050482259515341,0.129086427048743,0.0462365643101387,0.151628477226959,0.216370521605723,0.342287706089266,0.039770954835357,0.0266361862960719,11.5,0
22003.0,1.23892694786037,-0.257423931956721,0.286501597655035,-1.02044208505551,-0.294118158670787,0.0705182051138383,-0.565568044825257,0.142224446413574,2.59403835668103,-1.20147745734722,1.8011011576619,-1.97219094586754,0.55609969478025,2.08893467507548,0.869352842126502,-0.128392124149878,0.20658352344951,0.776297217404652,0.53965213929404,-0.211338964018655,-0.259363685057471,-0.465736629664469,-0.019898780092612,-0.923393207236634,0.369409766218817,-0.847144577040089,0.0454659584118449,0.0037691889352893,9.85,0
122275.0,-0.180130253170642,0.73977530564724,0.0788054947475696,-0.57212132504129,0.0465327735354648,-0.891605422632725,1.33999114899769,-0.274846797798809,0.0743026093467212,-0.354569327956032,-1.04264368851787,-0.158409427545463,-0.422735748669854,0.157775454651759,-0.324336829687951,-0.0283487290606161,-0.426576529524,-0.664979273387034,-0.0607822839533381,-0.0688447272117068,-0.260045688282107,-0.615317859609106,0.183675255930814,-0.0435288944609235,-0.483175922585059,0.134008846901071,0.148478371367057,0.0688992573799572,92.96,0
120189.0,1.90339443978094,-0.266596938103015,-3.13516675357344,0.303344412722781,2.87622483556695,3.32324023487069,0.0883076316964355,0.657080249525371,0.0377926934190105,0.253099176589098,-0.253926133542189,0.328368846777515,-0.393167398958832,0.736508615949327,-0.139865622114327,-0.745034173736231,-0.26882042573142,-0.681724530097566,-0.296193548854802,-0.0883925255523588,0.0799526895308584,0.192201873616955,-0.0245690327591985,0.710589498681333,0.487843228769695,-0.478471310833864,-0.0103662966171168,-0.0571268539750901,71.19,0
78380.0,-1.07917805019627,0.706540531866586,0.912911191809821,0.726412073782378,-0.426004013783887,-1.27941480851502,0.171155840991928,0.298148243925759,-0.4962920314262,-0.5934677244229,-0.282496650167474,-0.542519263382534,-1.11992963549542,0.267825273578896,1.31982240896705,0.209882051681809,0.592913713786385,0.0715620646226299,0.483319758391218,-0.079537623690454,-0.0733169318908312,-0.55852106330961,0.157749775780907,0.646357970580064,-0.812056660456243,0.0573207441085759,-0.118604788220532,0.0857492152057181,44.99,0
40738.0,1.58210073987126,-1.19767766848277,-1.1474165961909,-2.50429732307251,0.984771817919677,3.2340345591725,-1.49219618145839,0.747692272062732,-1.9844875776055,1.50153562172476,-0.242807330268215,-1.02715225075825,0.498296493743138,-0.176644241913566,0.749327151888366,-0.077728882962753,0.0062051172974092,0.396657093045769,0.128686511743858,-0.208869751442795,-0.269320764933634,-0.522610489931649,0.001929819220473,0.981586296128377,0.549879390876014,-0.190892582381334,0.0332774887110531,0.0137032478393145,10.0,0
151600.0,-0.510685155827312,0.560831309544885,-1.52864157747374,-2.64087338842136,1.14629855072108,-1.72218207248873,1.32709413282416,-0.414707271263995,0.538109701400554,-1.1905425810358,-0.913646205421501,0.41393793743224,0.207813777126752,0.722509810217948,0.414982092176243,-1.04751269161392,-0.314217441659547,-0.223220614282223,0.699393385699667,-0.269148978154933,0.270496792174973,0.893834275285468,-0.286744775518182,0.662870810552955,-0.606116955216204,-0.367067935500966,-0.284448933267466,-0.116413401790952,21.94,0
68913.0,-1.48760610601345,0.51846771927924,2.68566356683576,1.61822697612656,0.926822667315856,-0.875400391379124,0.665810902335631,-0.289885543789524,-1.18836168852948,0.24938482274959,-0.135477148717668,0.332346335138851,1.17280638946393,-0.440396520004249,0.0210778415125146,0.771431300150422,-0.970712963722091,-0.424121705062084,-1.60947675998103,-0.0060339495380467,-0.0536211055669266,-0.137639152074363,-0.233604933281697,0.726118972500133,0.277692245141466,-0.270495069016476,-0.229056369215902,-0.0983843047149831,38.79,0
79997.0,-0.0212974463098516,0.0625660824227033,0.304670945946928,-1.68530939323277,-0.279816536119152,0.531928320320084,-1.24244444736682,-2.62390136313513,-1.43188610380271,-0.354947815381892,0.0928464160493387,0.421457373894188,0.572774941791657,0.0826683540022586,-1.40438241948902,1.68218381931968,-0.34313582475442,-0.916793486863362,0.549860590314161,0.818305814774294,-1.2227643649036,0.352972572395948,-0.247166324653394,-0.815849416311771,0.944979923818884,-0.320899494566238,0.0621143108234005,0.226035924333221,51.91,0
160760.0,-1.84078926340126,-0.819185048363261,0.847214596543464,-1.08116950826827,2.91515619608772,-0.987728845737217,-7.61867166309271e-05,0.173757571291529,-0.565108998635794,-0.770910218633382,-0.502494566414104,0.315023114110037,0.0287784941071112,0.332713270600103,-1.08462196175669,0.618765901844069,-1.21232854825526,0.219821733309112,0.422654775774976,0.348396698920149,-0.191692574310168,-1.11649794517044,-0.1908356827495,-1.39549396394953,0.793884521709213,0.302558342254837,-0.1275812032251,0.0454737478325858,0.89,0
44314.0,1.13205491537609,-0.996445499845633,0.894827069506494,-0.795648413142714,-1.14641088002444,0.556059520508198,-1.21397723042816,0.351771668947702,-0.658131411648294,0.664051494211005,1.81670714563206,0.180310827039834,0.103804990722636,-0.162841586369232,0.938071398813973,1.09663987272191,0.375320089198701,-1.24094401194234,-0.22952677748564,0.149858836871673,0.523305167912466,1.36271502074064,-0.104192231369442,-0.230618435657438,0.225119923235828,-0.0137357506644575,0.0552992119359079,0.0188831027873908,69.99,0
134170.0,0.0784781627276089,0.778306458948637,-0.154290271734976,-0.814474783453591,0.916130500106961,-0.535888763178879,1.00200530097432,-0.141659754809442,0.0247790494179594,-0.41534612793691,-1.85578468574714,-0.202354274256378,0.200790544477138,0.0512426637183942,-0.326041210794089,0.210913685647061,-0.786971250040229,-0.405153490736982,0.305652447434026,0.0254035446710057,-0.320335655686755,-0.764968641589277,-0.0294578342956313,-1.0117326818841,-0.344867675424274,0.202426749838551,0.241250591267759,0.0882583094433737,13.0,0
42737.0,-2.08728184044419,0.381160741072619,1.67680989209969,-2.23553834407976,-1.85610138502972,1.29600393344809,-2.1030391497185,-4.98100908656917,-0.714786837367929,-1.75171725494348,-1.50267656869574,-0.27317336831941,-1.88285911288967,0.18497394044648,-1.33433270725901,-0.83483786666902,0.456682828437021,0.381094640397888,-2.44462988825086,0.38490141528224,-3.12954503377146,-0.347252025979599,-0.260352284695489,0.0796715301305451,-0.306956870105402,1.04507751829958,0.0691731805565883,0.0519578320004672,213.05,0
169312.0,1.00424591086786,-2.24190962706533,-1.74912242933526,1.03053601316642,-0.740112740959379,-0.0322159599323002,0.471579562752308,-0.265143883759432,-0.812181692595069,0.881368407423846,0.170704093027063,0.928447617897679,0.510529865261328,0.296985183663364,-1.38106462130017,-1.71019626237846,-0.266446708921007,1.43137199924302,-0.740153414296126,0.476210425948554,-0.0266153999195368,-0.627779605465099,-0.360845759573727,-0.412939287715575,-0.0733780627608329,-0.667032169019413,-0.0650995280220696,0.0387405762795185,565.42,0
116082.0,0.153461352186711,0.193770705155414,-0.407097148257545,-1.89108780710034,0.0872398517199817,0.411448074264125,-0.25807230408445,0.502983860273913,-1.381175145321,0.132843113383316,-0.0856569805913913,0.296632637350678,1.26544484044943,-0.0846059569716835,-0.937498419578521,1.51644733972125,-0.281004742907304,-0.922086561360323,1.77533722318349,0.113517425347494,-0.124853443295628,-0.60568831857741,0.314977928835554,-0.387416592732297,-0.950827847079308,-0.717619736880578,-0.0200690320296011,0.0143803093083198,34.95,0
39537.0,-1.77711375444464,-0.873802938686712,2.30190922527788,1.55317569222179,1.77030699838874,-1.1448031681116,-0.27190509385602,-0.244616837405723,0.351786749625478,0.341006987323888,-0.491101335032485,-0.992989345504006,-2.43637789604708,0.0441875918721935,0.536312427668209,-1.2518820031282,0.612367291316183,-0.653739269257407,0.514390854190538,-0.302249898634695,-0.225110652829532,-0.0737666823390045,-0.605680600858949,0.405864910402254,0.25882084354318,-0.243037005395085,-0.131169140711844,-0.473076531278596,5.49,0
153143.0,1.98853728828514,-0.145743314997133,-2.06567220509331,0.272088264238621,0.46464585146777,-0.62315853157834,0.133990575494532,-0.192048945785849,1.14162269409782,-0.856053940835788,-1.42818422256528,-0.188149649650082,-0.288073881329381,-1.42564014825147,0.0342965482108256,0.245835580384597,0.777515817596246,0.313978071743614,0.432995892763476,-0.0779946780271981,-0.282755595845858,-0.663935292984326,0.0234752223795439,-1.18505071789323,0.0309273519210248,-0.0247832091439645,-0.016467298969723,-0.0243610176903656,60.0,0
128681.0,1.91029912587883,0.68304622736092,-1.03263195008557,3.74365110733676,0.74536309225198,-0.205004897853947,0.533400004734005,-0.14171457630484,-1.43774735302073,1.62891953071616,0.555959755723443,0.631979841931966,-0.102611354102499,0.573004210682172,-2.05819143720893,0.41317937335692,-0.679130864898371,-0.44937784563374,-1.09083477228949,-0.316711876684045,0.0408326777049401,0.208781231650048,0.103745153400031,0.0027859796028635,0.173663446364782,0.0006599788172654,-0.0601797752045452,-0.0706064210705446,0.0,0
73585.0,-1.72858285570056,1.46657103888497,1.90537208578941,2.82980769386434,-1.16930505248941,1.16192499157167,-0.957211297419169,1.4889755297194,-1.01377069407929,0.648177974934026,0.583747069924145,-0.0444547960375082,-1.21983904956584,0.735677167307823,0.599004877941117,0.241661651539007,0.521939901667745,0.728695637042519,0.652743384305388,0.142238022745881,0.243786877297264,0.646472619872493,-0.1540690494837,0.0157389882834993,0.101902534153986,0.432680438288999,0.248636580662267,0.0405369587240648,42.47,0
30887.0,-0.528488335053541,0.831272322914717,1.30358205892744,0.84668581567903,0.0809564181150353,-0.68303217208943,0.602565702622673,0.0713597680730661,-0.668951109845058,0.170558585253868,1.2095536325039,0.1540192518826,-1.01198078100098,0.712338414907637,0.412079723858889,-0.154019400908672,-0.312611675534436,0.658023407875709,0.614051003974764,0.175534143378501,0.191255850971154,0.552250730203934,-0.0518436167048509,0.521496974502415,-0.265912133408422,-0.345092604146346,0.393839677748507,0.220761158865753,28.87,0
163179.0,2.05495408805505,-0.0787258251871362,-1.07173025499611,0.411279966044832,-0.139320205802365,-1.13682418448272,0.147780429637327,-0.291226462506551,0.587269560640341,0.074376635014924,-0.743776585835807,0.292888140942806,-0.251520787706421,0.342871362285193,0.121452087525407,-0.149293216600408,-0.213915557322121,-0.920534507683033,0.0766252413428276,-0.252479989697403,-0.287514715993736,-0.700495972452296,0.351475807697587,-0.0217951606735401,-0.323654480942002,0.202202030155485,-0.0694247451115546,-0.061323110299964,0.89,0
127034.0,0.879824215318352,-2.98719404453373,-1.21449110794412,-0.196479848750213,-1.68429765359492,-0.509926093343835,0.0846982656771986,-0.349710006877607,-0.0094848458697465,0.317619383942081,-0.871012986212198,0.0763362243320717,0.891822218692908,-0.507414516271967,-0.445304359172581,1.01431869309173,0.311104167038314,-1.75854657276726,0.750688258628397,1.34988512315708,0.189368199304306,-0.852274883096763,-0.18669261486073,-0.0937218762389575,-0.683184658963553,-0.63880743177792,-0.112688294953788,0.0728840445468934,676.78,0
79738.0,1.09403924689606,0.124670386962276,0.127542440124981,1.04172621197992,-0.154202287000797,-0.425188279114936,0.144264317716875,0.061975549042332,-0.185864827510556,0.176602505181361,1.46473029945064,0.244527214829817,-1.68223160157884,1.0193775556195,0.482426737157896,-0.162576563496374,-0.168557736791792,-0.134289344321721,-0.427890077997299,-0.210519634987627,0.0648128542926561,0.0846719878371533,-0.0614972639980394,0.180396760908834,0.535318639930306,-0.356392362730513,0.0006501058018381,0.0073689205210696,35.47,0
167122.0,1.80990028896862,-0.476671395440416,-1.2981198368682,0.99484935195002,-0.360522920658651,-0.703513618078929,-0.137117962912319,-0.127184340528437,1.60626270597335,-0.795816720817297,-1.1018081312108,0.180198873709809,-0.764389626617164,-1.44018850693137,-0.948345731389345,-0.544939561401876,1.17625649348829,0.303621210524441,-0.0230091311391979,-0.0974412554557592,0.223838655401964,0.942424100398496,-0.187337099791564,-0.0410942815134136,0.356323104725307,0.0675685816450964,0.0211993309910752,-0.0161682264017577,93.51,0
171170.0,-1.16230336121616,-0.219120019446843,1.53285582285268,-3.74141580059028,-0.0149881993855824,-1.23718068348542,0.823602641691472,-0.157202540494093,1.42303744812497,-2.69681011139845,-0.779326410028129,0.91115733893057,0.888020749030107,-0.287286755734442,0.773203751117694,-0.207080725416045,-0.93136614939198,0.483685435432844,-0.419632333184671,0.146949069491509,0.314702467434576,0.808418733799762,-0.355323430560945,-0.0727346590017967,1.09182763918404,-0.801640518373648,0.0318395491285258,0.0663234678750967,95.03,0
79734.0,1.17409445351741,0.160687320069266,0.507702320912448,0.453562358319264,-0.222592234958369,-0.193494668524207,-0.109162409298379,0.0722518853925568,-0.239382712364341,0.0548449113414266,1.72618734754046,1.2167115730486,0.35044113033169,0.436401255358439,0.56817500463936,0.200784744616614,-0.404027081900865,-0.512356863761396,-0.188075683604007,-0.104562865059071,-0.176521055806444,-0.506572828932355,0.151481747410305,0.0164960433953031,0.11941833349169,0.106464097156732,-0.0155176437714343,0.0057430998067128,1.98,0
78870.0,1.3175899165475,0.185244164273462,-0.0949572376670138,0.239380349327538,0.411089255931124,0.283560471170143,-0.0302318422306395,0.008862846591688,0.100032567675281,-0.114598715372349,-1.20407952242144,0.12363942739024,0.786416254755023,0.134494870334398,1.35895701164076,0.406728117077501,-0.667394989018291,-0.565162507724489,0.0486846589612442,-0.065742677462064,-0.319527513122492,-0.867054531446547,-0.0091300268069223,-1.32684241875364,0.340025624902265,0.210336588486831,-0.0126270598331758,0.0017896187013165,0.89,0
35791.0,1.09178905788187,-0.0156252365707894,0.458926331958435,1.35129381325801,-0.385901762967629,-0.0195702413039792,-0.165639061293665,0.238438185381966,0.339849165114753,0.103174693718977,0.979633352133491,0.149549921120013,-2.38609448467165,0.701302766003051,-0.573971794475261,-0.484763715420017,0.208940867384207,-0.285491659451723,-0.142638512691097,-0.307616924047879,-0.0568668457316595,-0.0853547338484835,-0.0301447370388951,0.186824955998857,0.531038746658252,-0.336488757667382,0.0209716141081395,0.0046158186344528,15.75,0
137159.0,-0.285862148885653,0.807529648835032,0.409655221774784,-0.827331772272493,0.41690993898511,-0.883240257793608,1.13971541230179,-0.356573785216417,0.711581940668072,0.865756942224333,0.694157977229926,-0.516380430235624,-2.42153080833758,0.209895150900915,-0.767943120955443,-0.0229343864569535,-0.720816049914023,-0.091542949390989,0.134105761628922,0.215714596671547,-0.394874130150362,-0.620678081249445,0.0372092036907015,0.00153829025524,-0.559031888015332,0.0752304341972418,0.115486973907714,-0.236884578633362,8.07,0
80959.0,-1.82494590606865,0.445009959608384,0.372140157402789,-3.53808954489941,-0.605736166457855,-1.94668752983322,0.251615338427199,0.453831533394266,1.84694212567554,-2.32734492797715,-0.967949079139453,0.380692888084839,-1.47423580321219,0.597513978312009,0.126462662261362,-0.519920099589609,-0.147704108421806,-0.102033130968563,-0.229216900649656,-0.338736399565799,-0.0718642314942735,-0.2737662213415,-0.204770038809513,0.357954825439682,0.250512968824739,-1.28095657820935,-0.332653052752178,-0.173683002075039,6.05,0
122873.0,-1.32879439280805,-0.509434506012195,-0.629507544602319,-1.44806580318863,2.60637091889351,3.69805933757511,-0.6308376211204,1.21471692149544,0.503914549059234,-0.410479231022906,-0.525128336487827,0.042820703210337,-0.102044138624256,-0.0961743862668714,0.304060501164517,0.235486132723046,-0.647072601716831,0.0596859030911862,-0.437980775571376,-0.437089191539578,0.23489123561955,1.09467032638901,0.568438886697067,0.764372916954407,-0.739986142107212,0.478280397098905,-0.178159738819264,-0.146278717194677,18.44,0
69964.0,1.28099170203914,0.0424165798045369,-0.204732118755632,-0.255800830281503,-0.161406139272777,-0.933740871517737,0.229550453786305,-0.140329703971729,-0.146280420867637,0.0114895638367381,1.09461630407635,0.328641394061054,-1.00886306690511,0.845933129880545,0.260296508636262,0.327247784958691,-0.461320326702378,-0.277977846453049,0.763808241297413,-0.100531528477136,-0.360073133924023,-1.17013907242693,0.101512247299455,0.0022975416145991,0.181936492657743,0.741898989734966,-0.121736258616764,-0.0155224020887654,14.5,0
60548.0,-0.920845939295831,0.709121655515138,1.2610380741093,-0.940503835455711,0.765081504124315,0.314039557521485,0.795310916264415,0.242994299170484,-0.21113982912562,-0.708426328587451,-1.65502885035594,-1.05298207827599,-0.973394346948256,0.278162842365934,0.994729359861514,0.652615984147612,-0.768413628644884,-0.365114183151417,-0.365788849914669,0.129057005740361,-0.393243925639613,-1.28124146469254,-0.104554563061454,-1.3880603656367,0.26419317930616,0.159163662181782,0.209993016556461,0.108117926087046,52.34,0
144624.0,-0.0692451483752424,0.59932304960834,0.39136458061225,-0.0948927264966325,0.556054645054496,-1.46940692855991,0.786931160717354,-0.380029892626839,-0.255995013310074,-0.302480277761878,-0.353147816818584,0.856058212049421,1.06875093419413,-0.024288074114367,-0.30572241368666,-0.462187180710416,-0.158791068822784,-0.955896627043329,0.262838677976448,-0.124305264010468,-0.128201955514963,-0.256477179390034,0.158450169787119,0.498914866772822,-0.97827589241332,0.100086785809029,-0.0217503907793624,0.10488641784461,0.89,0
122216.0,-0.701926220356124,-1.7990046325909,-1.29335358847835,1.89544837062031,2.218969619313,-1.59403430972331,-0.511931206060094,-0.362196025540665,-1.68591380508417,1.80513562087521,-0.976940148871759,-0.384610435871566,0.573414064886402,0.692339245205415,1.36150149656074,-2.90334810877954,0.665162265039395,1.36265929680355,1.40356091990018,-0.302229396454764,-0.104068082652197,0.240633402876041,0.2190309616071,0.618992296861168,-0.834209935378014,-0.259813639877516,0.13438316460943,0.241240355824348,94.48,0
105516.0,-0.824565251526128,1.60309039264941,-2.01119233615017,-0.261088584911775,0.31670860140608,-0.196942922353247,1.62047416866812,0.217818987574636,0.544498856823084,-1.22769126951709,-0.837811432827105,-1.92038538052272,2.79813692697388,2.32689339456269,-1.27392802229221,-0.662158049220447,0.630787941465537,0.143332984481592,0.482565492873015,-0.15937107393517,0.142238274663454,0.741034788341367,-0.0512831376377741,0.110035112814974,-0.153964090442985,-0.192514010343723,0.132140640799941,0.0991715165869934,204.97,0
76869.0,-0.59265760130363,0.0101437239233494,0.954921449978013,-1.98261189361593,-0.98709884546079,-0.723155241835306,-0.471022682669511,0.377769447957569,-2.70795714641402,0.742133329146667,-0.806189544269811,-1.75426641359674,-1.03037833003706,0.398998388379661,0.532000278259351,-0.883908391465487,1.18409058861083,-0.250537490240227,-0.287048017140757,-0.493207735313893,-0.0719099541342072,-0.0176371716174735,-0.142889646276204,0.0332932248413631,0.0756837244387447,-0.12986422366294,-0.0263227491080515,0.0147379395506364,3.49,0
172110.0,-1.65420590149412,1.32177228469485,1.19279981664115,1.09807460188325,-0.898817375175566,0.426757758566684,-0.086977513536389,1.16644588674233,-0.276310083369465,-0.66642666687998,-0.0496575573170961,0.412258565420277,-1.78472223594627,0.780813383953095,-1.35782146259964,-0.465775046024007,0.618147400069131,0.0474434423930839,1.50741947065097,-0.194557704168877,-0.427399532718072,-1.28910921195153,-0.0343970108779686,-0.0902046078425007,0.319502007198284,-0.80516222681521,0.0103219031113644,-0.045595112996901,72.92,0
122836.0,-0.709954127197447,0.726400925275901,2.22415397461982,-0.471693942285513,0.0085217405457687,-0.404133250643313,0.726047534510201,-0.245668796378659,0.215943904154488,-0.668494300404277,-0.713013863726093,-0.146016835962547,0.0108831625859411,-0.274850828628468,1.05856617133513,0.0139160492961979,-0.583964700963234,0.105750592869102,0.326604336005146,0.0321901997767256,-0.165169697331321,-0.328909846098573,-0.306815738263453,0.0141477236728466,0.245232841026403,-0.443900262639161,-0.203833023822101,-0.158205247028408,24.9,0
156401.0,1.90772272563788,0.307224862639656,-0.0257600697327378,3.65913645620235,0.0572699545135856,0.563535317393394,-0.442782502963817,0.185477163520882,-0.310758263355719,1.38364870859066,-1.89583871704214,-0.674504134878279,-0.414817051394858,-0.0254438868449012,-0.243329244555415,1.48693530879215,-1.1233894812105,-0.143135967453471,-1.38928698570835,-0.304281648222204,-0.246381124362353,-0.721150513574549,0.366012589452035,-0.823915427678697,-0.511302856357765,-0.332354365765327,0.0077929290307326,-0.0336533167814461,5.99,0
29860.0,1.05813822251337,-0.11008467009813,1.14463712605808,1.24473554056197,-0.82940194382008,0.0339057232485724,-0.589515698952767,0.201458874946267,0.567484342690042,-0.0381146728003331,-0.342957825193789,-0.0897084311865557,-0.51782158569192,0.136446328214001,1.73693495636725,0.420366929034126,-0.390425875145176,-0.0272796626245933,-1.06901307329639,-0.114194288496201,0.146526064932391,0.374031685551393,-0.0018594025995162,0.0574626291768412,0.229189619981809,-0.333633743202639,0.0669105135520926,0.0425236409438955,45.0,0
118946.0,1.43139311746916,-0.270667635344762,-0.378626957262377,3.44105446864189,0.845508423360249,2.63444659100109,-0.471828842650722,0.703658329187679,-0.876454836386659,1.30796313290456,0.906157055381952,0.958900788086178,0.630759172883084,0.105561820106365,-0.280299607144762,0.681103423334997,-0.510479722917434,-1.25513159579266,-2.29128331380087,0.0253835835378461,-0.0385508301781541,-0.402859160308694,0.377681938432681,-0.805946144260254,-0.803200248761271,-0.370073150491683,0.0231780978476494,-0.0159018606495302,161.92,0
125332.0,-1.62945976534253,-1.21197122780743,0.752659726271107,-0.159850084516602,1.00868356684634,-1.12211451327273,0.257242189523638,0.127265268487072,0.252931525733736,-0.342914025263401,0.436164404279066,-0.103805249405158,-2.0402882288076,0.534994970585843,-0.893620325927466,0.373872472641127,-0.611303268450522,-0.0788406630564259,0.17332275476295,-0.415059745642938,-0.366909166017718,-0.925785525295944,1.38858820815391,-0.107591475475045,-1.10756406191053,-0.384013134118373,0.158298491911072,0.180885848893793,58.5,0
119300.0,-0.224274327141824,2.1529949917542,-3.08047953316106,-0.635232040947627,2.20506613106552,-1.56175502837935,1.44430059319157,-0.0109018774960946,-1.08727238660448,-2.41279052150172,1.26781365226228,0.0411169250593876,0.536287924760857,-3.46043530053172,-0.37654921987319,1.35000791046183,2.52360055221472,2.2662113910776,-0.0815777086518047,-0.107462221085029,0.0376544606839502,0.0535193410501628,-0.479156777684518,-1.33828885075706,0.330715882821308,0.197800456699344,-0.221131720104528,0.0304569982061277,0.77,0
171644.0,2.09198163091965,-0.201958015062449,-1.49199158233462,0.0705799198694098,0.317608412856202,-0.330946153833167,-0.0126989145523151,-0.0624353943579139,0.511599401648785,0.275019805960644,-0.134330601369917,0.229531171309128,-0.897463852314491,0.620675625352645,-0.470214342439107,0.437957482546416,-0.849188460178041,0.0876847236159165,0.827300935097636,-0.249540940850182,-0.317222479128913,-0.860383250737818,0.215114328320585,-1.0659686508681,-0.227836817442782,0.245321601832491,-0.082633973081166,-0.082860829521866,0.99,0
69160.0,-0.380458301021587,0.803575454172853,2.27134225772103,1.27040105953489,-0.113640295627482,1.06495743727515,0.0341959327927185,0.0399440947799167,0.0468306633402485,0.357524227631666,0.366101349387827,0.711094922505371,0.732798504131776,-0.594694367393446,0.23395630870319,-0.366859079542785,-0.320283446493324,0.963557117426973,2.20255346552427,0.245025590355995,0.0224351614415186,0.40273416419236,-0.297601343186772,-0.466390844359229,-0.257938417522751,-0.222336921389651,-0.215701622469766,-0.0979709300949791,9.99,0
46323.0,1.19290616217575,-1.56344127678802,0.549435063916406,-1.39423485016788,-1.71613197522448,-0.223838569127752,-1.12556800409364,-0.0452724176626907,-1.9419964049579,1.50964721985918,0.99527625591096,0.0008270906214048,1.19114672466714,-0.407974851397586,0.116097690408651,0.13364383878832,-0.0266688752904896,0.865717405043932,-0.079862591256132,0.0430704991476491,0.0663102996121663,0.263896194312995,-0.191040528677379,0.0320778628640286,0.320334138592939,-0.118677748786199,0.0235633252324189,0.0409726336666858,160.5,0
13093.0,-1.46908993393501,0.246980618227686,1.91343713769619,1.01053702752692,1.4713892021751,-0.929717897248257,-0.267636005387557,-0.126211215208138,0.469026233322372,-0.750166330038187,1.29985368942549,-1.81651368314752,3.18722518273667,0.863819409826649,0.956530043628125,-0.399398079390772,1.35083091726978,-0.370927016163571,0.485929114046696,-0.033598073425735,-0.375951538057372,-0.700443383374585,-0.29355507773163,0.0539481698159019,-0.0946813615275608,0.260600185835803,0.0694274335941956,0.0233670521477469,1.29,0
140980.0,-0.622024097103945,-0.511161056704325,1.42277259079606,-2.88828697087608,-1.31405499745296,-0.442344202776427,-0.973609102220689,-0.599828294833477,-1.01576469337182,0.854654881446121,-2.02350162576336,-2.60874715967138,-2.44820412125021,-0.373041214069008,-0.53239453221993,-0.0342511275378448,0.324116017495654,0.795578801750581,-0.932309386502928,-0.645282866455957,0.770482147626519,0.270580355231796,-0.176056151845199,-0.192780857765377,-0.0432723172028782,-0.0360535448770323,0.430366844759829,0.188296488483135,12.0,0
140007.0,2.21302334478209,-0.663022296500119,-2.56442496399624,-0.998080836964272,0.218971859853896,-1.38028438957675,0.33352693122503,-0.465517552180968,-1.10261437264974,1.12868855405441,0.523418919793217,-0.756796522134736,-1.42344922555345,0.885049012484919,-1.02756664395833,0.352041933418689,0.316406231071876,-1.0908289963363,1.08993634082801,-0.0857533276871937,0.516065480951355,1.42965770610788,-0.284787922417006,-0.3253844045075,0.70967145744334,0.307412629302273,-0.110151433970055,-0.104898916477077,40.0,0
37107.0,-0.876111328480576,0.705530124976461,0.704568287323038,-0.0865378950599779,-0.162798743742865,0.351555055044205,0.468532802008721,0.702916289263161,-0.822272922439178,-0.625276528850942,1.2438539506238,0.168754381413792,-1.37041975326792,1.09362218304746,0.565672236234352,-0.188453396468264,0.190876552061696,-0.316986609447325,-0.495625683946432,-0.102471632156576,0.317112499641963,0.602772271356054,0.196348074090627,-0.299660111177203,-0.529558385997283,0.329756428115877,-0.0327963093350383,0.0760532272307479,100.0,0
123025.0,-0.258489828164887,-0.284080357389026,1.15075646456108,-1.69227054129197,-0.57224632252501,0.0760218679940062,0.124860700456291,0.0490950323313605,-1.17121767030196,0.138153137623228,0.424033702545972,-0.139884144989753,0.579268902677627,-0.442692660771044,-0.673943981216575,1.2247208396523,-0.176927252423478,-0.322017878777657,1.26806744268198,0.369746747744076,0.494993082545513,1.28704016539556,-0.0851656760475258,-0.359713381278021,-0.248032435825486,-0.0454559049348256,0.137922877447558,0.15555852528167,99.0,0
113093.0,2.19659207501066,-1.36786330571321,-0.674795325079968,-1.45711441069866,-1.41453666374028,-0.944685302779262,-0.943194347507285,-0.274935492011481,-1.31362758305303,1.48450052146743,-0.731484283151642,-0.315085577856365,0.986735708696382,-0.498052092067298,-0.181601087337375,-0.538516017636245,0.528118478575499,-0.73637357858618,-0.0066793881613875,-0.3339764695126,-0.597275274767724,-1.33525575221866,0.523171147735264,-0.0963702598640374,-0.657095950186013,-0.676212926877452,0.0167221991399566,-0.0312800536785236,55.0,0
135395.0,2.08402332472679,-1.83367452349185,0.151083904566732,-1.45731207233701,-2.12720984967767,-0.121167883000192,-1.87084537437438,0.153916365765435,-0.796714873573592,1.6190931738699,0.680921276479813,-0.040888938707824,0.295517330780137,-0.671323159011118,-0.555875528353319,0.0229152082638869,0.175505698728604,0.681197794162018,-0.159618413853343,-0.343886088572045,-0.0560594742588134,0.263864344784621,0.315340550583825,-0.0153323650301049,-0.628273425661155,-0.269305244804392,0.0564121272535884,-0.031968786463688,60.0,0
37494.0,-2.48133550470711,2.47134619964208,0.40084804860747,-0.718972967113144,-0.0282260691084081,-0.598981764995319,0.856097417707886,-0.184612074534802,1.74649460305989,3.20019096307209,1.40982881243946,-0.191224601111947,-1.08550603330323,-1.15699617132123,0.56151780713847,0.364146611612954,-0.601058345826057,0.384645961179398,0.045809019821226,1.4308908929705,-0.672698478565937,-0.891118739181352,0.0083984242146035,-0.12237002208856,0.291921526180669,0.0699920120417585,0.950096252000519,0.313499709820622,10.77,0
134032.0,-0.551818347864843,0.422575810135616,1.19925659674857,-1.61060778008803,0.562264751946071,-0.28860573547971,0.614740623232593,0.102650275116488,0.295718813684182,-1.16239083260803,-1.45662408526505,-0.211217138001611,-0.262403411878284,-0.197414144285269,-0.513038471490331,0.953994264782336,-1.14409717324079,-0.307071954332229,-1.18433272620838,-0.173057023523732,-0.19092666511631,-0.697983480688283,0.0962290084345753,0.438274522267002,-0.598644073889712,-0.0178581969411496,0.0628268600835731,0.164178148310021,22.5,0
147360.0,1.91245749194503,-0.447170737279892,-0.458538988714588,0.464805828384432,-0.690017122487697,-0.726614651297121,-0.360489007160902,-0.0816162069314001,1.3135702808408,-0.159061519800405,-1.0238933273342,0.154029203750928,-0.511081403666914,0.141124625264636,0.71638700156425,0.237751646766955,-0.543226164540125,-0.142954528870526,0.0078335768379535,-0.173562540245308,-0.216209441183272,-0.612550207944481,0.342660286523545,-0.176655390596013,-0.456048015243085,-0.658762980840329,0.0176815647728951,-0.0265515239948543,52.05,0
33055.0,1.28323379738087,0.372894899673307,-0.397061674987352,0.837694941425886,0.353779103314211,-0.496236243797382,0.375535269163857,-0.11578132041022,-0.36181838542846,0.240804554876002,0.576160877379796,0.223178048167077,-0.823029969343794,0.88922437891151,0.125527731377954,0.219928690198121,-0.764457535206761,0.454105159744497,0.30167016028606,-0.17804071815265,-0.000818245425998,-0.0171935427120069,-0.231825067942231,-0.359526838231651,0.885662513788617,-0.268302998480955,-0.0181049133461152,-0.0081526160540538,0.89,0
77436.0,-2.27796319555594,0.0890875468561418,1.52074357141476,1.09380697684979,-0.878397054943215,0.758561897942392,-0.707840606161889,1.32704126858521,-0.335298979586576,-0.767426154192664,0.355244331941577,0.164070380433336,-1.30704676694047,0.815772765581992,0.599806126787284,0.280598984183451,0.201363013592017,0.77883027520785,0.617087952007018,-0.293388368229002,0.162225662676534,0.291823507083504,0.251083206040689,-0.331264708980355,0.241794192537066,-0.223557522725932,-0.0605190782424773,-0.404843538606738,60.31,0
63848.0,-1.24333516176786,0.467091866603234,1.60488395826551,0.746285666582584,-0.816852327193647,1.31804568390588,0.424680644112743,0.70855696320241,-0.596139730205818,-0.801699721178655,-0.134651715006669,0.698160279015431,0.858222726798644,0.0514443423010904,0.149556924832789,0.568340416842858,-0.657994904738097,1.26589635133113,1.19630214397358,0.512943643498905,0.203808000752555,0.188542338232046,0.127524502472311,-0.83625033414418,0.477384938159831,-0.218403442063856,-0.0760440391755653,0.0260321668567796,228.0,0
66066.0,1.29694325090257,-0.0517775729712946,-0.534197407842823,-1.05842328590709,0.0012099362180899,-1.10707271309939,0.445560957650239,-0.340613601526752,0.90015623348421,-0.968918817665602,-0.770836785490981,0.503652033754642,0.229342364692042,0.512985567988685,1.48088177082249,-0.468919064364669,-0.417032626425395,-0.283931145183084,1.11020029712786,-0.0054906469527038,-0.401720329058716,-1.17591338920764,-0.0426960726424196,-0.48138686544618,0.618836376131474,-0.967779759664021,0.0209039821107833,0.0210059429369669,45.98,0
169553.0,-0.242453291911911,0.908970396888432,0.25488176794709,4.61893434907923,-0.881677070076734,1.04396486987827,-0.0368395972892576,0.528815294785475,-1.41588735121683,1.88431371275914,0.265795585980607,-0.289461883389757,-0.581091310024851,0.678713197911445,0.323761759957851,0.63544228242995,-0.238916180488015,1.15873228639279,0.834256678559965,-0.226547971782207,0.541688382571905,1.56003957380286,0.392545597826802,0.0116625772977015,-2.65227808760677,0.0434228337988261,0.191618833295729,0.269004385318131,161.83,0
167600.0,2.04377954166958,-0.375502209202719,-2.54687939950425,-0.726432938583786,2.38490464812359,3.31931034755188,-0.474360860287217,0.790624305056594,0.402949895646642,0.0915555460725161,0.004442214394093,0.390314630917492,-0.211913406048773,0.496358656742165,0.473085927987865,-0.171120163196901,-0.368154072003478,-0.975834083687562,0.0217196857582737,-0.147646695820661,-0.291181639390466,-0.836701919611137,0.378567364787361,0.698364215838144,-0.266120287478869,0.218891032714594,-0.0528113692971311,-0.0663131920950846,4.49,0
10451.0,-5.44800668395667,-1.95928338160082,0.554558980831125,-0.47399381298755,-1.25678159256205,0.496301710302988,1.90417837281656,-1.01869980309303,3.8557571794765,1.77726913208432,2.14550687753846,-1.91479109862337,1.86528379992499,-0.342190169036606,-1.12923765302832,0.839194223455662,-0.549625993581075,0.1518235487654,-0.144576645322576,-1.47600012381872,-1.38099693200093,-0.256600391805881,-0.871152041665557,0.160924955759734,0.255569948380513,0.774593216934868,-0.313499639772711,2.78294951836796,500.0,0
79216.0,-1.05688095618244,0.72232701943483,2.22966083979788,-1.97423640401082,-0.71577034604123,-0.795462178261261,0.256028049015482,0.136329916308953,1.50129793696334,-1.3587374256204,-0.67783892032579,0.247267233906247,-0.521426384926124,-0.337806208094511,0.735353003352718,-0.299822457106703,-0.359673962542475,0.293662432473723,-0.0194212650571865,0.128149915304761,-0.0447735415438483,0.183525985511021,-0.346196142667421,0.383024387402779,0.612012601159259,-0.751544814459125,0.456721007908435,0.197254636642129,1.0,0
69674.0,0.85433598170953,-0.662806858560436,0.403742980465471,0.708129527748817,-0.61507365179956,0.0944974552552253,-0.134171955914023,0.0447310749956844,0.577251245207895,-0.295009099786247,-0.687905622019749,0.267742937712897,0.0345807541445145,-0.0463933244446715,0.73498869345917,-0.0610991387343194,-0.044298001393058,-0.604245117656782,-0.330053081971189,0.247417552014726,0.0639725442010532,-0.0576485718609973,-0.195348595834701,-0.218658329607952,0.286705658396153,0.510420605861953,-0.0360380189795946,0.0415636076426964,189.86,0
783.0,-2.93347803533476,1.87497932897264,-0.462952613685204,-2.41442200989951,-0.76436717375066,-1.84278748416059,-0.0288668659901096,-1.38314777535218,1.89550805000327,0.52654064319611,-0.165944425956224,0.311644326336647,-0.999176774605956,0.45472114990349,1.14536439497223,-0.752882498336986,0.219448317040343,-0.231242848306779,0.33786010930385,0.0076604086064411,1.32129874125981,-0.303409812113256,0.455969508841966,0.697905399775743,0.300216769985487,-0.0890365830689484,0.998267941204282,0.611679040452156,1.0,0
61199.0,-0.71275971310686,0.946363609523118,1.61329354632762,-0.0579370380432974,0.307251760327668,0.0336978242874573,0.842808190926715,-0.0826486696639931,-0.286508099304624,-0.691973960170012,-1.42461544306138,0.18728890330808,0.729574944672176,-0.393677719827764,-0.360989168273935,-0.210956498794945,-0.257742444202575,-0.34766537302015,0.783204922152717,0.0432672553751533,-0.209532975016823,-0.489587201222526,-0.374907425842657,-0.405319166676999,0.492170357183405,0.339187958967242,-0.107684200221835,0.0520134669803857,31.35,0
27523.0,-0.263193113859803,0.10959176140853,1.17500178738096,-1.895475549963,-0.208733784382399,-0.645883324959474,0.310096049598029,-0.0779942297701748,1.44424170589039,-1.88659898460294,-0.193974505517517,1.37175446171803,0.799613691488337,-0.217890465923873,1.05532655531671,-2.38958584256023,1.00081802131093,-0.445690343972916,2.20603110606817,0.1284645967526,0.13887459241755,0.863445143126607,-0.220983556307397,0.180312948753775,-0.029016561462244,-0.58865049915085,0.251783511972767,0.15692989368126,9.95,0
268.0,1.14606539406735,0.285853394164498,0.562438673557062,1.45933613686893,-0.22589077272376,-0.34630263315392,0.13198757706796,-0.0851788766489565,0.136365128107632,-0.149999068184242,-0.0961000204198089,1.102136387539,0.686087248828918,-0.089169308102975,-0.213955765646488,-0.859372855635557,0.331942675015268,-1.19211914412882,-0.495748974662082,-0.148534056382463,-0.0714729894636692,0.0761773687296652,-0.0305666885113405,0.444843264947739,0.650036517247799,-0.335735765261602,0.0463718279216743,0.020898982056882,6.54,0
110606.0,-0.129689445721833,1.03835085777543,-0.549435487224617,-1.1527815851623,1.74793794246758,-0.592929063219155,1.43041215525696,-0.292965125965981,0.471383377507362,-0.967532556301081,1.30745732376919,-2.40083910339534,0.901319846970019,2.4352984204716,-1.36710938468841,-0.374926300604672,0.0177583595362261,0.542649662182825,0.154966917507869,-0.203784746027788,0.119158139164966,0.566497043753164,-0.394543773582449,0.204786678207553,0.0984791336836349,0.0990815715825189,0.0527475118349616,0.137284585381965,0.77,0
112307.0,-5.46048319197571,6.34987393651419,-7.81649616599233,-0.400781709192533,-2.0713859140982,-3.2645420267269,-2.35673045986857,4.33777744049384,-0.216132020443597,-1.48439134005708,-0.94630253585465,0.833584500266486,-0.186269942904114,-0.905371201945839,0.0795445464685844,1.9278505629585,4.80166388639238,1.6959497597982,-1.37762239844606,0.0676192877637554,0.131337828507562,-0.217888456618078,0.526461381236568,-0.409614855272618,0.637782682486232,0.17602909777137,-0.0620688572005916,0.0560538598763576,0.87,0
61847.0,1.11249369601368,-0.235679484227161,0.806904166971078,0.0696876878780382,-0.956012331051206,-0.701367339725301,-0.33114490580911,0.0105162539268333,0.134241026949138,-0.0150447697011805,1.61933152792586,0.8839407824299,-0.141769814956916,0.338995703791912,0.586894947532679,0.688701228519097,-0.58291032806252,0.0341472286654191,0.1593103684778,0.0298825901068115,-0.10224739557377,-0.462684896409059,0.12840570730899,0.57770048832448,-0.0712374757519493,0.753706418393788,-0.0761866029136159,0.014707144317586,52.94,0
165001.0,2.22402529686556,-0.751809005032205,-1.99071699700446,-1.3069219447757,0.213017454150597,-0.444455307504014,-0.19315025740337,-0.249461570819243,-0.877530391148565,1.01635671948677,-0.0243837999828002,-0.250167352190767,0.389856468308351,0.264430597839263,-0.372112656710146,1.44501726004039,-0.547402331277357,-0.839557959570471,1.46115959838471,0.0832971868795838,0.0322447917097058,-0.051116296286934,0.0045905128277623,-1.38318500380027,0.0776564288614721,-0.252932817785022,-0.0590573294832074,-0.0804294902660295,45.0,0
72209.0,1.37752898493078,-1.06921054570313,0.474845126827269,-1.35289908840942,-1.52779151848952,-0.77719768490102,-0.873857026234468,-0.208738535916412,-2.29311064584571,1.56698487252299,1.5690328564407,0.482410452326237,1.59676896209816,-0.340998598222096,-0.286401563348323,-0.359325230861601,0.2676212247069,0.400461607084657,-0.131680031098599,-0.15279592347901,0.0472598353107424,0.478694805986027,-0.113371648963454,0.575502755008206,0.501513600997445,-0.0781734343554524,0.0245087711183852,0.0200194742937283,59.85,0
143893.0,-1.56956501599775,0.91059988183331,-0.555322218130788,0.387327593006418,-0.560739356536887,0.014753738442207,1.28698113631172,0.565135360938037,-0.942179063536916,-1.05710427254882,-1.29016609380087,-0.367425872793425,-0.50782634499769,1.05616870813905,0.467596636054313,0.347432569066962,-0.291859391374938,0.261703649225166,-0.730952742574522,-0.362848833211472,0.287415920599926,0.485112002051319,-0.367826178445283,0.680122592105092,1.28643211947297,-0.31503696516057,-0.312984979699189,-0.425934688483484,275.0,0
13584.0,-3.97187265845146,-1.08425429699885,-0.0462244801120922,-1.7923935480013,-0.453604930889554,-0.21131442089998,-1.46659758741892,-3.79227870404446,3.33525959280594,-1.7429797141041,2.54907115409557,-0.54581995987976,1.46547131726892,1.79080061872709,0.155127079257692,-0.870681916954216,1.22843720603503,0.509233013136215,1.23788468431865,-3.28275012660726,3.12332856460395,-0.277878329722382,2.22461406590271,0.18236344890106,0.447061553239233,-0.687192381944306,1.16175754870483,-0.637339714312623,94.42,0
125734.0,2.11673602643715,0.184621516726851,-2.03314683351555,1.14473872758716,0.891568323452572,-0.56669833351194,0.571497763219525,-0.316717690023144,0.364739860165971,0.280676775518281,-2.01164880751758,-0.338839089660379,-0.676676148108323,0.587774953139172,-0.377613782579848,-0.406750557409018,-0.473924161311008,-0.247035426894665,0.17791418805999,-0.321492054076645,-0.03043683385115,0.136446657602594,-0.117574336108629,-1.07434734510836,0.580607293514747,-0.421653704827452,-0.0184889340056225,-0.0752556556473794,1.0,0
163107.0,0.151989626058184,1.03232681567698,-0.415306565306144,-0.547346287595572,0.90825293794946,-0.828335270214974,0.964016261729288,-0.101234132688273,-0.023574694424955,-0.829313365358597,-0.737697539009757,-0.204497212414454,-0.137213372746504,-0.989525380386031,-0.221479409260685,0.345550044999867,0.365742947593664,-0.190336646958649,-0.218368377851848,0.0071984057388972,-0.345834122025691,-0.851113651481557,0.0913133679408979,0.555104946788187,-0.423245006413134,0.114232042313442,0.221818090958971,0.0836683584568016,2.18,0
157117.0,-1.37424582081009,0.263450978438188,-2.14728398048493,2.37200829126313,1.5120333156204,-1.32311580190857,0.334173062629715,0.364310537629979,-1.51468959542311,0.221643072077959,-1.29051208910815,0.0385982021912878,0.21126499710889,1.67916670365523,0.818860768726361,-1.63903934807663,0.983283504125149,0.202509006806645,2.38265468657993,0.23187407453902,0.658517097714703,1.41677058081287,-0.479752611664605,0.779923582140493,-0.391726900590117,0.0056095708879929,-0.0891371115035918,-0.089736452592795,1.0,0
152727.0,-0.930312057165779,1.35372400243862,0.555435516023983,-0.604792747160133,0.226036156513484,-0.851532541307576,0.816597301088213,0.144260347286477,-0.267271492244414,-1.05066494125825,-1.17112315424486,0.364118898853946,0.163475187520314,0.342733476360816,-0.333102586367925,-0.352486585856343,-0.129113872344794,-0.516415093232959,0.284870481494139,-0.247288316271807,-0.197313956493905,-0.725282716282141,-0.305684263519277,-0.130158443135407,0.854955680972564,-0.41713294550152,-0.465919977714571,-0.139430144273082,6.98,0
152973.0,0.15758133346087,0.250385158150316,1.34688190237245,-0.0263054201997863,0.0502537919117587,0.427339328072675,0.100259592275145,0.0686941682505586,0.504598882022155,-0.189864540285024,0.67319901395929,0.476067928339538,-0.307472002710284,-0.200103686400185,0.109707657304763,-0.195946308727468,-0.527599167937972,1.00419499481745,1.00497225691915,0.086448615565546,0.264794160239937,1.06578948296804,-0.153672477694689,0.788222753531134,-0.399159698608791,-0.168506432417209,-0.0335352760625372,-0.153453772792211,13.53,0
35609.0,-0.172365998378327,0.458758325015924,1.05366118305324,-0.953585962644479,0.325113407482677,-0.175546921763236,0.298668078560729,0.0542278024376199,0.0551016802827198,-0.612839192669712,-1.76216951606415,-0.941269288482763,-0.449708867783708,0.0867892767000658,1.22870805585222,0.758864225991851,-0.814040221060959,0.299271999922816,0.700490930481067,0.0185776927238903,-0.152472947450219,-0.533710386761939,-0.191140232417088,-0.982718476489832,-0.15497644600189,0.953248863380059,-0.0564747208999357,0.001504211865335,7.68,0
33304.0,-7.22317388375011,-14.0424682398495,-2.94129433803212,6.38726367557738,-5.32906671055296,2.97190286411184,4.39253192565038,-0.555583664110625,0.861391605400894,-1.73670427768164,-2.51855398486173,-0.151343445280735,-0.201825195095085,-0.157431637621699,-1.19130351656432,0.97092758407185,-0.0326478121725984,1.19488378186144,-1.59970900542577,8.55974582796095,2.60748524994301,-1.84655807599605,-4.00474134714528,-0.206098105692515,-1.03376796128546,-0.153629192918261,-0.727772716377383,0.779444586707767,4313.82,0
105501.0,-0.313145292553039,0.791621621242486,0.595628735011152,-0.413963770195085,0.572230273006722,-1.02923496601023,0.841851635380043,-0.25714887275421,1.34690787865182,-0.874904052532337,-0.480325591469686,-3.48616970661216,-0.230123360392583,1.96462564211944,-0.913801029452577,-0.0724489000246135,0.408229303639168,-0.15122224859683,-0.0543159270764947,-0.305722039763004,-0.335374584399006,-0.816247989119589,0.0548712269050075,-0.220346659615341,-0.799405368460766,0.0750307677278298,-0.0678878125097171,0.191976223262394,5.99,0
77368.0,-1.0156040985954,0.307135227914469,2.47082494037956,0.521251751626908,-0.476143016966347,0.865043073017132,0.568982094135497,0.437381815503436,0.460799757704363,-1.03882332375522,-0.336063243409447,0.506513253742162,-1.53231660455923,-0.506570091883039,-3.06711710982679,-0.350285698397519,-0.0223939478874255,-0.0265974728896096,0.470507557224264,-0.008240356612392,-0.321092520456687,-0.833901214626773,-0.0621895650409761,-0.0611426811479654,0.521790692306173,-0.614158084684066,0.0471180166844898,0.0634293592993323,106.44,0
121128.0,1.93577740306289,-0.202109513358751,-1.59555920538847,0.519704992985888,0.0729912164965583,-0.724207671792064,-0.0595546194222811,-0.105552813771963,0.832478562865833,-0.413573582108553,-0.672573539115801,-0.494937933281384,-1.04922255681088,-0.826153222129848,0.551483114498466,0.439987594492629,0.622377551295007,0.157517371869462,-0.287374509140862,-0.112356472678484,-0.0728169150719879,-0.2376139109939,0.184989438155964,0.581127891917047,-0.221115119478436,0.412335636028508,-0.0634743619221164,-0.0198587161553156,58.98,0
60173.0,0.103612241833627,0.859755502032853,1.43357758580669,3.02736584067004,-0.291219261659377,1.67379142299145,-0.991387649176559,-1.23884585609168,-0.262819740639276,0.749063866767376,-1.5292406970223,-0.490806207633158,-0.471114410452997,-0.0237948505069317,0.766633273178157,-0.179837063576822,0.362893874661981,0.0048431645609602,0.607644580629827,-0.272179841724344,1.5749858337549,-0.158321715968837,-0.198758615169252,-0.75820689551267,0.72781780964765,0.537177643260771,0.277191004060688,0.225754127384265,22.74,0
87160.0,-0.633412469671559,0.966432807241653,0.980139552118638,-0.346601428451256,0.583528473944664,-0.0380736642339442,0.672228757435474,-0.314813336826538,0.498632463251606,-0.841636324107168,-0.544680246894071,0.161971523192831,1.14572536594331,-1.97982313575753,0.682028563154009,0.18928487416371,0.247641474262039,0.948522010487125,-0.0073100870244188,0.0418796919562557,0.261046718436659,1.06402283989776,-0.314347924861515,0.6298097596523,-0.0298394355950761,-0.165738409094647,-0.347484418721288,-0.0438109191300544,18.73,0
169810.0,-0.362660619561004,-0.283886033772656,1.55576795903182,-2.41602129461025,-0.755601431633734,-0.374202927171566,-0.1674038091794,0.0061243876359016,-2.63415663014369,0.892591888922356,0.645579502490378,-0.803106635198688,-0.27051951818148,-0.161262774275404,-0.80630665685515,-0.738579415357912,0.576075044128306,0.499475235239907,0.575491503365303,-0.266185100940943,-0.109012803995279,0.0679899553934189,-0.37570045341986,-0.0016116860517221,0.496045737536522,0.0274790339409608,0.0463427086375263,0.0422209367039757,10.0,0
115011.0,-0.212240065875629,0.742835045095842,-0.441883025592087,-0.806968465518206,1.53552328252512,1.4242347563576,0.49805370140982,0.477824555254482,0.0666114916161248,-0.17595859571025,0.584921127740904,-0.164647152906162,-1.45802028803438,0.921664333554993,1.1764802779396,-1.06607490460825,0.0615953037429166,-0.0822164703141703,-0.0152409260199966,-0.0980831434741637,0.446733932228338,1.48933474293354,-0.207161885708713,-0.95293196169019,-0.590876469167436,-0.330659489106363,0.39220544744581,0.260633322859462,1.0,0
73731.0,-0.427908459329215,0.751041972445821,2.41965703720864,0.349032635187396,-0.542141220535651,-0.162086701678904,0.159303147667114,0.135312137739308,-0.701024572355355,-0.289071067299054,1.63553271993065,1.0853892114549,0.942865866632487,-0.0469547067930519,0.724190253360688,0.34784771951477,-0.485863626346856,0.497836505926784,0.684270708754057,0.174916270826258,0.0745918601986423,0.183559836426173,-0.132884115994557,0.573459628858231,0.0484481910891215,0.353757762935398,-0.0138862032616514,-0.0123823554789631,19.33,0
48873.0,1.35133582789187,-0.109731516915672,0.276010875755676,0.286068886102425,-0.205671855695317,0.163379447856888,-0.340870329224305,-0.0312283455963708,-1.15086661599308,0.764553646321508,-0.915947197435346,0.269671047470731,1.36932022691113,-0.022916768303217,1.05739340178202,-1.29762871188602,-0.317535980151907,0.624309316973386,-1.10545102389602,-0.497079613035386,-0.701851776871201,-1.49434768562522,0.165840108864944,-0.852979961300961,0.2326173425835,-0.631917687113384,0.0720377023995072,0.0266573233817465,2.71,0
91583.0,1.79227091722024,-0.319745957905339,-0.450456418280714,1.44813806957725,-0.183822225687505,0.0280975486271536,-0.386210353487435,-0.157363927597432,2.08624569390645,-0.230266237109696,-0.399087645735819,-1.97921396425394,2.81122696717859,1.24294241316188,0.049906572060487,0.547151121135542,-0.30403217628027,0.666999120629799,-0.814766593810835,0.0028494352903467,0.110458349289913,0.533058598798622,-0.0368152374588163,-0.76018006464008,-0.0427644912600651,-0.568444087604506,0.0179755590521153,-0.0228988146409083,115.0,0
117302.0,-0.277637366992534,0.841335512282461,1.89884888656301,4.41776875173101,0.546794891017555,1.34815722161058,0.1173617191221,0.144260522962015,-1.2480275866607,1.74601469819615,-1.26819134250145,-0.67643529012809,0.615940651729257,-0.487909483306008,0.751635734484376,-0.0398475874840436,-0.0748765881835919,0.538772722237079,0.913954956087556,0.623459865645525,0.286356728375615,1.11688774399217,0.0109363517386503,0.624678163699067,-0.627169916245518,0.447861605435786,0.307236712616644,0.0621561011047069,59.85,0
136096.0,1.48723117222131,-0.991021057314939,-3.0153265847245,0.671749355528341,0.564205492731331,-1.20705783805312,1.33894122730311,-0.58287254714986,0.0322967507250674,0.147655887399258,-1.25103783421239,-0.777033399045484,-1.61114439969193,1.20076309261641,-0.0011072430621533,-0.604941787150201,-0.104482290867475,-0.328260397664784,-0.0113277921397387,0.396458078124077,0.443241775954651,0.565715495822324,-0.463302846190712,0.654471878099442,0.548539852188441,0.667043717387357,-0.205206564182567,-0.0300560389278628,354.5,0
79028.0,-0.5243388133879,1.0938681794412,1.24305452575425,0.067566420546193,0.0380883067865401,-1.00761657834319,0.681012978638916,-0.0984959709788464,-0.29122467399545,-0.393274864658245,-0.241919101568663,-0.189759576441164,-0.0786034028049365,-0.426682271408559,0.929219301866009,0.38481633681085,0.0091656340259238,-0.11699711353141,-0.0782222915528216,0.0745802200802862,-0.254342240562301,-0.700778387322023,0.062921593459161,0.321119598787012,-0.160935544439407,0.0629551852602339,0.118563558345158,0.0882223336523934,4.99,0
133176.0,1.94654494372668,0.294542926790244,-1.21096300731459,1.59772737461979,0.0756863836683825,-1.62747693996438,0.746284640731218,-0.536702961131879,-0.013657981793348,0.222031179461163,-0.0089524576224997,1.15595297524867,0.598725617766448,0.387292777614064,-0.693266075974606,-1.04325769743647,0.136857168298541,-1.07113013107406,-0.566881309797404,-0.243659752787121,0.126173272777835,0.614440693707178,0.0857722710209352,0.905427297580844,0.37057551329966,-0.548794903886278,-0.0088847571064868,-0.0490217678731285,19.29,0
122292.0,-0.881492514799314,0.327653972526762,2.14826099591078,-1.17247361072559,0.571877740573332,-0.101243138700456,0.502490242691683,-0.0053939614614364,0.210775250771342,-0.897766991094684,0.363968954401757,0.495322981703296,-0.0508079864154014,-0.293531585188082,-0.567495071066879,0.487784339737709,-1.24271324988053,0.964158802044985,-0.45368509558958,0.0125055348270744,0.275339875688714,0.951303563270033,-0.631495548353068,-0.302656680029963,0.838329791565479,-0.128639941007348,-0.129587270488235,-0.175142083541891,5.84,0
30611.0,-0.14906922159126,-0.199261683650761,2.036893109128,-1.20482134659297,-0.941244751028036,-0.355762164009224,0.0571811186133503,-0.125931855784191,-0.906540462796095,0.330696323111015,0.0590293791396468,-1.15170742328743,-0.479504729734411,-0.494777551030941,1.10841388886115,0.833652469527191,0.454868828264256,-1.35960944439569,-0.0244525325636045,0.235722219276077,0.392032441459019,1.13078782971882,-0.0542894617223794,0.41766126772112,-0.124846421282109,-0.163378911737911,-0.116923302770655,-0.193528725575383,59.5,0
141779.0,-1.43256973513927,-0.727771723409002,0.605783889779439,0.094158350920526,-1.53328627848748,0.93614309144878,1.05146315976587,0.589023724404416,-1.51018147290585,-0.213135197990741,-0.424136405045952,-0.316406371703545,-1.14603351088435,0.568123556219465,-0.978042107416947,-1.21143327963653,-0.117767006292031,1.91988797192965,-0.174988301883699,0.247429269840963,-0.372192431123519,-1.49872463506209,1.03052086975194,-0.676699515778971,-0.224686037736473,-0.97227973422827,-0.0756143477963139,0.0805036826363414,417.96,0
122955.0,-0.946221350547966,0.793866410573168,0.547412701213332,-1.92250525743731,-0.161744124491302,-1.88490143429999,0.730334460370926,0.121437971767277,0.264020952923751,-1.48131571530709,-0.488864645885641,1.24899621552975,0.699398938674804,-0.037184454921971,-1.73701926073503,-0.388040633007461,-0.0532469162894048,-1.00207270698049,-1.14907748932372,-0.177970323486894,0.221852261191367,0.818477723279164,-0.149727912516184,1.05387982047618,-0.15422988087364,0.695095254830094,0.184091481343038,0.130461966829321,1.0,0
169864.0,-2.97983227030776,-1.3209107723123,-0.418740094156279,4.82744304211151,4.23739474347504,0.18222861382164,-0.558906929318035,0.849783025837676,-3.29021272278956,1.35914136888321,0.500359955581695,-0.0385424807378601,-0.198633235417645,1.70362341435016,0.443735758515471,-1.40574553643399,1.13939965304067,-0.671692083850335,0.845638621179517,0.945977816769696,0.713478457306429,0.93854793813268,-0.706211106806212,-1.53744971349686,0.92794848021401,1.01754790262171,-0.0160217563978588,-0.542129717975507,9.1,0
74898.0,-1.02477555579556,-0.42491098669995,-1.06106114269106,-2.45611135331878,1.00473598411936,3.39153292336721,-0.527144721162598,0.925472103285326,-2.92014423890751,1.39072538418876,-0.320375927029067,-1.19985557291975,0.537619600503619,0.187012052042868,0.89253772473769,-0.561184786143567,0.592057608406537,0.180709249737049,1.5842034569069,-0.484089867059193,-0.533516663528833,-1.21378666198168,0.460512953629565,0.946667065510563,-0.329852292615206,-0.453671576544109,-0.222123556322111,0.0524068042120941,119.0,0
67917.0,1.17323102369972,-0.10424349738154,-1.24624490221156,0.112721845325557,2.13650432317946,3.40478934914919,-0.369428465347929,0.78389335924442,-0.154019064503608,0.0978054880595124,-0.189882579619111,0.0023381291503195,0.0133617780515286,0.480515219245924,1.13117514591286,0.483362794082741,-0.971318793386314,0.386550331642977,-0.121663712834545,0.105476258425542,0.0535625654257498,-0.0827799083769699,-0.19795838158332,1.01066791977468,0.811431032254057,-0.271835192208964,0.0092891764920317,0.0257606314720622,64.44,0
71317.0,0.131062927123179,1.17692316582278,0.369585924022873,0.616176305466135,0.885502625327117,-0.562279595119165,1.34802478378974,-0.572067466305987,-0.397565557327543,1.0849267407614,1.20786755953891,0.785563021664967,0.669549957400669,0.0291781260256356,-0.0211003556537327,-0.488811093438181,-0.776688106578867,0.313567763518162,0.768051150603847,0.386163072817737,0.0392297529210853,0.75616970128455,-0.120815285466061,0.037186597498541,-0.674322777675516,-0.467585294699927,0.220401462875699,-0.168127100037669,2.69,0
53048.0,-2.09150684297947,1.12733076179512,0.75194073408342,-0.988035711205809,-0.57559128782967,-0.414838046809882,0.397014045733572,0.163520588833542,0.450773595175804,0.945130893622202,1.13069520217172,0.682737757174082,0.323492853213272,-0.130548118010587,0.461907381706129,0.58482356791818,-0.748664372828021,0.25302248713842,0.541419516281066,0.176105117290524,-0.237942324277194,-0.141374911013006,0.216079998762174,0.0380251431318945,-0.052139459433508,0.851871750445109,-0.110521919015777,0.141968260820714,57.98,0
135611.0,-3.26616998154956,3.20605234012018,-1.33230898324381,-1.15511658148965,0.0340092564910782,0.902356227555554,-1.9295580980962,-7.86135267324173,1.02646667601457,0.725413723952537,-1.84620252373148,0.130880276890351,-0.951285987273173,0.541173543762385,-0.476766419400161,0.100262235321804,0.0855216675768489,-0.348302282862549,-0.0474796627958284,-1.80187353948489,7.46589502899461,-3.12436989267256,1.22151075502647,-0.888300804995871,-0.859115752208609,0.0773109749602205,-0.0894759271125058,0.0722710238865157,4.49,0
164351.0,0.104169068524197,0.664858893352319,-0.479488385863509,-0.983767237063883,0.581641780232083,0.488198008383457,-0.135568595337346,0.572245361706942,0.234222727836066,-0.67421422841926,-0.402279381897754,1.26067847900806,1.55572656405875,0.116034731132129,-0.523325960064115,0.875054768444503,-1.48608795913857,1.21982879362631,-0.0194026673006907,-0.223249418394279,0.492562167538394,1.47341513499825,0.156898653241457,-0.306095364461825,-1.84193740927971,-0.600353827205374,0.291527014880246,0.299162705104842,3.5,0
42088.0,1.16359500784047,0.150655410026881,0.799079658650955,1.57283230951514,-0.688155723184255,-0.662769373385193,-0.0593662292456054,-0.0955592972386869,0.509763291992895,-0.117132813920319,-0.584261101682184,0.536766104943633,-0.247713692329254,-0.103821024630316,-0.472430785147291,-0.498849741065462,0.127396774525635,-0.491088091725932,-0.161603994748979,-0.171096130096149,-0.0381075602982057,0.132745606995212,-0.0827230160133745,0.73062078551945,0.6909842955492,-0.291549711052289,0.0374218774511653,0.0255321731576217,9.99,0
86534.0,-2.47921923997561,-1.59202225194851,-1.05691660282701,1.56169710868754,2.76354515752013,4.65898463423417,2.53645785554416,0.910191736412801,-2.10799045683429,-0.289157311535007,-0.847064702806107,-0.63414580664451,-0.434696757773935,0.403917882667543,-1.71714753845738,1.08368162425355,-1.23959417651669,-0.632782180648456,-2.79903924678168,1.45729444028435,0.302004045560886,-0.852909708079927,1.64722297669602,0.533303795241881,0.444698082270391,-0.451804433725254,-0.20789191273659,0.187380578943821,684.81,0
164536.0,2.06499655248798,0.0116417737821656,-1.9092306395645,0.199018625662654,0.607786365022157,-0.305895935288246,-0.0047275786447871,0.006232809495513,0.439956588029778,-0.175252953654441,0.503014893123553,0.0695880357471168,-1.07428742124208,-0.450198674832621,-0.334807986347314,0.707675783221532,0.111575689324251,0.485630247328595,0.532747276881749,-0.201692165086251,-0.357760880069438,-1.01485820158682,0.280911240220951,-0.0345531004105545,-0.262132534658287,0.188050698155372,-0.0746369036495764,-0.0479542392371019,1.98,0
28400.0,-0.92069849688396,0.568281122130811,2.85342937065847,-0.10380591511428,-0.675260165643766,-0.283821657049809,0.141718792427447,0.268441548870262,0.275596372518792,-0.899405317633889,-0.997237060292931,-0.979098744635157,-1.48877579303769,-0.0160091914927456,1.0266274203204,1.08696227690936,-0.990232575499478,0.870467895914044,-1.52443313855002,-0.158067151281143,0.301701830750825,0.687849463790801,-0.294312200294288,0.340672483671899,0.373897475920015,-0.373563657417039,0.0644607746382581,0.081154748418954,35.98,0
97235.0,0.973862076313057,-0.806875779926961,-3.06337957958661,2.12086502538774,0.884583496286994,-0.553379496965125,1.28900160862994,-0.468092323146385,0.896714706922301,-1.21788056155329,2.59255714640115,-1.4153451054664,2.30618668644429,-0.385456341224268,-1.71398700368942,0.251642633118129,2.18165111776917,1.18418202460072,-0.67253499515197,0.894047606536835,0.140783211852886,-0.302925657937797,-0.473329665463148,0.493877268905455,0.265763473978365,-0.639191975335377,-0.112286662369982,0.0752012406951147,529.0,0
46311.0,-0.999691860473923,0.446691319692157,0.48736263337738,0.702121008208479,0.28565895689445,1.85242567169639,1.78958082278059,-0.346926328083891,-0.649308009392216,0.36324900933628,0.315100733368331,0.541827875148771,1.40437131487372,-0.169810808453893,0.962265721332056,0.206452779484575,-0.98281681794496,0.279399444142418,1.44379653632594,-0.255035173883856,-0.402069063872962,-0.526712017361343,-0.0724422304408501,-1.70178454624932,-0.491990755270136,-0.585096769456356,-0.090549546013949,-0.125213393999363,300.0,0
56697.0,0.998454718650898,-1.21644579492985,0.577206820154451,-0.615413357126722,-1.05602944058765,0.572662195247418,-0.917237401733653,0.310618311879156,-0.582155135949563,0.56038033346449,1.56976834631344,0.195365616234948,-0.367348194759111,-0.142101829141951,0.0021216651944617,0.592276977220278,0.7706290531862,-1.68764424623692,0.164081380176065,0.249961690348401,0.347743931407221,0.770743536220417,-0.133969691581942,-0.24117004223303,0.269073956416709,-0.112352643720503,0.0294016564060385,0.0239927976060542,141.13,0
47393.0,-0.735496489777896,0.0524125948464551,2.29416789422252,-1.17687322912789,-0.0755766031155554,0.419550691509897,-0.060072542564211,-0.0379041877230919,1.05199650514253,-1.05069570119957,-0.542625893240273,0.446684807955003,1.34274073253237,-0.602350179380546,2.90410488144639,-0.630006507071307,-0.299116194826579,0.710730757194846,1.27385732999293,0.296372716546037,0.284842123617847,1.15390558447998,-0.426637191480723,-0.698474689526233,0.334686356993417,-0.332456355946292,-0.116208225259825,-0.0866471795384886,37.92,0
8393.0,-0.583879214910025,0.837191023097607,1.50295632250833,-0.0337820487725196,0.558054820466697,-0.111856000987888,0.736187249797972,-0.0802713246065195,0.632553566551574,-1.00951962601723,0.349008530328467,-2.52702766332737,2.0453619490143,1.6034607124645,0.321537349240593,-0.0720360883617801,0.472703026122327,-0.376610927811626,-0.262878557290647,0.0587143540580712,-0.241747208578642,-0.553236858803549,-0.0117141836288404,-0.479824832136641,-0.190598713923162,0.252203306821646,0.0178681307578379,0.0968772610018121,45.9,0
43678.0,-1.19222440085282,1.46542334815856,0.308404953326836,0.268015639291624,0.863199453172783,0.393030267697097,0.797168289692131,-0.0268198674952452,0.650638032757173,1.42583631934154,-1.54603659449613,-1.15157570878489,-0.902214501655761,-0.0206334280443002,1.60506311966078,-0.314175028294696,-0.503436869622282,0.150902658782761,0.474912805209003,0.564427903133168,-0.176563668708853,0.20007243467948,-0.254164323423616,-1.35521309097934,0.0772384125907664,-0.201768501005603,0.711949725664894,0.252774870183698,19.99,0
74191.0,0.0409189304090058,0.944241696313639,1.44809262017705,2.9623880547222,-0.36347910954956,0.0688456743435174,0.605848696940297,-0.0581241476864117,-1.21246940674773,0.758472612205649,-0.566139123935138,-0.0706544360064347,0.89133344703642,0.0283419590521275,1.121087378171,0.125692107072637,-0.220469365639335,0.257999253992292,0.535146111378447,0.295265114719481,0.279431643610869,0.761088287580124,0.355380888254876,0.402923905520811,-1.37498013805379,-0.0078384422515365,0.269470937548731,0.275084770570784,94.14,0
39234.0,-1.70481315757237,0.313390526983409,0.981706217969532,-0.543899408669496,0.71449444490133,0.170818584088865,0.522765250510294,-0.521540197024253,0.768687678673538,0.415126535797849,-0.948358739461074,0.453301274677728,1.10312937535243,-0.995369846358207,0.0088604890170369,-0.481399448004893,-0.197371825751704,-1.12360477641569,0.618884608434082,-0.45163177887424,-0.281910016905836,-0.376894586299716,-0.255992869013261,-0.659584853243888,-0.748115151366074,0.664579684397705,-1.14693667422602,0.271057490244258,47.19,0
44880.0,-1.25135289045691,0.195875295137275,1.70733083375379,-1.01328786953629,-0.69024620916842,0.833016167740439,-0.318246658956943,1.0309112745859,0.403612397803055,-1.15558361003364,0.960156245896606,1.23809202075282,-0.385023736200054,-0.14716063772414,-1.20438936766235,-0.137350959965766,0.326352567394499,-0.909012240310623,-0.740494280199832,0.0333278487825431,-0.0226055297877275,-0.0528482909645351,0.172579779364161,-0.246926749619635,-0.15016430120889,0.843709007819683,0.0782603960244478,-0.0312406220211242,79.54,0
20318.0,1.18001437361164,-0.59354768880923,0.182816786811959,-0.360502060643785,-0.928133153951263,-0.967612499439356,-0.22946464892313,-0.305656511724907,-0.0283773935225272,0.464333334958468,2.31391268203074,-1.98581114226081,1.64143438005398,1.93424759005156,-0.721541422486092,-1.3343618969997,0.620707733030928,1.45820098290062,-0.690216982940278,-0.339433080800603,-0.474114778805674,-0.892733754542318,-0.0069333926244009,0.501227021430621,0.195597539175359,0.932472938030107,-0.125069809564307,0.0027079395923673,102.45,0
65642.0,0.945762987900949,-0.459664449223893,0.545472135880737,1.00486575278973,-0.122704313422525,1.35841259258481,-0.581409330757037,0.384686011695745,0.470454854074771,-0.0204944036686477,0.0634936921890402,0.87950621124321,0.658302875942361,-0.17277925998928,0.202329217681525,0.580373749022902,-0.907300454218805,0.664669124630923,-0.0829882613554539,0.158297241705986,0.190696364622238,0.479938649853904,-0.349823773513634,-1.30847564102793,0.554287205625377,-0.159699337211894,0.0588857500874341,0.0301740897879403,125.0,0
79659.0,1.10469312161395,0.295175470219127,0.51174469915348,2.55113839016612,-0.122201565969464,-0.0783455457052663,0.0950271742989919,-0.009279604336333,-0.356886834718053,0.583347338250718,-1.31181988721046,-0.438145852977064,-0.644742218083449,0.183398150854741,-0.142315213589252,0.569427541198537,-0.500352562124381,-0.341295777907124,-0.529365967642304,-0.0875616693640274,-0.237589497015066,-0.780441172191413,-0.0377053075534249,-0.161623223271347,0.436126190308242,-0.120535660548603,-0.016508835170314,0.0269270074245576,56.71,0
75200.0,1.20516076173798,-0.0438775517560171,-0.24833531216755,1.10401215080818,0.358346923684858,0.592539033346802,-0.0350893052945468,0.161124842514223,0.634448981444852,-0.0876917423518379,-2.07119038756425,-0.813155502187562,-1.53880610670617,0.318450822365151,0.194074730499798,-0.233108914774061,-0.149804117302787,-0.31188256337661,0.16180464828557,-0.191019742284521,-0.195063630150648,-0.465631719072143,-0.241149652387548,-1.35139768712966,0.783150827998359,-0.223568847881582,0.0216271746387305,0.0034175649557542,37.9,0
48427.0,1.0167646341813,-0.059368149779113,0.213354520998996,1.25182865419984,0.0142557853716137,0.361632024484001,0.0511290696128581,0.13218185049409,0.0357745483570033,0.0115942058380748,0.876174286533043,1.14756525816786,-0.0762309182289709,0.243629375071595,-0.769196199342053,-0.423755672478138,-0.110572232838615,-0.368676363261706,0.0259783408538885,-0.0282618942053542,-0.0309237350769413,-0.0349333372493765,-0.17523035729108,-0.287677410447736,0.655577497237286,-0.316891335632241,0.0234886875315369,0.0142216446256585,75.0,0
100885.0,-0.483476035740275,0.836867489362184,-0.268879602161288,-2.72986327492153,1.18819478234679,-1.22199210233317,1.44036996087994,-0.695152957745914,-0.502315313788454,-0.470374393793582,-0.360608093812308,-3.22660572848246,2.54710815580941,1.33652487508418,-1.88556289351864,0.890758397203377,0.317366888184649,-1.41384880582965,-0.60364472823587,-0.125879110901999,0.254350859840683,0.826971762616746,-0.609211118264866,-0.696630127278303,0.759140090811436,-0.127633124349907,-0.277743244028376,0.0718051961637305,15.95,0
60475.0,-1.2071541495042,-0.639343047655989,0.391689288552697,-1.41897528300171,-0.814568562025723,-0.449195743447511,1.80550441638008,-0.151859674333812,0.956133899177539,-2.49585417404927,-0.835897672577259,-0.17719735496691,-0.401185385062472,-1.22097288509256,0.619452131924261,0.0561497713903191,0.441890770088977,1.00930855577807,0.0598156206294032,0.801927269819608,0.259409098368298,0.167674519981487,0.66269627885913,-0.261291147844122,0.234875249101896,-0.801642035224175,0.0451123683852414,0.199490949126386,402.54,0
68302.0,1.14882436263468,-0.0021084699360737,0.386644740357857,0.396311657804312,-0.31880729300897,-0.224229609831455,-0.158679632163473,0.10133655758118,-0.0811050967737861,0.0760086671642674,1.53500057106391,0.689714914591449,-0.540471874054586,0.603280469584371,0.659880214609187,0.194998055658568,-0.333645392045778,-0.253224882050723,-0.237618144158897,-0.119573313122705,-0.0042778438326769,-0.0609511411498256,0.0297712973805398,0.0431651911008309,0.233621688778171,0.404667232337963,-0.0348744836493195,0.0011866121867685,19.99,0
134012.0,1.84311275364738,-0.59655107859586,-1.72969932263142,0.233116399940625,1.88935446374365,3.99001150445346,-1.05131157220256,1.0356014377136,0.735764764996916,0.215210252776893,-0.153144398149674,0.292571687593056,0.0227555677756441,0.200239195318098,1.19607462128206,0.392068238431417,-0.877598280629178,0.227175978077569,-0.904106784578647,-0.0607026768568522,0.255071725883252,0.657047359002153,0.130229645312009,0.690107220748483,-0.0693405805884981,-0.546670993272018,0.0666032791679891,-0.0270204372274822,59.0,0
132487.0,-0.305102905638199,0.744613545529755,1.22800638144653,-0.796607771253428,0.715284079476978,0.684333164565782,0.422098700657082,0.172037066534051,-0.12255158411075,-0.767352205753293,-0.270875078447757,0.982419465290071,1.43414624579803,-0.232565063932423,-0.171788808556285,0.494153729422488,-1.22874464756864,0.813996072216259,1.16588066615762,0.0731153839979185,-0.143940996847641,-0.295437304382599,-0.289089107815333,-1.38677840547955,-0.132873343455185,-0.469410631032604,0.163259354767138,0.125801774514513,5.0,0
115569.0,2.20581517404037,-1.56326648795988,-0.723595195633882,-1.65359015957241,-1.34732032633338,-0.117419213949334,-1.44116239229083,0.0799775058377395,-1.20671435314038,1.7210886752106,0.616641059079034,-0.448316519559424,-0.291903311306806,-0.217373528974125,-0.607335144307816,-0.251495681430281,0.274056199306001,0.52688181866557,-0.0009550320829276,-0.418217495139711,-0.0893331082543614,0.143387058422967,0.288962108767216,0.665644591452388,-0.341795920028236,-0.225643331525279,0.0139685613820544,-0.0467443377778291,30.0,0
58684.0,0.552188239691524,-2.20210356706315,0.607116794899927,-0.204488293185966,-1.86911788948047,0.295244279114397,-0.760567995637091,0.167229786115399,-0.0097809936212158,0.392750623116453,0.442884891474064,-0.131273144316068,-0.827112794826677,-0.465330411978557,-1.20556718472399,1.12740347805356,0.384728136739923,-0.745233069628746,1.20817950564871,0.821054296699829,0.262586221994224,-0.0498055507952455,-0.386802442037341,0.022347133608867,0.220156162793535,-0.280187644570742,-0.0313738679717311,0.0789685171822222,407.74,0
78493.0,-0.388702542687408,1.0863379958125,1.265482295932,0.0129037787421864,0.219526423705812,-0.505960518371766,0.653771568092765,0.0562760379882835,-0.421534885133241,-0.5623599846517,0.0343331224938507,0.081167008399935,0.240960403395549,-0.429030324717298,1.1302747313292,0.0838551067181308,0.27858431974336,-0.604084575496335,-0.451216494441294,0.0971444806825549,-0.232870119730891,-0.563265384123301,0.0194600879933188,0.0263821444592535,-0.227516863034812,0.101003030093698,0.262105651684685,0.0953867373003812,5.99,0
157919.0,2.09197169136571,0.0687219450774321,-3.8188375150935,-0.652842000157968,3.14274578217089,2.63383431381525,0.139801174064295,0.53522830440046,-0.196245790875915,-0.239075344722302,0.473904382455054,-0.0718214917982835,-0.325591434711489,-0.248767140037801,0.815179843740933,-0.0375959810913961,0.528569745432951,-0.280729046744247,-0.338025403835938,-0.111579824373858,0.0123578893869716,0.0263296010496553,0.0550755644958474,0.66103493935876,0.271985819138783,0.636178815286168,-0.083020013827179,-0.0604894970669956,7.5,0
38900.0,-2.78805051600475,-0.438606782152293,-0.245670735975082,-0.929764357287539,0.0316247218855391,-1.13768675032233,0.390215523691574,0.791913390753526,-0.542437561581339,-1.0896014089202,-1.2746794923555,0.826812038182131,1.70941230709881,0.46994986502536,0.209507429806553,0.850552170517547,-0.606024465254885,-0.279885669244832,-0.420680398858837,1.27359584673371,0.194561158325378,-0.773918318758615,0.237193886154232,-0.425461374646113,-0.0559041691431339,0.637445276453012,-0.385492327521689,0.261324734602621,29.0,0
56791.0,1.23074921770037,0.233695892060277,0.171160266817929,0.509639596836855,-0.22128960429844,-0.576794051328495,-0.0689480150700584,0.0049023459094759,-0.0949347420281526,-0.0932373507720736,1.2149677753273,0.428761401293662,-0.527740924913644,0.034677575128102,0.497601209647709,0.805157005245241,-0.333755236751229,0.393049519257439,0.218903583018236,-0.100106524176467,-0.264211635841035,-0.838880030310247,0.082666155093268,-0.0566950408110039,0.204212555792627,0.0994607180528806,-0.0325846721184841,0.0162250480846546,4.49,0
73653.0,1.20227389432249,0.47878931024585,0.370272137332949,2.18650330584268,0.199834505679726,0.238359648730216,-0.0367393698471192,0.117280792137173,-0.838092680055011,0.875796908488143,0.324801539841298,0.0002101512833259,-0.499802461815216,0.546131731153618,-0.0328228457922052,1.1832591651636,-1.15865440416936,0.536480767624841,-0.401266648502015,-0.15100497047122,-0.0818306577978487,-0.342831791584196,-0.0856092238459792,-0.540838834156651,0.480826892439665,-0.0379326443560366,-0.0177421298058951,0.0047838663132386,4.57,0
154451.0,1.98245977151027,-0.315605765723193,-0.883372621709007,0.223602914094051,-0.453254750455317,-1.14838983177185,-0.0603147157458586,-0.189551957391853,0.756456191412812,0.108179622501851,-0.877664408251033,-0.44420564812934,-1.24819615397876,0.612177154872735,1.01714289953579,0.542005348331915,-0.544080979721893,-0.58435910547752,0.0717910973563463,-0.204762434746251,-0.460855685285647,-1.49613968254993,0.517631884754015,-0.197866790707572,-0.764085086819077,0.0282446029885823,-0.0843203438616417,-0.0457209698016555,43.17,0
146782.0,1.89494675157872,-0.40458808752462,-1.3752015695888,0.326924906234204,0.0300306378219913,-0.545554824159897,0.0453858846325531,-0.128660495741966,0.307145249451989,0.337482385266595,0.515176801351102,0.407076418097979,-0.529033215727435,0.698848332444366,0.14708988553816,0.451327584557157,-0.881954914860287,0.420359600856128,0.0587628590691006,-0.0817313258121187,0.206498202769706,0.475335135804452,-0.0143491054257888,-0.523678567851355,-0.0487100382172472,0.39520253340384,-0.0787195816525927,-0.0643071671663822,80.94,0
164336.0,-0.846914497851622,0.7098353021595,-0.718229624271627,-2.14017478355678,3.11315868127196,3.52993675515008,0.797387603509583,0.942020679058426,-0.217179451036686,-2.03879174207152,0.0436496672464701,-0.23750747372536,-0.639051234615458,-1.35692907216137,-0.286625267108384,0.0910041175811584,0.787365675096562,0.0222964735722951,-0.555621919589982,0.0761692710703009,-0.222235154360668,-0.750744859782507,-0.297788729478935,0.572467862083686,0.863102515329285,-0.0299092192197571,0.0018982604342621,0.0703790291609794,63.22,0
163701.0,0.112868529108839,0.228331629553906,0.795604251837576,-0.481091351647863,-0.0384572591029115,-0.128643857808406,0.281748917848308,0.128270088616593,0.0992064165152294,-0.350417100947378,0.40315062481784,0.548637098622897,-0.11605785055119,0.0870188845255505,-0.358306066759603,0.54955102467955,-0.821136449550164,0.340062214202968,0.643063418208561,0.0068989182232656,-0.095120920989135,-0.32959814841366,0.316697407199392,-0.381932900111327,-1.25877852695212,0.17878862371349,0.0872003478005404,0.106415600490192,45.95,0
1994.0,-2.62464902581014,-1.92082114896077,3.41922841593074,1.21640892677655,-0.213410624615776,0.60552054790244,-0.203788527851061,0.279095685217216,1.48189911394489,-0.914861909491725,-1.08554927483084,0.530187281734661,-0.257935582144258,-1.60241153155159,-1.63743731082633,-0.604145160091681,0.253605124670704,-0.37462651441891,-0.831861526259997,-0.200152714155227,0.0700228346651104,1.0977274728144,0.87073459863027,0.447072553240181,0.772014033870296,-0.164812438490292,0.0338103417762567,-0.187908198924359,177.0,0
67637.0,1.15318439464476,0.165679594446479,0.392458315036984,1.40076607252889,-0.181719563196124,-0.185647868011283,0.0540098222038462,0.0017363238675776,0.339173269009423,-0.117935499112226,-0.591541827707934,0.357825055485895,-0.453548113761879,0.1314730051528,-0.0577266483244478,-0.707190935710545,0.282256460500536,-0.937311512507679,-0.367401315134583,-0.198999706744482,-0.101973184862716,-0.0859865205635655,-0.0632524497853,0.0863114058724612,0.650118707055465,-0.312352603285109,0.0366525658394661,0.0163696556480741,14.27,0
171330.0,-0.505670996161824,0.781832899302255,0.401183050457558,-1.16875527691233,1.53962264738944,1.10338437782487,0.90461345624908,0.122459867601228,-0.161215797154039,-0.0806575524137057,1.00414678832766,0.80909331742709,0.110445780272173,0.032324304970044,-0.20867352864795,-0.695704591351957,-0.16187245659783,-1.45852688757463,-0.594871911600332,-0.008002566868393,-0.225825234421248,-0.359484356150609,-0.125716819053334,-1.63317325317985,-0.171464420989691,0.283539788652583,-0.207082760101652,-0.183077121407865,1.79,0
154491.0,1.93505236883893,-0.144651665345551,-0.270333051600847,1.58792181270263,-0.435434258053177,-0.299874556965643,-0.271651306448318,0.0053418490843727,1.21837382572068,-0.0070557663856831,-1.30205081272557,0.610724849393181,-0.484719143774932,-0.209336517017481,-1.14075514798225,-0.473619431358974,0.02377660701564,-0.942412640903617,0.143325952578726,-0.328862300570096,-0.524760906183465,-1.20383775286434,0.452869685640684,-0.10566496966372,-0.341250519240472,-1.10067299830957,0.0571818244048631,-0.0322039254423888,2.5,0
88201.0,-1.06504096479368,1.8077919305968,0.0965966418560526,-1.50775815243002,2.07584483799066,0.159701864242493,2.38992221730118,-2.72007279573328,2.51509084073088,4.28817116544582,1.52567161505677,0.266225544562476,0.639585400982885,-2.0020964655108,0.151261756992762,-1.10299774726008,-1.84629639616602,0.282268770050022,0.208509612269003,1.6130220640681,0.470316086941643,1.20997632369626,-0.309188680031247,0.237075693456819,-0.533120558601604,-0.457384667451861,-0.0923158749272213,-1.19888790718115,1.79,0
156729.0,-0.980775430788919,0.894104860013234,0.735865168460464,-0.169166139747823,0.437039715590616,-0.348388459574678,0.366996515988525,0.476505297928332,-0.939703789196191,-0.619969764020356,0.156049138589463,0.019136765521418,-1.01665759586533,0.96579721066035,-0.138572128105991,-0.0754325313971863,-0.0526602029143944,0.257977534547684,1.75740785215317,-0.006417407909219,-0.20799095114869,-0.855631105447519,-0.298530029791393,-0.502181854360896,0.363434655042526,0.515001014864348,-0.142291071628018,-0.0695003168535967,2.68,0
141796.0,-9.98729057187647,-8.25114480342494,-3.97860530411614,-0.0899968868145129,-3.99676948227548,3.60197134187389,3.92533978804591,0.297266499584187,-0.702304799318971,-0.952018589929856,0.668425947015728,0.0915321747818349,0.567938707607114,0.0980212128588729,0.119982874162036,2.29767753575112,0.520204689765841,-2.36898551422185,0.0847144466842191,-3.12090517606283,-1.15631362767744,-0.80861550459018,-0.841085056201576,-0.647292894803977,0.400372859391144,-0.534505242259325,-0.591220182537722,0.558175087638177,845.85,0
54963.0,-7.20780006659516,-3.83205725844138,-0.697381308182772,0.19991176274082,0.103826636416089,1.03391266782148,-6.45259394496905,-10.0907715985522,-2.67321141883468,-0.332204262641946,0.369632107387548,0.524642663663101,-0.823679586724721,1.14892503422563,-0.303724204881154,0.170450154704043,1.6209499067267,0.115314490906184,1.42135242196765,-1.51188794641495,-6.67538873071641,1.60306115991066,3.58733422722975,-0.299234631622268,-0.031310184196893,-0.107078882252444,1.70510708525274,-0.870278245710119,36.24,0
78318.0,-0.298693551991449,1.17832226926021,1.74279846561599,0.795967234810114,0.320740228317239,-0.605508456974358,1.00432827701083,-0.465366386416585,-0.66190640356677,0.0081888630191821,-0.110275716288253,0.669350358592426,1.67162304805984,-0.287230209660916,0.998355472630816,-0.37669515304444,-0.427561290548291,-0.14246276232405,0.446365712528918,0.160486379250477,0.0434174441182442,0.365917543201753,-0.185797928461169,0.4296998803799,-0.225608214381867,-0.463129469831858,-0.125411099643935,-0.0712028227277726,2.5,0
